分组,刊名,期次/日期,文章标题,作者,来源/栏目,链接,抓取时间
news,光明日报·理论版,光明日报·理论版,,English,,光明日报·理论版,https://en.gmw.cn/,2026-08-20 03:43:20
news,光明日报·理论版,光明日报·理论版,,光明图片,,光明日报·理论版,https://pic.gmw.cn/,2026-08-20 03:43:20
news,光明日报·理论版,光明日报·理论版,,我要投稿,,光明日报·理论版,mailto:net@gmw.cn,2026-08-20 03:43:20
news,光明日报·理论版,光明日报·理论版,,光明报系,,光明日报·理论版,https://epaper.gmw.cn/,2026-08-20 03:43:20
news,光明日报·理论版,光明日报·理论版,,更多>>,,光明日报·理论版,https://www.gmw.cn/map.htm,2026-08-20 03:43:20
news,光明日报·理论版,光明日报·理论版,,理论导读,,光明日报·理论版,https://theory.gmw.cn/node_41267.htm,2026-08-20 03:43:20
news,光明日报·理论版,光明日报·理论版,,光明网专论,,光明日报·理论版,https://theory.gmw.cn/node_97034.htm,2026-08-20 03:43:20
news,光明日报·理论版,光明日报·理论版,,光明独家,,光明日报·理论版,https://theory.gmw.cn/node_47530.htm ,2026-08-20 03:43:20
news,光明日报·理论版,光明日报·理论版,,百场讲坛,,光明日报·理论版,https://topics.gmw.cn/bcjt/,2026-08-20 03:43:20
news,光明日报·理论版,光明日报·理论版,,理论视频,,光明日报·理论版,https://theory.gmw.cn/node_162574.htm,2026-08-20 03:43:20
news,光明日报·理论版,光明日报·理论版,,理论图解,,光明日报·理论版,https://theory.gmw.cn/node_162576.htm,2026-08-20 03:43:20
news,光明日报·理论版,光明日报·理论版,,文章精选,,光明日报·理论版,https://theory.gmw.cn/node_10133.htm,2026-08-20 03:43:20
news,光明日报·理论版,光明日报·理论版,,理论专题,,光明日报·理论版,https://theory.gmw.cn/node_10128.htm,2026-08-20 03:43:20
news,光明日报·理论版,光明日报·理论版,,江泽民有关社会建设系列论述的理论内涵与时代价值,,光明日报·理论版,http://theory.gmw.cn/2026-08/19/content_38951390.htm,2026-08-20 03:43:20
news,光明日报·理论版,光明日报·理论版,,推进体制机制创新 加快培育发展新质生产力,,光明日报·理论版,https://news.gmw.cn/2026-08/19/content_38950233.htm,2026-08-20 03:43:20
news,光明日报·理论版,光明日报·理论版,,推动“人工智能+思政教育”走深走实,,光明日报·理论版,https://news.gmw.cn/2026-08/19/content_38950232.htm,2026-08-20 03:43:20
news,光明日报·理论版,光明日报·理论版,,发展智能经济新形态,,光明日报·理论版,https://news.gmw.cn/2026-08/18/content_38948325.htm,2026-08-20 03:43:20
news,光明日报·理论版,光明日报·理论版,,江泽民有关社会建设系列论述的理论内涵与时代价值,,光明日报·理论版,https://theory.gmw.cn/2026-08/19/content_38951390.htm,2026-08-20 03:43:20
news,光明日报·理论版,光明日报·理论版,,首份消费领域国家级专项规划的战略深意,,光明日报·理论版,https://theory.gmw.cn/2026-08/04/content_38925645.htm,2026-08-20 03:43:20
news,光明日报·理论版,光明日报·理论版,,跨越文化间距 全面提升国际传播效能,,光明日报·理论版,https://theory.gmw.cn/2026-04/09/content_38697892.htm,2026-08-20 03:43:20
news,光明日报·理论版,光明日报·理论版,,“理响中国·文化旗帜”党校公开课第14季,,光明日报·理论版,https://topics.gmw.cn/node_166993.htm,2026-08-20 03:43:20
news,光明日报·理论版,光明日报·理论版,,理响中国·铿锵有理|经济向好有底气,,光明日报·理论版,https://topics.gmw.cn/node_166533.htm,2026-08-20 03:43:20
news,光明日报·理论版,光明日报·理论版,,人文经济学,,光明日报·理论版,https://topics.gmw.cn/node_165153.htm,2026-08-20 03:43:20
news,光明日报·理论版,光明日报·理论版,,理响中国·春江水暖鸭先知,,光明日报·理论版,https://topics.gmw.cn/node_164576.htm,2026-08-20 03:43:20
news,光明日报·理论版,光明日报·理论版,,把中国式现代化美好图景变为现实,,光明日报·理论版,https://topics.gmw.cn/node_161019.htm,2026-08-20 03:43:20
news,光明日报·理论版,光明日报·理论版,,在改革开放中开辟广阔前景,,光明日报·理论版,https://topics.gmw.cn/node_161185.htm,2026-08-20 03:43:20
news,光明日报·理论版,光明日报·理论版,,从“一出戏”到“一座城”，演艺新空间培育消费新动能,,光明日报·理论版,https://theory.gmw.cn/2026-08/14/content_38943596.htm,2026-08-20 03:43:20
news,光明日报·理论版,光明日报·理论版,,高标准劳动力市场体系支撑未来产业培育,,光明日报·理论版,https://theory.gmw.cn/2026-06/23/content_38843308.htm,2026-08-20 03:43:20
news,光明日报·理论版,光明日报·理论版,,AI时代的就业政策重在“组合拳”,,光明日报·理论版,https://theory.gmw.cn/2026-06/10/content_38821275.htm,2026-08-20 03:43:20
news,光明日报·理论版,光明日报·理论版,,推动城市低空经济安全可持续发展,,光明日报·理论版,https://theory.gmw.cn/2026-06/01/content_38804681.htm,2026-08-20 03:43:20
news,光明日报·理论版,光明日报·理论版,,旅居热潮背后的消费新蓝海,,光明日报·理论版,https://theory.gmw.cn/2026-05/20/content_38777128.htm,2026-08-20 03:43:20
news,光明日报·理论版,光明日报·理论版,,绿色税收制度是建设美丽中国的重要支撑,,光明日报·理论版,https://theory.gmw.cn/2026-08/19/content_38951391.htm,2026-08-20 03:43:20
news,光明日报·理论版,光明日报·理论版,,[详情],,光明日报·理论版,https://theory.gmw.cn/2026-08/19/content_38951391.htm,2026-08-20 03:43:20
news,光明日报·理论版,光明日报·理论版,,不断推进城市治理体系和治理能力现代化,,光明日报·理论版,https://theory.gmw.cn/2026-08/18/content_38949517.htm,2026-08-20 03:43:20
news,光明日报·理论版,光明日报·理论版,,构建自主完备、开放高效的国家创新体系,,光明日报·理论版,https://theory.gmw.cn/2026-08/17/content_38947537.htm,2026-08-20 03:43:20
news,光明日报·理论版,光明日报·理论版,,固根基守正道 破藩篱开新局,,光明日报·理论版,https://theory.gmw.cn/2026-08/12/content_38940220.htm,2026-08-20 03:43:20
news,光明日报·理论版,光明日报·理论版,,[详情],,光明日报·理论版,https://theory.gmw.cn/2026-08/12/content_38940220.htm,2026-08-20 03:43:20
news,光明日报·理论版,光明日报·理论版,,“妈祖”赋能全球气象预警,,光明日报·理论版,https://theory.gmw.cn/2026-08/20/content_38953145.htm,2026-08-20 03:43:20
news,光明日报·理论版,光明日报·理论版,,数智技术赋能城市现代化治理,,光明日报·理论版,https://theory.gmw.cn/2026-08/18/content_38949481.htm,2026-08-20 03:43:20
news,光明日报·理论版,光明日报·理论版,,以治理创新提升宏观经济治理效能,,光明日报·理论版,https://theory.gmw.cn/2026-08/14/content_38944130.htm,2026-08-20 03:43:20
news,光明日报·理论版,光明日报·理论版,,走进青年圈层，讲活时代理论,,光明日报·理论版,https://theory.gmw.cn/2026-08/14/content_38943804.htm,2026-08-20 03:43:20
news,光明日报·理论版,光明日报·理论版,,稳住外贸外资基本盘,,光明日报·理论版,https://theory.gmw.cn/2026-08/13/content_38941142.htm,2026-08-20 03:43:20
news,光明日报·理论版,光明日报·理论版,,全面认识习近平经济思想的理论贡献,,光明日报·理论版,https://theory.gmw.cn/2026-08/12/content_38939916.htm,2026-08-20 03:43:20
news,光明日报·理论版,光明日报·理论版,,诗意栖居：中国古代休闲文化,,光明日报·理论版,https://news.gmw.cn/2026-08/19/content_38950134.htm,2026-08-20 03:43:20
news,光明日报·理论版,光明日报·理论版,,西方休闲文化的源流与精神,,光明日报·理论版,https://news.gmw.cn/2026-08/19/content_38950133.htm,2026-08-20 03:43:20
news,光明日报·理论版,光明日报·理论版,,智能经济促进消费新场景扩容,,光明日报·理论版,https://news.gmw.cn/2026-08/18/content_38948324.htm,2026-08-20 03:43:20
news,光明日报·理论版,光明日报·理论版,,构建“人文要素”市场,,光明日报·理论版,https://news.gmw.cn/2026-08/18/content_38948263.htm,2026-08-20 03:43:20
news,光明日报·理论版,光明日报·理论版,,AI算力主权,,光明日报·理论版,https://news.gmw.cn/2026-08/18/content_38948262.htm,2026-08-20 03:43:20
news,光明日报·理论版,光明日报·理论版,,面向新型能源体系的能源安全观念,,光明日报·理论版,https://news.gmw.cn/2026-08/18/content_38948261.htm,2026-08-20 03:43:20
news,光明日报·理论版,光明日报·理论版,,党的创新理论传播的实践体悟,,光明日报·理论版,https://theory.gmw.cn/2026-08/10/content_38935450.htm,2026-08-20 03:43:20
news,光明日报·理论版,光明日报·理论版,,共建美美与共的文明百花园,,光明日报·理论版,http://theory.gmw.cn/2025-11/18/content_38406071.htm,2026-08-20 03:43:20
news,光明日报·理论版,光明日报·理论版,,展现可信、可爱、可敬的中国形象,,光明日报·理论版,http://theory.gmw.cn/2025-11/17/content_38406072.htm,2026-08-20 03:43:20
news,光明日报·理论版,光明日报·理论版,,守护好中华民族的文化瑰宝,,光明日报·理论版,http://theory.gmw.cn/2025-11/14/content_38406067.htm,2026-08-20 03:43:20
news,光明日报·理论版,光明日报·理论版,,把最好的精神食粮奉献给人民,,光明日报·理论版,http://theory.gmw.cn/2025-11/13/content_38406038.htm,2026-08-20 03:43:20
news,光明日报·理论版,光明日报·理论版,,唱响主旋律、弘扬正能量,,光明日报·理论版,http://theory.gmw.cn/2025-11/12/content_38406039.htm,2026-08-20 03:43:20
news,光明日报·理论版,光明日报·理论版,,像石榴籽一样紧紧抱在一起,,光明日报·理论版,http://theory.gmw.cn/2025-11/11/content_38403981.htm,2026-08-20 03:43:20
news,光明日报·理论版,光明日报·理论版,,“核心价值观百场讲坛”第171场,,光明日报·理论版,https://topics.gmw.cn/bcjt/node_159013.htm,2026-08-20 03:43:20
news,光明日报·理论版,光明日报·理论版,,王延中：弘扬社会主义核心价值观 铸牢中华民族共同体意识,,光明日报·理论版,https://news.gmw.cn/2026-08/16/content_38945716.htm,2026-08-20 03:43:20
news,光明日报·理论版,光明日报·理论版,,刘景凤：大力弘扬工匠精神 勇担技能报国使命,,光明日报·理论版,https://news.gmw.cn/2026-07/01/content_38860037.htm,2026-08-20 03:43:20
news,光明日报·理论版,光明日报·理论版,,彭凤莲：从六尺巷看中国传统礼让文化的当代价值,,光明日报·理论版,https://news.gmw.cn/2026-05/29/content_38796471.htm,2026-08-20 03:43:20
news,光明日报·理论版,光明日报·理论版,,朱杰人：从“第二个结合”看朱子理学的敬业之道,,光明日报·理论版,https://news.gmw.cn/2026-03/28/content_38675961.htm,2026-08-20 03:43:20
news,光明日报·理论版,光明日报·理论版,,蒋乾麟：以雷锋精神引导青少年成长成才,,光明日报·理论版,https://news.gmw.cn/2026-03/21/content_38660607.htm,2026-08-20 03:43:20
news,光明日报·理论版,光明日报·理论版,,向 勇：坚持以核心价值观为引领 推动文化和科技融合发展,,光明日报·理论版,https://news.gmw.cn/2026-01/06/content_38520301.htm,2026-08-20 03:43:20
news,光明日报·理论版,光明日报·理论版,,文史科教,,光明日报·理论版,https://theory.gmw.cn/node_10141.htm,2026-08-20 03:43:20
news,光明日报·理论版,光明日报·理论版,,国际关系,,光明日报·理论版,https://theory.gmw.cn/node_10139.htm,2026-08-20 03:43:20
news,光明日报·理论版,光明日报·理论版,,经济社会,,光明日报·理论版,https://theory.gmw.cn/node_10145.htm,2026-08-20 03:43:20
news,光明日报·理论版,光明日报·理论版,,党建政治,,光明日报·理论版,https://theory.gmw.cn/node_4227.htm,2026-08-20 03:43:20
news,光明日报·理论版,光明日报·理论版,,理论综合,,光明日报·理论版,https://theory.gmw.cn/node_4403.htm,2026-08-20 03:43:20
news,光明日报·理论版,光明日报·理论版,,以丰富国际公共产品供给引领人工智能全球治理,,光明日报·理论版,https://theory.gmw.cn/2026-08/20/content_38952708.htm,2026-08-20 03:43:20
news,光明日报·理论版,光明日报·理论版,,为携手构建公正合理的全球人工智能治理体系贡献中国方案,,光明日报·理论版,https://theory.gmw.cn/2026-08/20/content_38952620.htm,2026-08-20 03:43:20
news,光明日报·理论版,光明日报·理论版,,人工智能何以向上向善,,光明日报·理论版,https://theory.gmw.cn/2026-08/19/content_38950749.htm,2026-08-20 03:43:20
news,光明日报·理论版,光明日报·理论版,,深化对“第二个结合”的理解与把握,,光明日报·理论版,https://theory.gmw.cn/2026-08/19/content_38950608.htm,2026-08-20 03:43:20
news,光明日报·理论版,光明日报·理论版,,中华民族共同体的历史演进,,光明日报·理论版,https://theory.gmw.cn/2026-08/19/content_38950478.htm,2026-08-20 03:43:20
news,光明日报·理论版,光明日报·理论版,,系统推动传统村落活化传承,,光明日报·理论版,https://theory.gmw.cn/2026-08/18/content_38949820.htm,2026-08-20 03:43:20
news,光明日报·理论版,光明日报·理论版,,全球文明倡议的内涵与底蕴,,光明日报·理论版,https://theory.gmw.cn/2026-08/20/content_38952749.htm,2026-08-20 03:43:20
news,光明日报·理论版,光明日报·理论版,,推动中美深度协作赋能全球人工智能治理,,光明日报·理论版,https://theory.gmw.cn/2026-08/14/content_38943496.htm,2026-08-20 03:43:20
news,光明日报·理论版,光明日报·理论版,,深学笃行习近平外交思想 奋力开创中国特色大国外交新局面,,光明日报·理论版,https://theory.gmw.cn/2026-08/12/content_38939063.htm,2026-08-20 03:43:20
news,光明日报·理论版,光明日报·理论版,,谱写习近平外交思想研究新篇章,,光明日报·理论版,https://theory.gmw.cn/2026-08/11/content_38936814.htm,2026-08-20 03:43:20
news,光明日报·理论版,光明日报·理论版,,全国统一大市场迈入制度性构建,,光明日报·理论版,https://theory.gmw.cn/2026-08/11/content_38936796.htm,2026-08-20 03:43:20
news,光明日报·理论版,光明日报·理论版,,深化基础研究国际交流合作 提高原始创新能力,,光明日报·理论版,https://theory.gmw.cn/2026-08/11/content_38936755.htm,2026-08-20 03:43:20
news,光明日报·理论版,光明日报·理论版,,深挖乡村创业场景资源,,光明日报·理论版,https://theory.gmw.cn/2026-08/20/content_38953618.htm,2026-08-20 03:43:20
news,光明日报·理论版,光明日报·理论版,,全力释放科技赋能产业的潜力,,光明日报·理论版,https://theory.gmw.cn/2026-08/20/content_38953578.htm,2026-08-20 03:43:20
news,光明日报·理论版,光明日报·理论版,,中国养老服务的顶层设计与底层创新,,光明日报·理论版,https://theory.gmw.cn/2026-08/20/content_38953523.htm,2026-08-20 03:43:20
news,光明日报·理论版,光明日报·理论版,,以开放促改革促发展,,光明日报·理论版,https://theory.gmw.cn/2026-08/20/content_38952797.htm,2026-08-20 03:43:20
news,光明日报·理论版,光明日报·理论版,,良法善治护航未来产业发展,,光明日报·理论版,https://theory.gmw.cn/2026-08/20/content_38952764.htm,2026-08-20 03:43:20
news,光明日报·理论版,光明日报·理论版,,梯度培育推动未来产业实现新突破,,光明日报·理论版,https://theory.gmw.cn/2026-08/20/content_38952714.htm,2026-08-20 03:43:20
news,光明日报·理论版,光明日报·理论版,,从群众期盼中找准工作着力点,,光明日报·理论版,https://theory.gmw.cn/2026-08/19/content_38950946.htm,2026-08-20 03:43:20
news,光明日报·理论版,光明日报·理论版,,以政治建军高质量保证国防和军队现代化建设高质量,,光明日报·理论版,https://theory.gmw.cn/2026-08/19/content_38950485.htm,2026-08-20 03:43:20
news,光明日报·理论版,光明日报·理论版,,决策如何做到科学合理,,光明日报·理论版,https://theory.gmw.cn/2026-08/19/content_38950413.htm,2026-08-20 03:43:20
news,光明日报·理论版,光明日报·理论版,,不断深化对习近平党建思想的理解把握,,光明日报·理论版,https://theory.gmw.cn/2026-08/18/content_38949616.htm,2026-08-20 03:43:20
news,光明日报·理论版,光明日报·理论版,,持续学习 凝心铸魂,,光明日报·理论版,https://theory.gmw.cn/2026-08/18/content_38948776.htm,2026-08-20 03:43:20
news,光明日报·理论版,光明日报·理论版,,心正 事正 政绩正,,光明日报·理论版,https://theory.gmw.cn/2026-08/18/content_38948711.htm,2026-08-20 03:43:20
news,光明日报·理论版,光明日报·理论版,,聚焦生动实践回应理论关切,,光明日报·理论版,https://theory.gmw.cn/2026-08/19/content_38950639.htm,2026-08-20 03:43:20
news,光明日报·理论版,光明日报·理论版,,支持基础研究贵在长期稳定,,光明日报·理论版,https://theory.gmw.cn/2026-08/19/content_38950570.htm,2026-08-20 03:43:20
news,光明日报·理论版,光明日报·理论版,,如何构建适应国际秩序重塑的自主知识体系,,光明日报·理论版,https://theory.gmw.cn/2026-08/17/content_38946969.htm,2026-08-20 03:43:20
news,光明日报·理论版,光明日报·理论版,,构建自主完备、开放高效的国家创新体系,,光明日报·理论版,https://theory.gmw.cn/2026-08/17/content_38946687.htm,2026-08-20 03:43:20
news,光明日报·理论版,光明日报·理论版,,不断提升中国哲学社会科学的主体性和原创性,,光明日报·理论版,https://theory.gmw.cn/2026-08/14/content_38943425.htm,2026-08-20 03:43:20
news,光明日报·理论版,光明日报·理论版,,《生态环境法典》的开创性贡献,,光明日报·理论版,https://theory.gmw.cn/2026-08/10/content_38934727.htm,2026-08-20 03:43:20
news,光明日报·理论版,光明日报·理论版,,微视频：“村”字号火爆全球魅力何在,,光明日报·理论版,https://theory.gmw.cn/2026-01/02/content_38554039.htm,2026-08-20 03:43:20
news,光明日报·理论版,光明日报·理论版,,微视频：文明交响曲：每个声部都精彩,,光明日报·理论版,https://theory.gmw.cn/2026-01/01/content_38553863.htm,2026-08-20 03:43:20
news,光明日报·理论版,光明日报·理论版,,微视频：China Travel为啥成了流量密码？,,光明日报·理论版,https://theory.gmw.cn/2025-12/23/content_38492948.htm,2026-08-20 03:43:20
news,光明日报·理论版,光明日报·理论版,,微视频：中国故事怎么讲？,,光明日报·理论版,https://theory.gmw.cn/2025-12/22/content_38490383.htm,2026-08-20 03:43:20
news,光明日报·理论版,光明日报·理论版,,微视频：宋锦如何“活”在当下？,,光明日报·理论版,https://theory.gmw.cn/2025-12/19/content_38486600.htm,2026-08-20 03:43:20
news,光明日报·理论版,光明日报·理论版,,微视频：千年文脉何以生生不息？,,光明日报·理论版,http://theory.gmw.cn/2025-12/18/content_38484219.htm,2026-08-20 03:43:20
news,光明日报·理论版,光明日报·理论版,,微视频：图书馆何以成为城市的心灵港湾？,,光明日报·理论版,http://theory.gmw.cn/2025-12/17/content_38482014.htm,2026-08-20 03:43:20
news,光明日报·理论版,光明日报·理论版,,微视频：10元票价的苏超为何成为全民派对,,光明日报·理论版,http://theory.gmw.cn/2025-12/16/content_38479459.htm,2026-08-20 03:43:20
news,光明日报·理论版,光明日报·理论版,,世界第一！40亿千瓦家底铸牢中国能源底座,,光明日报·理论版,https://theory.gmw.cn/2026-07/31/content_38919621.htm,2026-08-20 03:43:20
news,光明日报·理论版,光明日报·理论版,,数字福建探新路，乘“数”而上正当时,,光明日报·理论版,https://theory.gmw.cn/2026-07/23/content_38902786.htm,2026-08-20 03:43:20
news,光明日报·理论版,光明日报·理论版,,解码数字福建，乘势而上正青春,,光明日报·理论版,https://theory.gmw.cn/2026-07/09/content_38875718.htm,2026-08-20 03:43:20
news,光明日报·理论版,光明日报·理论版,,房子“升级” 日子“上新”,,光明日报·理论版,https://theory.gmw.cn/2026-06/26/content_38850082.htm,2026-08-20 03:43:20
news,光明日报·理论版,光明日报·理论版,,你的钱花在体验上了吗？,,光明日报·理论版,https://theory.gmw.cn/2026-06/11/content_38823502.htm,2026-08-20 03:43:20
news,光明日报·理论版,光明日报·理论版,,看“苏超”，逛“烟火”，换个花样游江苏,,光明日报·理论版,https://theory.gmw.cn/2026-06/05/content_38813506.htm,2026-08-20 03:43:20
news,光明日报·理论版,光明日报·理论版,,这碗米背后，是中国农业的“硬核实力”,,光明日报·理论版,https://theory.gmw.cn/2026-06/05/content_38813504.htm,2026-08-20 03:43:20
news,光明日报·理论版,光明日报·理论版,,假日经济“热”力全开,,光明日报·理论版,https://theory.gmw.cn/2026-05/15/content_38765000.htm,2026-08-20 03:43:20
news,光明日报·理论版,光明日报·理论版,,“苏超”如何吹响消费集结号,,光明日报·理论版,https://theory.gmw.cn/2026-05/14/content_38764018.htm,2026-08-20 03:43:20
news,光明日报·理论版,光明日报·理论版,,一图看懂“树立和践行正确政绩观”,,光明日报·理论版,https://theory.gmw.cn/2026-04/10/content_38700402.htm,2026-08-20 03:43:20
news,光明日报·理论版,光明日报·理论版,,《习近平关于民政工作论述摘编》出版发行,,光明日报·理论版,https://theory.gmw.cn/2025-10/29/content_38376774.htm,2026-08-20 03:43:20
news,光明日报·理论版,光明日报·理论版,,习近平同志《论坚持全面深化改革》第一卷、第二卷出版发行,,光明日报·理论版,https://theory.gmw.cn/2025-10/29/content_38376742.htm,2026-08-20 03:43:20
news,光明日报·理论版,光明日报·理论版,,《习近平生态文明文选》第一卷出版发行,,光明日报·理论版,https://theory.gmw.cn/2025-10/29/content_38376771.htm,2026-08-20 03:43:20
news,光明日报·理论版,光明日报·理论版,,《习近平新时代中国特色社会主义思想学习论丛》第十一辑至第十五辑出版发行,,光明日报·理论版,https://theory.gmw.cn/2025-10/29/content_38376733.htm,2026-08-20 03:43:20
news,光明日报·理论版,光明日报·理论版,,经济学如何塑造我们的生活,,光明日报·理论版,https://theory.gmw.cn/2025-10/29/content_38373967.htm,2026-08-20 03:43:20
news,光明日报·理论版,光明日报·理论版,,《中国共产党精神史》总序,,光明日报·理论版,https://theory.gmw.cn/2026-05/29/content_38798145.htm,2026-08-20 03:43:20
news,光明日报·理论版,光明日报·理论版,,《树牢正确政绩观》出版发行,,光明日报·理论版,https://theory.gmw.cn/2026-03/01/content_38620547.htm,2026-08-20 03:43:20
news,光明日报·理论版,光明日报·理论版,,中国国际关系史研究百年,,光明日报·理论版,https://theory.gmw.cn/2025-12/01/content_38451281.htm,2026-08-20 03:43:20
news,光明日报·理论版,光明日报·理论版,,习近平党建思想理论研讨会,,光明日报·理论版,https://theory.gmw.cn/2026-07/10/content_38878904.htm,2026-08-20 03:43:20
news,光明日报·理论版,光明日报·理论版,,发展中国家国家治理高端智库论坛举办,,光明日报·理论版,https://theory.gmw.cn/2026-06/26/content_38851339.htm,2026-08-20 03:43:20
news,光明日报·理论版,光明日报·理论版,,深化党的创新理论的原理性成果研究,,光明日报·理论版,https://theory.gmw.cn/2026-06/12/content_38825126.htm,2026-08-20 03:43:20
news,光明日报·理论版,光明日报·理论版,,马克思主义理论学科自主知识体系建设,,光明日报·理论版,https://theory.gmw.cn/2026-06/10/content_38821382.htm,2026-08-20 03:43:20
news,光明日报·理论版,光明日报·理论版,,“生态文明学术周2026”系列学术活动,,光明日报·理论版,https://theory.gmw.cn/2026-06/05/content_38813860.htm,2026-08-20 03:43:20
news,光明日报·理论版,光明日报·理论版,,不断开创新时代中国史学新局面,,光明日报·理论版,https://theory.gmw.cn/2026-06/04/content_38811912.htm,2026-08-20 03:43:20
news,光明日报·理论版,光明日报·理论版,,“自主知识体系与文化自信”理论研讨会,,光明日报·理论版,https://theory.gmw.cn/2026-05/20/content_38777585.htm,2026-08-20 03:43:20
news,光明日报·理论版,光明日报·理论版,,理响中国·薪火“燃”青春,,光明日报·理论版,https://topics.gmw.cn/node_168473.htm,2026-08-20 03:43:20
news,光明日报·理论版,光明日报·理论版,,“理响中国·铿锵有理|在改革开放中开辟广阔前景暨党校公开课第十二季”,,光明日报·理论版,https://topics.gmw.cn/node_161185.htm,2026-08-20 03:43:20
news,光明日报·理论版,光明日报·理论版,,“理响中国”理论融媒体精品征集展播活动,,光明日报·理论版,https://topics.gmw.cn/node_157830.htm,2026-08-20 03:43:20
news,光明日报·理论版,光明日报·理论版,,把中国式现代化的美好图景变为现实,,光明日报·理论版,https://topics.gmw.cn/node_161019.htm,2026-08-20 03:43:20
news,光明日报·理论版,光明日报·理论版,,理响中国·实践新论,,光明日报·理论版,https://topics.gmw.cn/node_155991.htm,2026-08-20 03:43:20
news,光明日报·理论版,光明日报·理论版,,理响中国之理响新征程,,光明日报·理论版,https://topics.gmw.cn/node_153434.htm,2026-08-20 03:43:20
news,光明日报·理论版,光明日报·理论版,,时代青音·理论学者助力计划,,光明日报·理论版,https://topics.gmw.cn/node_153372.htm,2026-08-20 03:43:20
news,光明日报·理论版,光明日报·理论版,,人民网理论频道,,光明日报·理论版,http://theory.people.com.cn/,2026-08-20 03:43:20
news,光明日报·理论版,光明日报·理论版,,新华网理论频道,,光明日报·理论版,http://www.xinhuanet.com/politics/xhll.htm,2026-08-20 03:43:20
news,光明日报·理论版,光明日报·理论版,,中国社会科学网,,光明日报·理论版,http://www.cssn.cn/,2026-08-20 03:43:20
news,光明日报·理论版,光明日报·理论版,,南方网理论频道,,光明日报·理论版,http://theory.southcn.com/,2026-08-20 03:43:20
news,光明日报·理论版,光明日报·理论版,,齐鲁网理论频道,,光明日报·理论版,http://theory.iqilu.com/,2026-08-20 03:43:20
news,光明日报·理论版,光明日报·理论版,,宣讲家网,,光明日报·理论版,http://www.71.cn/,2026-08-20 03:43:20
news,光明日报·理论版,光明日报·理论版,,大众网理论频道,,光明日报·理论版,http://www.dzllzg.com/,2026-08-20 03:43:20
news,光明日报·理论版,光明日报·理论版,,https://iwaes.gmw.cn,,光明日报·理论版,https://iwaes.gmw.cn,2026-08-20 03:43:20
news,光明日报·理论版,光明日报·理论版,,gmwll@gmw.cn,,光明日报·理论版,mailto:gmwll@gmw.cn,2026-08-20 03:43:20
news,光明日报·理论版,光明日报·理论版,,手机光明网,,光明日报·理论版,https://m.gmw.cn/,2026-08-20 03:43:20
news,光明日报·理论版,光明日报·理论版,,光明日报社概况,,光明日报·理论版,https://about.gmw.cn/node_21441.htm,2026-08-20 03:43:20
news,光明日报·理论版,光明日报·理论版,,关于光明网,,光明日报·理论版,https://about.gmw.cn/aboutus.htm,2026-08-20 03:43:20
news,光明日报·理论版,光明日报·理论版,,报网动态,,光明日报·理论版,https://about.gmw.cn/node_8926.htm,2026-08-20 03:43:20
news,光明日报·理论版,光明日报·理论版,,联系我们,,光明日报·理论版,https://about.gmw.cn/node_46280.htm,2026-08-20 03:43:20
news,光明日报·理论版,光明日报·理论版,,法律声明,,光明日报·理论版,https://about.gmw.cn/node_46279.htm,2026-08-20 03:43:20
news,光明日报·理论版,光明日报·理论版,,光明网邮箱,,光明日报·理论版,https://mail.gmw.cn/,2026-08-20 03:43:20
news,光明日报·理论版,光明日报·理论版,,网站地图,,光明日报·理论版,https://www.gmw.cn/map.htm,2026-08-20 03:43:20
news,人民日报·理论版,,"抓取失败: HTTPSConnectionPool(host='theory.people.com.cn', port=443): Max retries exceeded with url: / (Caused by SSLError(SSLCertVerificationError(1, ""[SSL: CERTIFICATE_VERIFY_FAILED] certificate verify failed: Hostname mismatch, certificate is not valid for 'theory.people.com.cn'. (_ssl.c:1016)"")))",,,https://theory.people.com.cn/,2026-08-20 03:43:22
news,光明日报·理论版,光明日报·理论版,,English,,光明日报·理论版,https://en.gmw.cn/,2026-08-20 03:49:48
news,光明日报·理论版,光明日报·理论版,,光明图片,,光明日报·理论版,https://pic.gmw.cn/,2026-08-20 03:49:48
news,光明日报·理论版,光明日报·理论版,,我要投稿,,光明日报·理论版,mailto:net@gmw.cn,2026-08-20 03:49:48
news,光明日报·理论版,光明日报·理论版,,光明报系,,光明日报·理论版,https://epaper.gmw.cn/,2026-08-20 03:49:48
news,光明日报·理论版,光明日报·理论版,,更多>>,,光明日报·理论版,https://www.gmw.cn/map.htm,2026-08-20 03:49:48
news,光明日报·理论版,光明日报·理论版,,理论导读,,光明日报·理论版,https://theory.gmw.cn/node_41267.htm,2026-08-20 03:49:48
news,光明日报·理论版,光明日报·理论版,,光明网专论,,光明日报·理论版,https://theory.gmw.cn/node_97034.htm,2026-08-20 03:49:48
news,光明日报·理论版,光明日报·理论版,,光明独家,,光明日报·理论版,https://theory.gmw.cn/node_47530.htm ,2026-08-20 03:49:48
news,光明日报·理论版,光明日报·理论版,,百场讲坛,,光明日报·理论版,https://topics.gmw.cn/bcjt/,2026-08-20 03:49:48
news,光明日报·理论版,光明日报·理论版,,理论视频,,光明日报·理论版,https://theory.gmw.cn/node_162574.htm,2026-08-20 03:49:48
news,光明日报·理论版,光明日报·理论版,,理论图解,,光明日报·理论版,https://theory.gmw.cn/node_162576.htm,2026-08-20 03:49:48
news,光明日报·理论版,光明日报·理论版,,文章精选,,光明日报·理论版,https://theory.gmw.cn/node_10133.htm,2026-08-20 03:49:48
news,光明日报·理论版,光明日报·理论版,,理论专题,,光明日报·理论版,https://theory.gmw.cn/node_10128.htm,2026-08-20 03:49:48
news,光明日报·理论版,光明日报·理论版,,江泽民有关社会建设系列论述的理论内涵与时代价值,,光明日报·理论版,http://theory.gmw.cn/2026-08/19/content_38951390.htm,2026-08-20 03:49:48
news,光明日报·理论版,光明日报·理论版,,推进体制机制创新 加快培育发展新质生产力,,光明日报·理论版,https://news.gmw.cn/2026-08/19/content_38950233.htm,2026-08-20 03:49:48
news,光明日报·理论版,光明日报·理论版,,推动“人工智能+思政教育”走深走实,,光明日报·理论版,https://news.gmw.cn/2026-08/19/content_38950232.htm,2026-08-20 03:49:48
news,光明日报·理论版,光明日报·理论版,,发展智能经济新形态,,光明日报·理论版,https://news.gmw.cn/2026-08/18/content_38948325.htm,2026-08-20 03:49:48
news,光明日报·理论版,光明日报·理论版,,江泽民有关社会建设系列论述的理论内涵与时代价值,,光明日报·理论版,https://theory.gmw.cn/2026-08/19/content_38951390.htm,2026-08-20 03:49:48
news,光明日报·理论版,光明日报·理论版,,首份消费领域国家级专项规划的战略深意,,光明日报·理论版,https://theory.gmw.cn/2026-08/04/content_38925645.htm,2026-08-20 03:49:48
news,光明日报·理论版,光明日报·理论版,,跨越文化间距 全面提升国际传播效能,,光明日报·理论版,https://theory.gmw.cn/2026-04/09/content_38697892.htm,2026-08-20 03:49:48
news,光明日报·理论版,光明日报·理论版,,“理响中国·文化旗帜”党校公开课第14季,,光明日报·理论版,https://topics.gmw.cn/node_166993.htm,2026-08-20 03:49:48
news,光明日报·理论版,光明日报·理论版,,理响中国·铿锵有理|经济向好有底气,,光明日报·理论版,https://topics.gmw.cn/node_166533.htm,2026-08-20 03:49:48
news,光明日报·理论版,光明日报·理论版,,人文经济学,,光明日报·理论版,https://topics.gmw.cn/node_165153.htm,2026-08-20 03:49:48
news,光明日报·理论版,光明日报·理论版,,理响中国·春江水暖鸭先知,,光明日报·理论版,https://topics.gmw.cn/node_164576.htm,2026-08-20 03:49:48
news,光明日报·理论版,光明日报·理论版,,把中国式现代化美好图景变为现实,,光明日报·理论版,https://topics.gmw.cn/node_161019.htm,2026-08-20 03:49:48
news,光明日报·理论版,光明日报·理论版,,在改革开放中开辟广阔前景,,光明日报·理论版,https://topics.gmw.cn/node_161185.htm,2026-08-20 03:49:48
news,光明日报·理论版,光明日报·理论版,,从“一出戏”到“一座城”，演艺新空间培育消费新动能,,光明日报·理论版,https://theory.gmw.cn/2026-08/14/content_38943596.htm,2026-08-20 03:49:48
news,光明日报·理论版,光明日报·理论版,,高标准劳动力市场体系支撑未来产业培育,,光明日报·理论版,https://theory.gmw.cn/2026-06/23/content_38843308.htm,2026-08-20 03:49:48
news,光明日报·理论版,光明日报·理论版,,AI时代的就业政策重在“组合拳”,,光明日报·理论版,https://theory.gmw.cn/2026-06/10/content_38821275.htm,2026-08-20 03:49:48
news,光明日报·理论版,光明日报·理论版,,推动城市低空经济安全可持续发展,,光明日报·理论版,https://theory.gmw.cn/2026-06/01/content_38804681.htm,2026-08-20 03:49:48
news,光明日报·理论版,光明日报·理论版,,旅居热潮背后的消费新蓝海,,光明日报·理论版,https://theory.gmw.cn/2026-05/20/content_38777128.htm,2026-08-20 03:49:48
news,光明日报·理论版,光明日报·理论版,,绿色税收制度是建设美丽中国的重要支撑,,光明日报·理论版,https://theory.gmw.cn/2026-08/19/content_38951391.htm,2026-08-20 03:49:48
news,光明日报·理论版,光明日报·理论版,,[详情],,光明日报·理论版,https://theory.gmw.cn/2026-08/19/content_38951391.htm,2026-08-20 03:49:48
news,光明日报·理论版,光明日报·理论版,,不断推进城市治理体系和治理能力现代化,,光明日报·理论版,https://theory.gmw.cn/2026-08/18/content_38949517.htm,2026-08-20 03:49:48
news,光明日报·理论版,光明日报·理论版,,构建自主完备、开放高效的国家创新体系,,光明日报·理论版,https://theory.gmw.cn/2026-08/17/content_38947537.htm,2026-08-20 03:49:48
news,光明日报·理论版,光明日报·理论版,,固根基守正道 破藩篱开新局,,光明日报·理论版,https://theory.gmw.cn/2026-08/12/content_38940220.htm,2026-08-20 03:49:48
news,光明日报·理论版,光明日报·理论版,,[详情],,光明日报·理论版,https://theory.gmw.cn/2026-08/12/content_38940220.htm,2026-08-20 03:49:48
news,光明日报·理论版,光明日报·理论版,,“妈祖”赋能全球气象预警,,光明日报·理论版,https://theory.gmw.cn/2026-08/20/content_38953145.htm,2026-08-20 03:49:48
news,光明日报·理论版,光明日报·理论版,,数智技术赋能城市现代化治理,,光明日报·理论版,https://theory.gmw.cn/2026-08/18/content_38949481.htm,2026-08-20 03:49:48
news,光明日报·理论版,光明日报·理论版,,以治理创新提升宏观经济治理效能,,光明日报·理论版,https://theory.gmw.cn/2026-08/14/content_38944130.htm,2026-08-20 03:49:48
news,光明日报·理论版,光明日报·理论版,,走进青年圈层，讲活时代理论,,光明日报·理论版,https://theory.gmw.cn/2026-08/14/content_38943804.htm,2026-08-20 03:49:48
news,光明日报·理论版,光明日报·理论版,,稳住外贸外资基本盘,,光明日报·理论版,https://theory.gmw.cn/2026-08/13/content_38941142.htm,2026-08-20 03:49:48
news,光明日报·理论版,光明日报·理论版,,全面认识习近平经济思想的理论贡献,,光明日报·理论版,https://theory.gmw.cn/2026-08/12/content_38939916.htm,2026-08-20 03:49:48
news,光明日报·理论版,光明日报·理论版,,诗意栖居：中国古代休闲文化,,光明日报·理论版,https://news.gmw.cn/2026-08/19/content_38950134.htm,2026-08-20 03:49:48
news,光明日报·理论版,光明日报·理论版,,西方休闲文化的源流与精神,,光明日报·理论版,https://news.gmw.cn/2026-08/19/content_38950133.htm,2026-08-20 03:49:48
news,光明日报·理论版,光明日报·理论版,,智能经济促进消费新场景扩容,,光明日报·理论版,https://news.gmw.cn/2026-08/18/content_38948324.htm,2026-08-20 03:49:48
news,光明日报·理论版,光明日报·理论版,,构建“人文要素”市场,,光明日报·理论版,https://news.gmw.cn/2026-08/18/content_38948263.htm,2026-08-20 03:49:48
news,光明日报·理论版,光明日报·理论版,,AI算力主权,,光明日报·理论版,https://news.gmw.cn/2026-08/18/content_38948262.htm,2026-08-20 03:49:48
news,光明日报·理论版,光明日报·理论版,,面向新型能源体系的能源安全观念,,光明日报·理论版,https://news.gmw.cn/2026-08/18/content_38948261.htm,2026-08-20 03:49:48
news,光明日报·理论版,光明日报·理论版,,党的创新理论传播的实践体悟,,光明日报·理论版,https://theory.gmw.cn/2026-08/10/content_38935450.htm,2026-08-20 03:49:48
news,光明日报·理论版,光明日报·理论版,,共建美美与共的文明百花园,,光明日报·理论版,http://theory.gmw.cn/2025-11/18/content_38406071.htm,2026-08-20 03:49:48
news,光明日报·理论版,光明日报·理论版,,展现可信、可爱、可敬的中国形象,,光明日报·理论版,http://theory.gmw.cn/2025-11/17/content_38406072.htm,2026-08-20 03:49:48
news,光明日报·理论版,光明日报·理论版,,守护好中华民族的文化瑰宝,,光明日报·理论版,http://theory.gmw.cn/2025-11/14/content_38406067.htm,2026-08-20 03:49:48
news,光明日报·理论版,光明日报·理论版,,把最好的精神食粮奉献给人民,,光明日报·理论版,http://theory.gmw.cn/2025-11/13/content_38406038.htm,2026-08-20 03:49:48
news,光明日报·理论版,光明日报·理论版,,唱响主旋律、弘扬正能量,,光明日报·理论版,http://theory.gmw.cn/2025-11/12/content_38406039.htm,2026-08-20 03:49:48
news,光明日报·理论版,光明日报·理论版,,像石榴籽一样紧紧抱在一起,,光明日报·理论版,http://theory.gmw.cn/2025-11/11/content_38403981.htm,2026-08-20 03:49:48
news,光明日报·理论版,光明日报·理论版,,“核心价值观百场讲坛”第171场,,光明日报·理论版,https://topics.gmw.cn/bcjt/node_159013.htm,2026-08-20 03:49:48
news,光明日报·理论版,光明日报·理论版,,王延中：弘扬社会主义核心价值观 铸牢中华民族共同体意识,,光明日报·理论版,https://news.gmw.cn/2026-08/16/content_38945716.htm,2026-08-20 03:49:48
news,光明日报·理论版,光明日报·理论版,,刘景凤：大力弘扬工匠精神 勇担技能报国使命,,光明日报·理论版,https://news.gmw.cn/2026-07/01/content_38860037.htm,2026-08-20 03:49:48
news,光明日报·理论版,光明日报·理论版,,彭凤莲：从六尺巷看中国传统礼让文化的当代价值,,光明日报·理论版,https://news.gmw.cn/2026-05/29/content_38796471.htm,2026-08-20 03:49:48
news,光明日报·理论版,光明日报·理论版,,朱杰人：从“第二个结合”看朱子理学的敬业之道,,光明日报·理论版,https://news.gmw.cn/2026-03/28/content_38675961.htm,2026-08-20 03:49:48
news,光明日报·理论版,光明日报·理论版,,蒋乾麟：以雷锋精神引导青少年成长成才,,光明日报·理论版,https://news.gmw.cn/2026-03/21/content_38660607.htm,2026-08-20 03:49:48
news,光明日报·理论版,光明日报·理论版,,向 勇：坚持以核心价值观为引领 推动文化和科技融合发展,,光明日报·理论版,https://news.gmw.cn/2026-01/06/content_38520301.htm,2026-08-20 03:49:48
news,光明日报·理论版,光明日报·理论版,,文史科教,,光明日报·理论版,https://theory.gmw.cn/node_10141.htm,2026-08-20 03:49:48
news,光明日报·理论版,光明日报·理论版,,国际关系,,光明日报·理论版,https://theory.gmw.cn/node_10139.htm,2026-08-20 03:49:48
news,光明日报·理论版,光明日报·理论版,,经济社会,,光明日报·理论版,https://theory.gmw.cn/node_10145.htm,2026-08-20 03:49:48
news,光明日报·理论版,光明日报·理论版,,党建政治,,光明日报·理论版,https://theory.gmw.cn/node_4227.htm,2026-08-20 03:49:48
news,光明日报·理论版,光明日报·理论版,,理论综合,,光明日报·理论版,https://theory.gmw.cn/node_4403.htm,2026-08-20 03:49:48
news,光明日报·理论版,光明日报·理论版,,以丰富国际公共产品供给引领人工智能全球治理,,光明日报·理论版,https://theory.gmw.cn/2026-08/20/content_38952708.htm,2026-08-20 03:49:48
news,光明日报·理论版,光明日报·理论版,,为携手构建公正合理的全球人工智能治理体系贡献中国方案,,光明日报·理论版,https://theory.gmw.cn/2026-08/20/content_38952620.htm,2026-08-20 03:49:48
news,光明日报·理论版,光明日报·理论版,,人工智能何以向上向善,,光明日报·理论版,https://theory.gmw.cn/2026-08/19/content_38950749.htm,2026-08-20 03:49:48
news,光明日报·理论版,光明日报·理论版,,深化对“第二个结合”的理解与把握,,光明日报·理论版,https://theory.gmw.cn/2026-08/19/content_38950608.htm,2026-08-20 03:49:48
news,光明日报·理论版,光明日报·理论版,,中华民族共同体的历史演进,,光明日报·理论版,https://theory.gmw.cn/2026-08/19/content_38950478.htm,2026-08-20 03:49:48
news,光明日报·理论版,光明日报·理论版,,系统推动传统村落活化传承,,光明日报·理论版,https://theory.gmw.cn/2026-08/18/content_38949820.htm,2026-08-20 03:49:48
news,光明日报·理论版,光明日报·理论版,,全球文明倡议的内涵与底蕴,,光明日报·理论版,https://theory.gmw.cn/2026-08/20/content_38952749.htm,2026-08-20 03:49:48
news,光明日报·理论版,光明日报·理论版,,推动中美深度协作赋能全球人工智能治理,,光明日报·理论版,https://theory.gmw.cn/2026-08/14/content_38943496.htm,2026-08-20 03:49:48
news,光明日报·理论版,光明日报·理论版,,深学笃行习近平外交思想 奋力开创中国特色大国外交新局面,,光明日报·理论版,https://theory.gmw.cn/2026-08/12/content_38939063.htm,2026-08-20 03:49:48
news,光明日报·理论版,光明日报·理论版,,谱写习近平外交思想研究新篇章,,光明日报·理论版,https://theory.gmw.cn/2026-08/11/content_38936814.htm,2026-08-20 03:49:48
news,光明日报·理论版,光明日报·理论版,,全国统一大市场迈入制度性构建,,光明日报·理论版,https://theory.gmw.cn/2026-08/11/content_38936796.htm,2026-08-20 03:49:48
news,光明日报·理论版,光明日报·理论版,,深化基础研究国际交流合作 提高原始创新能力,,光明日报·理论版,https://theory.gmw.cn/2026-08/11/content_38936755.htm,2026-08-20 03:49:48
news,光明日报·理论版,光明日报·理论版,,深挖乡村创业场景资源,,光明日报·理论版,https://theory.gmw.cn/2026-08/20/content_38953618.htm,2026-08-20 03:49:48
news,光明日报·理论版,光明日报·理论版,,全力释放科技赋能产业的潜力,,光明日报·理论版,https://theory.gmw.cn/2026-08/20/content_38953578.htm,2026-08-20 03:49:48
news,光明日报·理论版,光明日报·理论版,,中国养老服务的顶层设计与底层创新,,光明日报·理论版,https://theory.gmw.cn/2026-08/20/content_38953523.htm,2026-08-20 03:49:48
news,光明日报·理论版,光明日报·理论版,,以开放促改革促发展,,光明日报·理论版,https://theory.gmw.cn/2026-08/20/content_38952797.htm,2026-08-20 03:49:48
news,光明日报·理论版,光明日报·理论版,,良法善治护航未来产业发展,,光明日报·理论版,https://theory.gmw.cn/2026-08/20/content_38952764.htm,2026-08-20 03:49:48
news,光明日报·理论版,光明日报·理论版,,梯度培育推动未来产业实现新突破,,光明日报·理论版,https://theory.gmw.cn/2026-08/20/content_38952714.htm,2026-08-20 03:49:48
news,光明日报·理论版,光明日报·理论版,,从群众期盼中找准工作着力点,,光明日报·理论版,https://theory.gmw.cn/2026-08/19/content_38950946.htm,2026-08-20 03:49:48
news,光明日报·理论版,光明日报·理论版,,以政治建军高质量保证国防和军队现代化建设高质量,,光明日报·理论版,https://theory.gmw.cn/2026-08/19/content_38950485.htm,2026-08-20 03:49:48
news,光明日报·理论版,光明日报·理论版,,决策如何做到科学合理,,光明日报·理论版,https://theory.gmw.cn/2026-08/19/content_38950413.htm,2026-08-20 03:49:48
news,光明日报·理论版,光明日报·理论版,,不断深化对习近平党建思想的理解把握,,光明日报·理论版,https://theory.gmw.cn/2026-08/18/content_38949616.htm,2026-08-20 03:49:48
news,光明日报·理论版,光明日报·理论版,,持续学习 凝心铸魂,,光明日报·理论版,https://theory.gmw.cn/2026-08/18/content_38948776.htm,2026-08-20 03:49:48
news,光明日报·理论版,光明日报·理论版,,心正 事正 政绩正,,光明日报·理论版,https://theory.gmw.cn/2026-08/18/content_38948711.htm,2026-08-20 03:49:48
news,光明日报·理论版,光明日报·理论版,,聚焦生动实践回应理论关切,,光明日报·理论版,https://theory.gmw.cn/2026-08/19/content_38950639.htm,2026-08-20 03:49:48
news,光明日报·理论版,光明日报·理论版,,支持基础研究贵在长期稳定,,光明日报·理论版,https://theory.gmw.cn/2026-08/19/content_38950570.htm,2026-08-20 03:49:48
news,光明日报·理论版,光明日报·理论版,,如何构建适应国际秩序重塑的自主知识体系,,光明日报·理论版,https://theory.gmw.cn/2026-08/17/content_38946969.htm,2026-08-20 03:49:48
news,光明日报·理论版,光明日报·理论版,,构建自主完备、开放高效的国家创新体系,,光明日报·理论版,https://theory.gmw.cn/2026-08/17/content_38946687.htm,2026-08-20 03:49:48
news,光明日报·理论版,光明日报·理论版,,不断提升中国哲学社会科学的主体性和原创性,,光明日报·理论版,https://theory.gmw.cn/2026-08/14/content_38943425.htm,2026-08-20 03:49:48
news,光明日报·理论版,光明日报·理论版,,《生态环境法典》的开创性贡献,,光明日报·理论版,https://theory.gmw.cn/2026-08/10/content_38934727.htm,2026-08-20 03:49:48
news,光明日报·理论版,光明日报·理论版,,微视频：“村”字号火爆全球魅力何在,,光明日报·理论版,https://theory.gmw.cn/2026-01/02/content_38554039.htm,2026-08-20 03:49:48
news,光明日报·理论版,光明日报·理论版,,微视频：文明交响曲：每个声部都精彩,,光明日报·理论版,https://theory.gmw.cn/2026-01/01/content_38553863.htm,2026-08-20 03:49:48
news,光明日报·理论版,光明日报·理论版,,微视频：China Travel为啥成了流量密码？,,光明日报·理论版,https://theory.gmw.cn/2025-12/23/content_38492948.htm,2026-08-20 03:49:48
news,光明日报·理论版,光明日报·理论版,,微视频：中国故事怎么讲？,,光明日报·理论版,https://theory.gmw.cn/2025-12/22/content_38490383.htm,2026-08-20 03:49:48
news,光明日报·理论版,光明日报·理论版,,微视频：宋锦如何“活”在当下？,,光明日报·理论版,https://theory.gmw.cn/2025-12/19/content_38486600.htm,2026-08-20 03:49:48
news,光明日报·理论版,光明日报·理论版,,微视频：千年文脉何以生生不息？,,光明日报·理论版,http://theory.gmw.cn/2025-12/18/content_38484219.htm,2026-08-20 03:49:48
news,光明日报·理论版,光明日报·理论版,,微视频：图书馆何以成为城市的心灵港湾？,,光明日报·理论版,http://theory.gmw.cn/2025-12/17/content_38482014.htm,2026-08-20 03:49:48
news,光明日报·理论版,光明日报·理论版,,微视频：10元票价的苏超为何成为全民派对,,光明日报·理论版,http://theory.gmw.cn/2025-12/16/content_38479459.htm,2026-08-20 03:49:48
news,光明日报·理论版,光明日报·理论版,,世界第一！40亿千瓦家底铸牢中国能源底座,,光明日报·理论版,https://theory.gmw.cn/2026-07/31/content_38919621.htm,2026-08-20 03:49:48
news,光明日报·理论版,光明日报·理论版,,数字福建探新路，乘“数”而上正当时,,光明日报·理论版,https://theory.gmw.cn/2026-07/23/content_38902786.htm,2026-08-20 03:49:48
news,光明日报·理论版,光明日报·理论版,,解码数字福建，乘势而上正青春,,光明日报·理论版,https://theory.gmw.cn/2026-07/09/content_38875718.htm,2026-08-20 03:49:48
news,光明日报·理论版,光明日报·理论版,,房子“升级” 日子“上新”,,光明日报·理论版,https://theory.gmw.cn/2026-06/26/content_38850082.htm,2026-08-20 03:49:48
news,光明日报·理论版,光明日报·理论版,,你的钱花在体验上了吗？,,光明日报·理论版,https://theory.gmw.cn/2026-06/11/content_38823502.htm,2026-08-20 03:49:48
news,光明日报·理论版,光明日报·理论版,,看“苏超”，逛“烟火”，换个花样游江苏,,光明日报·理论版,https://theory.gmw.cn/2026-06/05/content_38813506.htm,2026-08-20 03:49:48
news,光明日报·理论版,光明日报·理论版,,这碗米背后，是中国农业的“硬核实力”,,光明日报·理论版,https://theory.gmw.cn/2026-06/05/content_38813504.htm,2026-08-20 03:49:48
news,光明日报·理论版,光明日报·理论版,,假日经济“热”力全开,,光明日报·理论版,https://theory.gmw.cn/2026-05/15/content_38765000.htm,2026-08-20 03:49:48
news,光明日报·理论版,光明日报·理论版,,“苏超”如何吹响消费集结号,,光明日报·理论版,https://theory.gmw.cn/2026-05/14/content_38764018.htm,2026-08-20 03:49:48
news,光明日报·理论版,光明日报·理论版,,一图看懂“树立和践行正确政绩观”,,光明日报·理论版,https://theory.gmw.cn/2026-04/10/content_38700402.htm,2026-08-20 03:49:48
news,光明日报·理论版,光明日报·理论版,,《习近平关于民政工作论述摘编》出版发行,,光明日报·理论版,https://theory.gmw.cn/2025-10/29/content_38376774.htm,2026-08-20 03:49:48
news,光明日报·理论版,光明日报·理论版,,习近平同志《论坚持全面深化改革》第一卷、第二卷出版发行,,光明日报·理论版,https://theory.gmw.cn/2025-10/29/content_38376742.htm,2026-08-20 03:49:48
news,光明日报·理论版,光明日报·理论版,,《习近平生态文明文选》第一卷出版发行,,光明日报·理论版,https://theory.gmw.cn/2025-10/29/content_38376771.htm,2026-08-20 03:49:48
news,光明日报·理论版,光明日报·理论版,,《习近平新时代中国特色社会主义思想学习论丛》第十一辑至第十五辑出版发行,,光明日报·理论版,https://theory.gmw.cn/2025-10/29/content_38376733.htm,2026-08-20 03:49:48
news,光明日报·理论版,光明日报·理论版,,经济学如何塑造我们的生活,,光明日报·理论版,https://theory.gmw.cn/2025-10/29/content_38373967.htm,2026-08-20 03:49:48
news,光明日报·理论版,光明日报·理论版,,《中国共产党精神史》总序,,光明日报·理论版,https://theory.gmw.cn/2026-05/29/content_38798145.htm,2026-08-20 03:49:48
news,光明日报·理论版,光明日报·理论版,,《树牢正确政绩观》出版发行,,光明日报·理论版,https://theory.gmw.cn/2026-03/01/content_38620547.htm,2026-08-20 03:49:48
news,光明日报·理论版,光明日报·理论版,,中国国际关系史研究百年,,光明日报·理论版,https://theory.gmw.cn/2025-12/01/content_38451281.htm,2026-08-20 03:49:48
news,光明日报·理论版,光明日报·理论版,,习近平党建思想理论研讨会,,光明日报·理论版,https://theory.gmw.cn/2026-07/10/content_38878904.htm,2026-08-20 03:49:48
news,光明日报·理论版,光明日报·理论版,,发展中国家国家治理高端智库论坛举办,,光明日报·理论版,https://theory.gmw.cn/2026-06/26/content_38851339.htm,2026-08-20 03:49:48
news,光明日报·理论版,光明日报·理论版,,深化党的创新理论的原理性成果研究,,光明日报·理论版,https://theory.gmw.cn/2026-06/12/content_38825126.htm,2026-08-20 03:49:48
news,光明日报·理论版,光明日报·理论版,,马克思主义理论学科自主知识体系建设,,光明日报·理论版,https://theory.gmw.cn/2026-06/10/content_38821382.htm,2026-08-20 03:49:48
news,光明日报·理论版,光明日报·理论版,,“生态文明学术周2026”系列学术活动,,光明日报·理论版,https://theory.gmw.cn/2026-06/05/content_38813860.htm,2026-08-20 03:49:48
news,光明日报·理论版,光明日报·理论版,,不断开创新时代中国史学新局面,,光明日报·理论版,https://theory.gmw.cn/2026-06/04/content_38811912.htm,2026-08-20 03:49:48
news,光明日报·理论版,光明日报·理论版,,“自主知识体系与文化自信”理论研讨会,,光明日报·理论版,https://theory.gmw.cn/2026-05/20/content_38777585.htm,2026-08-20 03:49:48
news,光明日报·理论版,光明日报·理论版,,理响中国·薪火“燃”青春,,光明日报·理论版,https://topics.gmw.cn/node_168473.htm,2026-08-20 03:49:48
news,光明日报·理论版,光明日报·理论版,,“理响中国·铿锵有理|在改革开放中开辟广阔前景暨党校公开课第十二季”,,光明日报·理论版,https://topics.gmw.cn/node_161185.htm,2026-08-20 03:49:48
news,光明日报·理论版,光明日报·理论版,,“理响中国”理论融媒体精品征集展播活动,,光明日报·理论版,https://topics.gmw.cn/node_157830.htm,2026-08-20 03:49:48
news,光明日报·理论版,光明日报·理论版,,把中国式现代化的美好图景变为现实,,光明日报·理论版,https://topics.gmw.cn/node_161019.htm,2026-08-20 03:49:48
news,光明日报·理论版,光明日报·理论版,,理响中国·实践新论,,光明日报·理论版,https://topics.gmw.cn/node_155991.htm,2026-08-20 03:49:48
news,光明日报·理论版,光明日报·理论版,,理响中国之理响新征程,,光明日报·理论版,https://topics.gmw.cn/node_153434.htm,2026-08-20 03:49:48
news,光明日报·理论版,光明日报·理论版,,时代青音·理论学者助力计划,,光明日报·理论版,https://topics.gmw.cn/node_153372.htm,2026-08-20 03:49:48
news,光明日报·理论版,光明日报·理论版,,人民网理论频道,,光明日报·理论版,http://theory.people.com.cn/,2026-08-20 03:49:48
news,光明日报·理论版,光明日报·理论版,,新华网理论频道,,光明日报·理论版,http://www.xinhuanet.com/politics/xhll.htm,2026-08-20 03:49:48
news,光明日报·理论版,光明日报·理论版,,中国社会科学网,,光明日报·理论版,http://www.cssn.cn/,2026-08-20 03:49:48
news,光明日报·理论版,光明日报·理论版,,南方网理论频道,,光明日报·理论版,http://theory.southcn.com/,2026-08-20 03:49:48
news,光明日报·理论版,光明日报·理论版,,齐鲁网理论频道,,光明日报·理论版,http://theory.iqilu.com/,2026-08-20 03:49:48
news,光明日报·理论版,光明日报·理论版,,宣讲家网,,光明日报·理论版,http://www.71.cn/,2026-08-20 03:49:48
news,光明日报·理论版,光明日报·理论版,,大众网理论频道,,光明日报·理论版,http://www.dzllzg.com/,2026-08-20 03:49:48
news,光明日报·理论版,光明日报·理论版,,https://iwaes.gmw.cn,,光明日报·理论版,https://iwaes.gmw.cn,2026-08-20 03:49:48
news,光明日报·理论版,光明日报·理论版,,gmwll@gmw.cn,,光明日报·理论版,mailto:gmwll@gmw.cn,2026-08-20 03:49:48
news,光明日报·理论版,光明日报·理论版,,手机光明网,,光明日报·理论版,https://m.gmw.cn/,2026-08-20 03:49:48
news,光明日报·理论版,光明日报·理论版,,光明日报社概况,,光明日报·理论版,https://about.gmw.cn/node_21441.htm,2026-08-20 03:49:48
news,光明日报·理论版,光明日报·理论版,,关于光明网,,光明日报·理论版,https://about.gmw.cn/aboutus.htm,2026-08-20 03:49:48
news,光明日报·理论版,光明日报·理论版,,报网动态,,光明日报·理论版,https://about.gmw.cn/node_8926.htm,2026-08-20 03:49:48
news,光明日报·理论版,光明日报·理论版,,联系我们,,光明日报·理论版,https://about.gmw.cn/node_46280.htm,2026-08-20 03:49:48
news,光明日报·理论版,光明日报·理论版,,法律声明,,光明日报·理论版,https://about.gmw.cn/node_46279.htm,2026-08-20 03:49:48
news,光明日报·理论版,光明日报·理论版,,光明网邮箱,,光明日报·理论版,https://mail.gmw.cn/,2026-08-20 03:49:48
news,光明日报·理论版,光明日报·理论版,,网站地图,,光明日报·理论版,https://www.gmw.cn/map.htm,2026-08-20 03:49:48
news,人民日报·理论版,,"抓取失败: HTTPSConnectionPool(host='theory.people.com.cn', port=443): Max retries exceeded with url: / (Caused by SSLError(SSLCertVerificationError(1, ""[SSL: CERTIFICATE_VERIFY_FAILED] certificate verify failed: Hostname mismatch, certificate is not valid for 'theory.people.com.cn'. (_ssl.c:1016)"")))",,,https://theory.people.com.cn/,2026-08-20 03:49:49
econ,经济研究,经济研究,,,,,https://erj.ajcass.com/,2026-08-20 03:49:53
econ,财经研究,,"抓取失败: HTTPSConnectionPool(host='cjx.sufe.edu.cn', port=443): Max retries exceeded with url: / (Caused by NameResolutionError(""HTTPSConnection(host='cjx.sufe.edu.cn', port=443): Failed to resolve 'cjx.sufe.edu.cn' ([Errno -2] Name or service not known)""))",,,https://cjx.sufe.edu.cn/,2026-08-20 03:49:54
econ,当代财经,,"抓取失败: HTTPSConnectionPool(host='cjxs.jxufe.edu.cn', port=443): Max retries exceeded with url: / (Caused by NameResolutionError(""HTTPSConnection(host='cjxs.jxufe.edu.cn', port=443): Failed to resolve 'cjxs.jxufe.edu.cn' ([Errno -2] Name or service not known)""))",,,https://cjxs.jxufe.edu.cn/,2026-08-20 03:49:56
econ,中国工业经济,,"抓取失败: HTTPSConnectionPool(host='gjjs.cass.cn', port=443): Max retries exceeded with url: / (Caused by NameResolutionError(""HTTPSConnection(host='gjjs.cass.cn', port=443): Failed to resolve 'gjjs.cass.cn' ([Errno -2] Name or service not known)""))",,,https://gjjs.cass.cn/,2026-08-20 03:49:59
econ,世界经济,,"抓取失败: HTTPSConnectionPool(host='sjjj.cass.cn', port=443): Max retries exceeded with url: / (Caused by NameResolutionError(""HTTPSConnection(host='sjjj.cass.cn', port=443): Failed to resolve 'sjjj.cass.cn' ([Errno -2] Name or service not known)""))",,,https://sjjj.cass.cn/,2026-08-20 03:50:01
econ,经济学(季刊),北京大学期刊网,文章标题 作者 作者单位 摘要 关键词 学科门类 期刊名称 出版社名称 ISSN EISSN 语种 DOI 主题 全部字段,,,,http://ccj.pku.edu.cn/,2026-08-20 03:50:06
news,光明日报·理论版,光明日报·理论版,,English,,光明日报·理论版,https://en.gmw.cn/,2026-08-20 04:09:04
news,光明日报·理论版,光明日报·理论版,,光明图片,,光明日报·理论版,https://pic.gmw.cn/,2026-08-20 04:09:04
news,光明日报·理论版,光明日报·理论版,,我要投稿,,光明日报·理论版,mailto:net@gmw.cn,2026-08-20 04:09:04
news,光明日报·理论版,光明日报·理论版,,光明报系,,光明日报·理论版,https://epaper.gmw.cn/,2026-08-20 04:09:04
news,光明日报·理论版,光明日报·理论版,,更多>>,,光明日报·理论版,https://www.gmw.cn/map.htm,2026-08-20 04:09:04
news,光明日报·理论版,光明日报·理论版,,理论导读,,光明日报·理论版,https://theory.gmw.cn/node_41267.htm,2026-08-20 04:09:04
news,光明日报·理论版,光明日报·理论版,,光明网专论,,光明日报·理论版,https://theory.gmw.cn/node_97034.htm,2026-08-20 04:09:04
news,光明日报·理论版,光明日报·理论版,,光明独家,,光明日报·理论版,https://theory.gmw.cn/node_47530.htm ,2026-08-20 04:09:04
news,光明日报·理论版,光明日报·理论版,,百场讲坛,,光明日报·理论版,https://topics.gmw.cn/bcjt/,2026-08-20 04:09:04
news,光明日报·理论版,光明日报·理论版,,理论视频,,光明日报·理论版,https://theory.gmw.cn/node_162574.htm,2026-08-20 04:09:04
news,光明日报·理论版,光明日报·理论版,,理论图解,,光明日报·理论版,https://theory.gmw.cn/node_162576.htm,2026-08-20 04:09:04
news,光明日报·理论版,光明日报·理论版,,文章精选,,光明日报·理论版,https://theory.gmw.cn/node_10133.htm,2026-08-20 04:09:04
news,光明日报·理论版,光明日报·理论版,,理论专题,,光明日报·理论版,https://theory.gmw.cn/node_10128.htm,2026-08-20 04:09:04
news,光明日报·理论版,光明日报·理论版,,江泽民有关社会建设系列论述的理论内涵与时代价值,,光明日报·理论版,http://theory.gmw.cn/2026-08/19/content_38951390.htm,2026-08-20 04:09:04
news,光明日报·理论版,光明日报·理论版,,推进体制机制创新 加快培育发展新质生产力,,光明日报·理论版,https://news.gmw.cn/2026-08/19/content_38950233.htm,2026-08-20 04:09:04
news,光明日报·理论版,光明日报·理论版,,推动“人工智能+思政教育”走深走实,,光明日报·理论版,https://news.gmw.cn/2026-08/19/content_38950232.htm,2026-08-20 04:09:04
news,光明日报·理论版,光明日报·理论版,,发展智能经济新形态,,光明日报·理论版,https://news.gmw.cn/2026-08/18/content_38948325.htm,2026-08-20 04:09:04
news,光明日报·理论版,光明日报·理论版,,江泽民有关社会建设系列论述的理论内涵与时代价值,,光明日报·理论版,https://theory.gmw.cn/2026-08/19/content_38951390.htm,2026-08-20 04:09:04
news,光明日报·理论版,光明日报·理论版,,首份消费领域国家级专项规划的战略深意,,光明日报·理论版,https://theory.gmw.cn/2026-08/04/content_38925645.htm,2026-08-20 04:09:04
news,光明日报·理论版,光明日报·理论版,,跨越文化间距 全面提升国际传播效能,,光明日报·理论版,https://theory.gmw.cn/2026-04/09/content_38697892.htm,2026-08-20 04:09:04
news,光明日报·理论版,光明日报·理论版,,“理响中国·文化旗帜”党校公开课第14季,,光明日报·理论版,https://topics.gmw.cn/node_166993.htm,2026-08-20 04:09:04
news,光明日报·理论版,光明日报·理论版,,理响中国·铿锵有理|经济向好有底气,,光明日报·理论版,https://topics.gmw.cn/node_166533.htm,2026-08-20 04:09:04
news,光明日报·理论版,光明日报·理论版,,人文经济学,,光明日报·理论版,https://topics.gmw.cn/node_165153.htm,2026-08-20 04:09:04
news,光明日报·理论版,光明日报·理论版,,理响中国·春江水暖鸭先知,,光明日报·理论版,https://topics.gmw.cn/node_164576.htm,2026-08-20 04:09:04
news,光明日报·理论版,光明日报·理论版,,把中国式现代化美好图景变为现实,,光明日报·理论版,https://topics.gmw.cn/node_161019.htm,2026-08-20 04:09:04
news,光明日报·理论版,光明日报·理论版,,在改革开放中开辟广阔前景,,光明日报·理论版,https://topics.gmw.cn/node_161185.htm,2026-08-20 04:09:04
news,光明日报·理论版,光明日报·理论版,,从“一出戏”到“一座城”，演艺新空间培育消费新动能,,光明日报·理论版,https://theory.gmw.cn/2026-08/14/content_38943596.htm,2026-08-20 04:09:04
news,光明日报·理论版,光明日报·理论版,,高标准劳动力市场体系支撑未来产业培育,,光明日报·理论版,https://theory.gmw.cn/2026-06/23/content_38843308.htm,2026-08-20 04:09:04
news,光明日报·理论版,光明日报·理论版,,AI时代的就业政策重在“组合拳”,,光明日报·理论版,https://theory.gmw.cn/2026-06/10/content_38821275.htm,2026-08-20 04:09:04
news,光明日报·理论版,光明日报·理论版,,推动城市低空经济安全可持续发展,,光明日报·理论版,https://theory.gmw.cn/2026-06/01/content_38804681.htm,2026-08-20 04:09:04
news,光明日报·理论版,光明日报·理论版,,旅居热潮背后的消费新蓝海,,光明日报·理论版,https://theory.gmw.cn/2026-05/20/content_38777128.htm,2026-08-20 04:09:04
news,光明日报·理论版,光明日报·理论版,,绿色税收制度是建设美丽中国的重要支撑,,光明日报·理论版,https://theory.gmw.cn/2026-08/19/content_38951391.htm,2026-08-20 04:09:04
news,光明日报·理论版,光明日报·理论版,,[详情],,光明日报·理论版,https://theory.gmw.cn/2026-08/19/content_38951391.htm,2026-08-20 04:09:04
news,光明日报·理论版,光明日报·理论版,,不断推进城市治理体系和治理能力现代化,,光明日报·理论版,https://theory.gmw.cn/2026-08/18/content_38949517.htm,2026-08-20 04:09:04
news,光明日报·理论版,光明日报·理论版,,构建自主完备、开放高效的国家创新体系,,光明日报·理论版,https://theory.gmw.cn/2026-08/17/content_38947537.htm,2026-08-20 04:09:04
news,光明日报·理论版,光明日报·理论版,,固根基守正道 破藩篱开新局,,光明日报·理论版,https://theory.gmw.cn/2026-08/12/content_38940220.htm,2026-08-20 04:09:04
news,光明日报·理论版,光明日报·理论版,,[详情],,光明日报·理论版,https://theory.gmw.cn/2026-08/12/content_38940220.htm,2026-08-20 04:09:04
news,光明日报·理论版,光明日报·理论版,,“妈祖”赋能全球气象预警,,光明日报·理论版,https://theory.gmw.cn/2026-08/20/content_38953145.htm,2026-08-20 04:09:04
news,光明日报·理论版,光明日报·理论版,,数智技术赋能城市现代化治理,,光明日报·理论版,https://theory.gmw.cn/2026-08/18/content_38949481.htm,2026-08-20 04:09:04
news,光明日报·理论版,光明日报·理论版,,以治理创新提升宏观经济治理效能,,光明日报·理论版,https://theory.gmw.cn/2026-08/14/content_38944130.htm,2026-08-20 04:09:04
news,光明日报·理论版,光明日报·理论版,,走进青年圈层，讲活时代理论,,光明日报·理论版,https://theory.gmw.cn/2026-08/14/content_38943804.htm,2026-08-20 04:09:04
news,光明日报·理论版,光明日报·理论版,,稳住外贸外资基本盘,,光明日报·理论版,https://theory.gmw.cn/2026-08/13/content_38941142.htm,2026-08-20 04:09:04
news,光明日报·理论版,光明日报·理论版,,全面认识习近平经济思想的理论贡献,,光明日报·理论版,https://theory.gmw.cn/2026-08/12/content_38939916.htm,2026-08-20 04:09:04
news,光明日报·理论版,光明日报·理论版,,诗意栖居：中国古代休闲文化,,光明日报·理论版,https://news.gmw.cn/2026-08/19/content_38950134.htm,2026-08-20 04:09:04
news,光明日报·理论版,光明日报·理论版,,西方休闲文化的源流与精神,,光明日报·理论版,https://news.gmw.cn/2026-08/19/content_38950133.htm,2026-08-20 04:09:04
news,光明日报·理论版,光明日报·理论版,,智能经济促进消费新场景扩容,,光明日报·理论版,https://news.gmw.cn/2026-08/18/content_38948324.htm,2026-08-20 04:09:04
news,光明日报·理论版,光明日报·理论版,,构建“人文要素”市场,,光明日报·理论版,https://news.gmw.cn/2026-08/18/content_38948263.htm,2026-08-20 04:09:04
news,光明日报·理论版,光明日报·理论版,,AI算力主权,,光明日报·理论版,https://news.gmw.cn/2026-08/18/content_38948262.htm,2026-08-20 04:09:04
news,光明日报·理论版,光明日报·理论版,,面向新型能源体系的能源安全观念,,光明日报·理论版,https://news.gmw.cn/2026-08/18/content_38948261.htm,2026-08-20 04:09:04
news,光明日报·理论版,光明日报·理论版,,党的创新理论传播的实践体悟,,光明日报·理论版,https://theory.gmw.cn/2026-08/10/content_38935450.htm,2026-08-20 04:09:04
news,光明日报·理论版,光明日报·理论版,,共建美美与共的文明百花园,,光明日报·理论版,http://theory.gmw.cn/2025-11/18/content_38406071.htm,2026-08-20 04:09:04
news,光明日报·理论版,光明日报·理论版,,展现可信、可爱、可敬的中国形象,,光明日报·理论版,http://theory.gmw.cn/2025-11/17/content_38406072.htm,2026-08-20 04:09:04
news,光明日报·理论版,光明日报·理论版,,守护好中华民族的文化瑰宝,,光明日报·理论版,http://theory.gmw.cn/2025-11/14/content_38406067.htm,2026-08-20 04:09:04
news,光明日报·理论版,光明日报·理论版,,把最好的精神食粮奉献给人民,,光明日报·理论版,http://theory.gmw.cn/2025-11/13/content_38406038.htm,2026-08-20 04:09:04
news,光明日报·理论版,光明日报·理论版,,唱响主旋律、弘扬正能量,,光明日报·理论版,http://theory.gmw.cn/2025-11/12/content_38406039.htm,2026-08-20 04:09:04
news,光明日报·理论版,光明日报·理论版,,像石榴籽一样紧紧抱在一起,,光明日报·理论版,http://theory.gmw.cn/2025-11/11/content_38403981.htm,2026-08-20 04:09:04
news,光明日报·理论版,光明日报·理论版,,“核心价值观百场讲坛”第171场,,光明日报·理论版,https://topics.gmw.cn/bcjt/node_159013.htm,2026-08-20 04:09:04
news,光明日报·理论版,光明日报·理论版,,王延中：弘扬社会主义核心价值观 铸牢中华民族共同体意识,,光明日报·理论版,https://news.gmw.cn/2026-08/16/content_38945716.htm,2026-08-20 04:09:04
news,光明日报·理论版,光明日报·理论版,,刘景凤：大力弘扬工匠精神 勇担技能报国使命,,光明日报·理论版,https://news.gmw.cn/2026-07/01/content_38860037.htm,2026-08-20 04:09:04
news,光明日报·理论版,光明日报·理论版,,彭凤莲：从六尺巷看中国传统礼让文化的当代价值,,光明日报·理论版,https://news.gmw.cn/2026-05/29/content_38796471.htm,2026-08-20 04:09:04
news,光明日报·理论版,光明日报·理论版,,朱杰人：从“第二个结合”看朱子理学的敬业之道,,光明日报·理论版,https://news.gmw.cn/2026-03/28/content_38675961.htm,2026-08-20 04:09:04
news,光明日报·理论版,光明日报·理论版,,蒋乾麟：以雷锋精神引导青少年成长成才,,光明日报·理论版,https://news.gmw.cn/2026-03/21/content_38660607.htm,2026-08-20 04:09:04
news,光明日报·理论版,光明日报·理论版,,向 勇：坚持以核心价值观为引领 推动文化和科技融合发展,,光明日报·理论版,https://news.gmw.cn/2026-01/06/content_38520301.htm,2026-08-20 04:09:04
news,光明日报·理论版,光明日报·理论版,,文史科教,,光明日报·理论版,https://theory.gmw.cn/node_10141.htm,2026-08-20 04:09:04
news,光明日报·理论版,光明日报·理论版,,国际关系,,光明日报·理论版,https://theory.gmw.cn/node_10139.htm,2026-08-20 04:09:04
news,光明日报·理论版,光明日报·理论版,,经济社会,,光明日报·理论版,https://theory.gmw.cn/node_10145.htm,2026-08-20 04:09:04
news,光明日报·理论版,光明日报·理论版,,党建政治,,光明日报·理论版,https://theory.gmw.cn/node_4227.htm,2026-08-20 04:09:04
news,光明日报·理论版,光明日报·理论版,,理论综合,,光明日报·理论版,https://theory.gmw.cn/node_4403.htm,2026-08-20 04:09:04
news,光明日报·理论版,光明日报·理论版,,以丰富国际公共产品供给引领人工智能全球治理,,光明日报·理论版,https://theory.gmw.cn/2026-08/20/content_38952708.htm,2026-08-20 04:09:04
news,光明日报·理论版,光明日报·理论版,,为携手构建公正合理的全球人工智能治理体系贡献中国方案,,光明日报·理论版,https://theory.gmw.cn/2026-08/20/content_38952620.htm,2026-08-20 04:09:04
news,光明日报·理论版,光明日报·理论版,,人工智能何以向上向善,,光明日报·理论版,https://theory.gmw.cn/2026-08/19/content_38950749.htm,2026-08-20 04:09:04
news,光明日报·理论版,光明日报·理论版,,深化对“第二个结合”的理解与把握,,光明日报·理论版,https://theory.gmw.cn/2026-08/19/content_38950608.htm,2026-08-20 04:09:04
news,光明日报·理论版,光明日报·理论版,,中华民族共同体的历史演进,,光明日报·理论版,https://theory.gmw.cn/2026-08/19/content_38950478.htm,2026-08-20 04:09:04
news,光明日报·理论版,光明日报·理论版,,系统推动传统村落活化传承,,光明日报·理论版,https://theory.gmw.cn/2026-08/18/content_38949820.htm,2026-08-20 04:09:04
news,光明日报·理论版,光明日报·理论版,,全球文明倡议的内涵与底蕴,,光明日报·理论版,https://theory.gmw.cn/2026-08/20/content_38952749.htm,2026-08-20 04:09:04
news,光明日报·理论版,光明日报·理论版,,推动中美深度协作赋能全球人工智能治理,,光明日报·理论版,https://theory.gmw.cn/2026-08/14/content_38943496.htm,2026-08-20 04:09:04
news,光明日报·理论版,光明日报·理论版,,深学笃行习近平外交思想 奋力开创中国特色大国外交新局面,,光明日报·理论版,https://theory.gmw.cn/2026-08/12/content_38939063.htm,2026-08-20 04:09:04
news,光明日报·理论版,光明日报·理论版,,谱写习近平外交思想研究新篇章,,光明日报·理论版,https://theory.gmw.cn/2026-08/11/content_38936814.htm,2026-08-20 04:09:04
news,光明日报·理论版,光明日报·理论版,,全国统一大市场迈入制度性构建,,光明日报·理论版,https://theory.gmw.cn/2026-08/11/content_38936796.htm,2026-08-20 04:09:04
news,光明日报·理论版,光明日报·理论版,,深化基础研究国际交流合作 提高原始创新能力,,光明日报·理论版,https://theory.gmw.cn/2026-08/11/content_38936755.htm,2026-08-20 04:09:04
news,光明日报·理论版,光明日报·理论版,,深挖乡村创业场景资源,,光明日报·理论版,https://theory.gmw.cn/2026-08/20/content_38953618.htm,2026-08-20 04:09:04
news,光明日报·理论版,光明日报·理论版,,全力释放科技赋能产业的潜力,,光明日报·理论版,https://theory.gmw.cn/2026-08/20/content_38953578.htm,2026-08-20 04:09:04
news,光明日报·理论版,光明日报·理论版,,中国养老服务的顶层设计与底层创新,,光明日报·理论版,https://theory.gmw.cn/2026-08/20/content_38953523.htm,2026-08-20 04:09:04
news,光明日报·理论版,光明日报·理论版,,以开放促改革促发展,,光明日报·理论版,https://theory.gmw.cn/2026-08/20/content_38952797.htm,2026-08-20 04:09:04
news,光明日报·理论版,光明日报·理论版,,良法善治护航未来产业发展,,光明日报·理论版,https://theory.gmw.cn/2026-08/20/content_38952764.htm,2026-08-20 04:09:04
news,光明日报·理论版,光明日报·理论版,,梯度培育推动未来产业实现新突破,,光明日报·理论版,https://theory.gmw.cn/2026-08/20/content_38952714.htm,2026-08-20 04:09:04
news,光明日报·理论版,光明日报·理论版,,从群众期盼中找准工作着力点,,光明日报·理论版,https://theory.gmw.cn/2026-08/19/content_38950946.htm,2026-08-20 04:09:04
news,光明日报·理论版,光明日报·理论版,,以政治建军高质量保证国防和军队现代化建设高质量,,光明日报·理论版,https://theory.gmw.cn/2026-08/19/content_38950485.htm,2026-08-20 04:09:04
news,光明日报·理论版,光明日报·理论版,,决策如何做到科学合理,,光明日报·理论版,https://theory.gmw.cn/2026-08/19/content_38950413.htm,2026-08-20 04:09:04
news,光明日报·理论版,光明日报·理论版,,不断深化对习近平党建思想的理解把握,,光明日报·理论版,https://theory.gmw.cn/2026-08/18/content_38949616.htm,2026-08-20 04:09:04
news,光明日报·理论版,光明日报·理论版,,持续学习 凝心铸魂,,光明日报·理论版,https://theory.gmw.cn/2026-08/18/content_38948776.htm,2026-08-20 04:09:04
news,光明日报·理论版,光明日报·理论版,,心正 事正 政绩正,,光明日报·理论版,https://theory.gmw.cn/2026-08/18/content_38948711.htm,2026-08-20 04:09:04
news,光明日报·理论版,光明日报·理论版,,聚焦生动实践回应理论关切,,光明日报·理论版,https://theory.gmw.cn/2026-08/19/content_38950639.htm,2026-08-20 04:09:04
news,光明日报·理论版,光明日报·理论版,,支持基础研究贵在长期稳定,,光明日报·理论版,https://theory.gmw.cn/2026-08/19/content_38950570.htm,2026-08-20 04:09:04
news,光明日报·理论版,光明日报·理论版,,如何构建适应国际秩序重塑的自主知识体系,,光明日报·理论版,https://theory.gmw.cn/2026-08/17/content_38946969.htm,2026-08-20 04:09:04
news,光明日报·理论版,光明日报·理论版,,构建自主完备、开放高效的国家创新体系,,光明日报·理论版,https://theory.gmw.cn/2026-08/17/content_38946687.htm,2026-08-20 04:09:04
news,光明日报·理论版,光明日报·理论版,,不断提升中国哲学社会科学的主体性和原创性,,光明日报·理论版,https://theory.gmw.cn/2026-08/14/content_38943425.htm,2026-08-20 04:09:04
news,光明日报·理论版,光明日报·理论版,,《生态环境法典》的开创性贡献,,光明日报·理论版,https://theory.gmw.cn/2026-08/10/content_38934727.htm,2026-08-20 04:09:04
news,光明日报·理论版,光明日报·理论版,,微视频：“村”字号火爆全球魅力何在,,光明日报·理论版,https://theory.gmw.cn/2026-01/02/content_38554039.htm,2026-08-20 04:09:04
news,光明日报·理论版,光明日报·理论版,,微视频：文明交响曲：每个声部都精彩,,光明日报·理论版,https://theory.gmw.cn/2026-01/01/content_38553863.htm,2026-08-20 04:09:04
news,光明日报·理论版,光明日报·理论版,,微视频：China Travel为啥成了流量密码？,,光明日报·理论版,https://theory.gmw.cn/2025-12/23/content_38492948.htm,2026-08-20 04:09:04
news,光明日报·理论版,光明日报·理论版,,微视频：中国故事怎么讲？,,光明日报·理论版,https://theory.gmw.cn/2025-12/22/content_38490383.htm,2026-08-20 04:09:04
news,光明日报·理论版,光明日报·理论版,,微视频：宋锦如何“活”在当下？,,光明日报·理论版,https://theory.gmw.cn/2025-12/19/content_38486600.htm,2026-08-20 04:09:04
news,光明日报·理论版,光明日报·理论版,,微视频：千年文脉何以生生不息？,,光明日报·理论版,http://theory.gmw.cn/2025-12/18/content_38484219.htm,2026-08-20 04:09:04
news,光明日报·理论版,光明日报·理论版,,微视频：图书馆何以成为城市的心灵港湾？,,光明日报·理论版,http://theory.gmw.cn/2025-12/17/content_38482014.htm,2026-08-20 04:09:04
news,光明日报·理论版,光明日报·理论版,,微视频：10元票价的苏超为何成为全民派对,,光明日报·理论版,http://theory.gmw.cn/2025-12/16/content_38479459.htm,2026-08-20 04:09:04
news,光明日报·理论版,光明日报·理论版,,世界第一！40亿千瓦家底铸牢中国能源底座,,光明日报·理论版,https://theory.gmw.cn/2026-07/31/content_38919621.htm,2026-08-20 04:09:04
news,光明日报·理论版,光明日报·理论版,,数字福建探新路，乘“数”而上正当时,,光明日报·理论版,https://theory.gmw.cn/2026-07/23/content_38902786.htm,2026-08-20 04:09:04
news,光明日报·理论版,光明日报·理论版,,解码数字福建，乘势而上正青春,,光明日报·理论版,https://theory.gmw.cn/2026-07/09/content_38875718.htm,2026-08-20 04:09:04
news,光明日报·理论版,光明日报·理论版,,房子“升级” 日子“上新”,,光明日报·理论版,https://theory.gmw.cn/2026-06/26/content_38850082.htm,2026-08-20 04:09:04
news,光明日报·理论版,光明日报·理论版,,你的钱花在体验上了吗？,,光明日报·理论版,https://theory.gmw.cn/2026-06/11/content_38823502.htm,2026-08-20 04:09:04
news,光明日报·理论版,光明日报·理论版,,看“苏超”，逛“烟火”，换个花样游江苏,,光明日报·理论版,https://theory.gmw.cn/2026-06/05/content_38813506.htm,2026-08-20 04:09:04
news,光明日报·理论版,光明日报·理论版,,这碗米背后，是中国农业的“硬核实力”,,光明日报·理论版,https://theory.gmw.cn/2026-06/05/content_38813504.htm,2026-08-20 04:09:04
news,光明日报·理论版,光明日报·理论版,,假日经济“热”力全开,,光明日报·理论版,https://theory.gmw.cn/2026-05/15/content_38765000.htm,2026-08-20 04:09:04
news,光明日报·理论版,光明日报·理论版,,“苏超”如何吹响消费集结号,,光明日报·理论版,https://theory.gmw.cn/2026-05/14/content_38764018.htm,2026-08-20 04:09:04
news,光明日报·理论版,光明日报·理论版,,一图看懂“树立和践行正确政绩观”,,光明日报·理论版,https://theory.gmw.cn/2026-04/10/content_38700402.htm,2026-08-20 04:09:04
news,光明日报·理论版,光明日报·理论版,,《习近平关于民政工作论述摘编》出版发行,,光明日报·理论版,https://theory.gmw.cn/2025-10/29/content_38376774.htm,2026-08-20 04:09:04
news,光明日报·理论版,光明日报·理论版,,习近平同志《论坚持全面深化改革》第一卷、第二卷出版发行,,光明日报·理论版,https://theory.gmw.cn/2025-10/29/content_38376742.htm,2026-08-20 04:09:04
news,光明日报·理论版,光明日报·理论版,,《习近平生态文明文选》第一卷出版发行,,光明日报·理论版,https://theory.gmw.cn/2025-10/29/content_38376771.htm,2026-08-20 04:09:04
news,光明日报·理论版,光明日报·理论版,,《习近平新时代中国特色社会主义思想学习论丛》第十一辑至第十五辑出版发行,,光明日报·理论版,https://theory.gmw.cn/2025-10/29/content_38376733.htm,2026-08-20 04:09:04
news,光明日报·理论版,光明日报·理论版,,经济学如何塑造我们的生活,,光明日报·理论版,https://theory.gmw.cn/2025-10/29/content_38373967.htm,2026-08-20 04:09:04
news,光明日报·理论版,光明日报·理论版,,《中国共产党精神史》总序,,光明日报·理论版,https://theory.gmw.cn/2026-05/29/content_38798145.htm,2026-08-20 04:09:04
news,光明日报·理论版,光明日报·理论版,,《树牢正确政绩观》出版发行,,光明日报·理论版,https://theory.gmw.cn/2026-03/01/content_38620547.htm,2026-08-20 04:09:04
news,光明日报·理论版,光明日报·理论版,,中国国际关系史研究百年,,光明日报·理论版,https://theory.gmw.cn/2025-12/01/content_38451281.htm,2026-08-20 04:09:04
news,光明日报·理论版,光明日报·理论版,,习近平党建思想理论研讨会,,光明日报·理论版,https://theory.gmw.cn/2026-07/10/content_38878904.htm,2026-08-20 04:09:04
news,光明日报·理论版,光明日报·理论版,,发展中国家国家治理高端智库论坛举办,,光明日报·理论版,https://theory.gmw.cn/2026-06/26/content_38851339.htm,2026-08-20 04:09:04
news,光明日报·理论版,光明日报·理论版,,深化党的创新理论的原理性成果研究,,光明日报·理论版,https://theory.gmw.cn/2026-06/12/content_38825126.htm,2026-08-20 04:09:04
news,光明日报·理论版,光明日报·理论版,,马克思主义理论学科自主知识体系建设,,光明日报·理论版,https://theory.gmw.cn/2026-06/10/content_38821382.htm,2026-08-20 04:09:04
news,光明日报·理论版,光明日报·理论版,,“生态文明学术周2026”系列学术活动,,光明日报·理论版,https://theory.gmw.cn/2026-06/05/content_38813860.htm,2026-08-20 04:09:04
news,光明日报·理论版,光明日报·理论版,,不断开创新时代中国史学新局面,,光明日报·理论版,https://theory.gmw.cn/2026-06/04/content_38811912.htm,2026-08-20 04:09:04
news,光明日报·理论版,光明日报·理论版,,“自主知识体系与文化自信”理论研讨会,,光明日报·理论版,https://theory.gmw.cn/2026-05/20/content_38777585.htm,2026-08-20 04:09:04
news,光明日报·理论版,光明日报·理论版,,理响中国·薪火“燃”青春,,光明日报·理论版,https://topics.gmw.cn/node_168473.htm,2026-08-20 04:09:04
news,光明日报·理论版,光明日报·理论版,,“理响中国·铿锵有理|在改革开放中开辟广阔前景暨党校公开课第十二季”,,光明日报·理论版,https://topics.gmw.cn/node_161185.htm,2026-08-20 04:09:04
news,光明日报·理论版,光明日报·理论版,,“理响中国”理论融媒体精品征集展播活动,,光明日报·理论版,https://topics.gmw.cn/node_157830.htm,2026-08-20 04:09:04
news,光明日报·理论版,光明日报·理论版,,把中国式现代化的美好图景变为现实,,光明日报·理论版,https://topics.gmw.cn/node_161019.htm,2026-08-20 04:09:04
news,光明日报·理论版,光明日报·理论版,,理响中国·实践新论,,光明日报·理论版,https://topics.gmw.cn/node_155991.htm,2026-08-20 04:09:04
news,光明日报·理论版,光明日报·理论版,,理响中国之理响新征程,,光明日报·理论版,https://topics.gmw.cn/node_153434.htm,2026-08-20 04:09:04
news,光明日报·理论版,光明日报·理论版,,时代青音·理论学者助力计划,,光明日报·理论版,https://topics.gmw.cn/node_153372.htm,2026-08-20 04:09:04
news,光明日报·理论版,光明日报·理论版,,人民网理论频道,,光明日报·理论版,http://theory.people.com.cn/,2026-08-20 04:09:04
news,光明日报·理论版,光明日报·理论版,,新华网理论频道,,光明日报·理论版,http://www.xinhuanet.com/politics/xhll.htm,2026-08-20 04:09:04
news,光明日报·理论版,光明日报·理论版,,中国社会科学网,,光明日报·理论版,http://www.cssn.cn/,2026-08-20 04:09:04
news,光明日报·理论版,光明日报·理论版,,南方网理论频道,,光明日报·理论版,http://theory.southcn.com/,2026-08-20 04:09:04
news,光明日报·理论版,光明日报·理论版,,齐鲁网理论频道,,光明日报·理论版,http://theory.iqilu.com/,2026-08-20 04:09:04
news,光明日报·理论版,光明日报·理论版,,宣讲家网,,光明日报·理论版,http://www.71.cn/,2026-08-20 04:09:04
news,光明日报·理论版,光明日报·理论版,,大众网理论频道,,光明日报·理论版,http://www.dzllzg.com/,2026-08-20 04:09:04
news,光明日报·理论版,光明日报·理论版,,https://iwaes.gmw.cn,,光明日报·理论版,https://iwaes.gmw.cn,2026-08-20 04:09:04
news,光明日报·理论版,光明日报·理论版,,gmwll@gmw.cn,,光明日报·理论版,mailto:gmwll@gmw.cn,2026-08-20 04:09:04
news,光明日报·理论版,光明日报·理论版,,手机光明网,,光明日报·理论版,https://m.gmw.cn/,2026-08-20 04:09:04
news,光明日报·理论版,光明日报·理论版,,光明日报社概况,,光明日报·理论版,https://about.gmw.cn/node_21441.htm,2026-08-20 04:09:04
news,光明日报·理论版,光明日报·理论版,,关于光明网,,光明日报·理论版,https://about.gmw.cn/aboutus.htm,2026-08-20 04:09:04
news,光明日报·理论版,光明日报·理论版,,报网动态,,光明日报·理论版,https://about.gmw.cn/node_8926.htm,2026-08-20 04:09:04
news,光明日报·理论版,光明日报·理论版,,联系我们,,光明日报·理论版,https://about.gmw.cn/node_46280.htm,2026-08-20 04:09:04
news,光明日报·理论版,光明日报·理论版,,法律声明,,光明日报·理论版,https://about.gmw.cn/node_46279.htm,2026-08-20 04:09:04
news,光明日报·理论版,光明日报·理论版,,光明网邮箱,,光明日报·理论版,https://mail.gmw.cn/,2026-08-20 04:09:04
news,光明日报·理论版,光明日报·理论版,,网站地图,,光明日报·理论版,https://www.gmw.cn/map.htm,2026-08-20 04:09:04
news,人民日报·理论版,,"抓取失败: HTTPSConnectionPool(host='theory.people.com.cn', port=443): Max retries exceeded with url: / (Caused by SSLError(SSLCertVerificationError(1, ""[SSL: CERTIFICATE_VERIFY_FAILED] certificate verify failed: Hostname mismatch, certificate is not valid for 'theory.people.com.cn'. (_ssl.c:1016)"")))",,,https://theory.people.com.cn/,2026-08-20 04:09:05
econ,经济研究,经济研究,,,,,https://erj.ajcass.com/,2026-08-20 04:09:08
econ,财经研究,,"抓取失败: HTTPSConnectionPool(host='cjx.sufe.edu.cn', port=443): Max retries exceeded with url: / (Caused by NameResolutionError(""HTTPSConnection(host='cjx.sufe.edu.cn', port=443): Failed to resolve 'cjx.sufe.edu.cn' ([Errno -2] Name or service not known)""))",,,https://cjx.sufe.edu.cn/,2026-08-20 04:09:10
econ,当代财经,,"抓取失败: HTTPSConnectionPool(host='cjxs.jxufe.edu.cn', port=443): Max retries exceeded with url: / (Caused by NameResolutionError(""HTTPSConnection(host='cjxs.jxufe.edu.cn', port=443): Failed to resolve 'cjxs.jxufe.edu.cn' ([Errno -2] Name or service not known)""))",,,https://cjxs.jxufe.edu.cn/,2026-08-20 04:09:13
econ,中国工业经济,,"抓取失败: HTTPSConnectionPool(host='gjjs.cass.cn', port=443): Max retries exceeded with url: / (Caused by NameResolutionError(""HTTPSConnection(host='gjjs.cass.cn', port=443): Failed to resolve 'gjjs.cass.cn' ([Errno -2] Name or service not known)""))",,,https://gjjs.cass.cn/,2026-08-20 04:09:15
econ,世界经济,,"抓取失败: HTTPSConnectionPool(host='sjjj.cass.cn', port=443): Max retries exceeded with url: / (Caused by NameResolutionError(""HTTPSConnection(host='sjjj.cass.cn', port=443): Failed to resolve 'sjjj.cass.cn' ([Errno -2] Name or service not known)""))",,,https://sjjj.cass.cn/,2026-08-20 04:09:18
econ,经济学(季刊),北京大学期刊网,文章标题 作者 作者单位 摘要 关键词 学科门类 期刊名称 出版社名称 ISSN EISSN 语种 DOI 主题 全部字段,,,,http://ccj.pku.edu.cn/,2026-08-20 04:09:22
news,光明日报·理论版,光明日报·理论版,,English,,光明日报·理论版,https://en.gmw.cn/,2026-08-20 04:14:17
news,光明日报·理论版,光明日报·理论版,,光明图片,,光明日报·理论版,https://pic.gmw.cn/,2026-08-20 04:14:17
news,光明日报·理论版,光明日报·理论版,,我要投稿,,光明日报·理论版,mailto:net@gmw.cn,2026-08-20 04:14:17
news,光明日报·理论版,光明日报·理论版,,光明报系,,光明日报·理论版,https://epaper.gmw.cn/,2026-08-20 04:14:17
news,光明日报·理论版,光明日报·理论版,,更多>>,,光明日报·理论版,https://www.gmw.cn/map.htm,2026-08-20 04:14:17
news,光明日报·理论版,光明日报·理论版,,理论导读,,光明日报·理论版,https://theory.gmw.cn/node_41267.htm,2026-08-20 04:14:17
news,光明日报·理论版,光明日报·理论版,,光明网专论,,光明日报·理论版,https://theory.gmw.cn/node_97034.htm,2026-08-20 04:14:17
news,光明日报·理论版,光明日报·理论版,,光明独家,,光明日报·理论版,https://theory.gmw.cn/node_47530.htm ,2026-08-20 04:14:17
news,光明日报·理论版,光明日报·理论版,,百场讲坛,,光明日报·理论版,https://topics.gmw.cn/bcjt/,2026-08-20 04:14:17
news,光明日报·理论版,光明日报·理论版,,理论视频,,光明日报·理论版,https://theory.gmw.cn/node_162574.htm,2026-08-20 04:14:17
news,光明日报·理论版,光明日报·理论版,,理论图解,,光明日报·理论版,https://theory.gmw.cn/node_162576.htm,2026-08-20 04:14:17
news,光明日报·理论版,光明日报·理论版,,文章精选,,光明日报·理论版,https://theory.gmw.cn/node_10133.htm,2026-08-20 04:14:17
news,光明日报·理论版,光明日报·理论版,,理论专题,,光明日报·理论版,https://theory.gmw.cn/node_10128.htm,2026-08-20 04:14:17
news,光明日报·理论版,光明日报·理论版,,江泽民有关社会建设系列论述的理论内涵与时代价值,,光明日报·理论版,http://theory.gmw.cn/2026-08/19/content_38951390.htm,2026-08-20 04:14:17
news,光明日报·理论版,光明日报·理论版,,推进体制机制创新 加快培育发展新质生产力,,光明日报·理论版,https://news.gmw.cn/2026-08/19/content_38950233.htm,2026-08-20 04:14:17
news,光明日报·理论版,光明日报·理论版,,推动“人工智能+思政教育”走深走实,,光明日报·理论版,https://news.gmw.cn/2026-08/19/content_38950232.htm,2026-08-20 04:14:17
news,光明日报·理论版,光明日报·理论版,,发展智能经济新形态,,光明日报·理论版,https://news.gmw.cn/2026-08/18/content_38948325.htm,2026-08-20 04:14:17
news,光明日报·理论版,光明日报·理论版,,江泽民有关社会建设系列论述的理论内涵与时代价值,,光明日报·理论版,https://theory.gmw.cn/2026-08/19/content_38951390.htm,2026-08-20 04:14:17
news,光明日报·理论版,光明日报·理论版,,首份消费领域国家级专项规划的战略深意,,光明日报·理论版,https://theory.gmw.cn/2026-08/04/content_38925645.htm,2026-08-20 04:14:17
news,光明日报·理论版,光明日报·理论版,,跨越文化间距 全面提升国际传播效能,,光明日报·理论版,https://theory.gmw.cn/2026-04/09/content_38697892.htm,2026-08-20 04:14:17
news,光明日报·理论版,光明日报·理论版,,“理响中国·文化旗帜”党校公开课第14季,,光明日报·理论版,https://topics.gmw.cn/node_166993.htm,2026-08-20 04:14:17
news,光明日报·理论版,光明日报·理论版,,理响中国·铿锵有理|经济向好有底气,,光明日报·理论版,https://topics.gmw.cn/node_166533.htm,2026-08-20 04:14:17
news,光明日报·理论版,光明日报·理论版,,人文经济学,,光明日报·理论版,https://topics.gmw.cn/node_165153.htm,2026-08-20 04:14:17
news,光明日报·理论版,光明日报·理论版,,理响中国·春江水暖鸭先知,,光明日报·理论版,https://topics.gmw.cn/node_164576.htm,2026-08-20 04:14:17
news,光明日报·理论版,光明日报·理论版,,把中国式现代化美好图景变为现实,,光明日报·理论版,https://topics.gmw.cn/node_161019.htm,2026-08-20 04:14:17
news,光明日报·理论版,光明日报·理论版,,在改革开放中开辟广阔前景,,光明日报·理论版,https://topics.gmw.cn/node_161185.htm,2026-08-20 04:14:17
news,光明日报·理论版,光明日报·理论版,,从“一出戏”到“一座城”，演艺新空间培育消费新动能,,光明日报·理论版,https://theory.gmw.cn/2026-08/14/content_38943596.htm,2026-08-20 04:14:17
news,光明日报·理论版,光明日报·理论版,,高标准劳动力市场体系支撑未来产业培育,,光明日报·理论版,https://theory.gmw.cn/2026-06/23/content_38843308.htm,2026-08-20 04:14:17
news,光明日报·理论版,光明日报·理论版,,AI时代的就业政策重在“组合拳”,,光明日报·理论版,https://theory.gmw.cn/2026-06/10/content_38821275.htm,2026-08-20 04:14:17
news,光明日报·理论版,光明日报·理论版,,推动城市低空经济安全可持续发展,,光明日报·理论版,https://theory.gmw.cn/2026-06/01/content_38804681.htm,2026-08-20 04:14:17
news,光明日报·理论版,光明日报·理论版,,旅居热潮背后的消费新蓝海,,光明日报·理论版,https://theory.gmw.cn/2026-05/20/content_38777128.htm,2026-08-20 04:14:17
news,光明日报·理论版,光明日报·理论版,,绿色税收制度是建设美丽中国的重要支撑,,光明日报·理论版,https://theory.gmw.cn/2026-08/19/content_38951391.htm,2026-08-20 04:14:17
news,光明日报·理论版,光明日报·理论版,,[详情],,光明日报·理论版,https://theory.gmw.cn/2026-08/19/content_38951391.htm,2026-08-20 04:14:17
news,光明日报·理论版,光明日报·理论版,,不断推进城市治理体系和治理能力现代化,,光明日报·理论版,https://theory.gmw.cn/2026-08/18/content_38949517.htm,2026-08-20 04:14:17
news,光明日报·理论版,光明日报·理论版,,构建自主完备、开放高效的国家创新体系,,光明日报·理论版,https://theory.gmw.cn/2026-08/17/content_38947537.htm,2026-08-20 04:14:17
news,光明日报·理论版,光明日报·理论版,,固根基守正道 破藩篱开新局,,光明日报·理论版,https://theory.gmw.cn/2026-08/12/content_38940220.htm,2026-08-20 04:14:17
news,光明日报·理论版,光明日报·理论版,,[详情],,光明日报·理论版,https://theory.gmw.cn/2026-08/12/content_38940220.htm,2026-08-20 04:14:17
news,光明日报·理论版,光明日报·理论版,,“妈祖”赋能全球气象预警,,光明日报·理论版,https://theory.gmw.cn/2026-08/20/content_38953145.htm,2026-08-20 04:14:17
news,光明日报·理论版,光明日报·理论版,,数智技术赋能城市现代化治理,,光明日报·理论版,https://theory.gmw.cn/2026-08/18/content_38949481.htm,2026-08-20 04:14:17
news,光明日报·理论版,光明日报·理论版,,以治理创新提升宏观经济治理效能,,光明日报·理论版,https://theory.gmw.cn/2026-08/14/content_38944130.htm,2026-08-20 04:14:17
news,光明日报·理论版,光明日报·理论版,,走进青年圈层，讲活时代理论,,光明日报·理论版,https://theory.gmw.cn/2026-08/14/content_38943804.htm,2026-08-20 04:14:17
news,光明日报·理论版,光明日报·理论版,,稳住外贸外资基本盘,,光明日报·理论版,https://theory.gmw.cn/2026-08/13/content_38941142.htm,2026-08-20 04:14:17
news,光明日报·理论版,光明日报·理论版,,全面认识习近平经济思想的理论贡献,,光明日报·理论版,https://theory.gmw.cn/2026-08/12/content_38939916.htm,2026-08-20 04:14:17
news,光明日报·理论版,光明日报·理论版,,诗意栖居：中国古代休闲文化,,光明日报·理论版,https://news.gmw.cn/2026-08/19/content_38950134.htm,2026-08-20 04:14:17
news,光明日报·理论版,光明日报·理论版,,西方休闲文化的源流与精神,,光明日报·理论版,https://news.gmw.cn/2026-08/19/content_38950133.htm,2026-08-20 04:14:17
news,光明日报·理论版,光明日报·理论版,,智能经济促进消费新场景扩容,,光明日报·理论版,https://news.gmw.cn/2026-08/18/content_38948324.htm,2026-08-20 04:14:17
news,光明日报·理论版,光明日报·理论版,,构建“人文要素”市场,,光明日报·理论版,https://news.gmw.cn/2026-08/18/content_38948263.htm,2026-08-20 04:14:17
news,光明日报·理论版,光明日报·理论版,,AI算力主权,,光明日报·理论版,https://news.gmw.cn/2026-08/18/content_38948262.htm,2026-08-20 04:14:17
news,光明日报·理论版,光明日报·理论版,,面向新型能源体系的能源安全观念,,光明日报·理论版,https://news.gmw.cn/2026-08/18/content_38948261.htm,2026-08-20 04:14:17
news,光明日报·理论版,光明日报·理论版,,党的创新理论传播的实践体悟,,光明日报·理论版,https://theory.gmw.cn/2026-08/10/content_38935450.htm,2026-08-20 04:14:17
news,光明日报·理论版,光明日报·理论版,,共建美美与共的文明百花园,,光明日报·理论版,http://theory.gmw.cn/2025-11/18/content_38406071.htm,2026-08-20 04:14:17
news,光明日报·理论版,光明日报·理论版,,展现可信、可爱、可敬的中国形象,,光明日报·理论版,http://theory.gmw.cn/2025-11/17/content_38406072.htm,2026-08-20 04:14:17
news,光明日报·理论版,光明日报·理论版,,守护好中华民族的文化瑰宝,,光明日报·理论版,http://theory.gmw.cn/2025-11/14/content_38406067.htm,2026-08-20 04:14:17
news,光明日报·理论版,光明日报·理论版,,把最好的精神食粮奉献给人民,,光明日报·理论版,http://theory.gmw.cn/2025-11/13/content_38406038.htm,2026-08-20 04:14:17
news,光明日报·理论版,光明日报·理论版,,唱响主旋律、弘扬正能量,,光明日报·理论版,http://theory.gmw.cn/2025-11/12/content_38406039.htm,2026-08-20 04:14:17
news,光明日报·理论版,光明日报·理论版,,像石榴籽一样紧紧抱在一起,,光明日报·理论版,http://theory.gmw.cn/2025-11/11/content_38403981.htm,2026-08-20 04:14:17
news,光明日报·理论版,光明日报·理论版,,“核心价值观百场讲坛”第171场,,光明日报·理论版,https://topics.gmw.cn/bcjt/node_159013.htm,2026-08-20 04:14:17
news,光明日报·理论版,光明日报·理论版,,王延中：弘扬社会主义核心价值观 铸牢中华民族共同体意识,,光明日报·理论版,https://news.gmw.cn/2026-08/16/content_38945716.htm,2026-08-20 04:14:17
news,光明日报·理论版,光明日报·理论版,,刘景凤：大力弘扬工匠精神 勇担技能报国使命,,光明日报·理论版,https://news.gmw.cn/2026-07/01/content_38860037.htm,2026-08-20 04:14:17
news,光明日报·理论版,光明日报·理论版,,彭凤莲：从六尺巷看中国传统礼让文化的当代价值,,光明日报·理论版,https://news.gmw.cn/2026-05/29/content_38796471.htm,2026-08-20 04:14:17
news,光明日报·理论版,光明日报·理论版,,朱杰人：从“第二个结合”看朱子理学的敬业之道,,光明日报·理论版,https://news.gmw.cn/2026-03/28/content_38675961.htm,2026-08-20 04:14:17
news,光明日报·理论版,光明日报·理论版,,蒋乾麟：以雷锋精神引导青少年成长成才,,光明日报·理论版,https://news.gmw.cn/2026-03/21/content_38660607.htm,2026-08-20 04:14:17
news,光明日报·理论版,光明日报·理论版,,向 勇：坚持以核心价值观为引领 推动文化和科技融合发展,,光明日报·理论版,https://news.gmw.cn/2026-01/06/content_38520301.htm,2026-08-20 04:14:17
news,光明日报·理论版,光明日报·理论版,,文史科教,,光明日报·理论版,https://theory.gmw.cn/node_10141.htm,2026-08-20 04:14:17
news,光明日报·理论版,光明日报·理论版,,国际关系,,光明日报·理论版,https://theory.gmw.cn/node_10139.htm,2026-08-20 04:14:17
news,光明日报·理论版,光明日报·理论版,,经济社会,,光明日报·理论版,https://theory.gmw.cn/node_10145.htm,2026-08-20 04:14:17
news,光明日报·理论版,光明日报·理论版,,党建政治,,光明日报·理论版,https://theory.gmw.cn/node_4227.htm,2026-08-20 04:14:17
news,光明日报·理论版,光明日报·理论版,,理论综合,,光明日报·理论版,https://theory.gmw.cn/node_4403.htm,2026-08-20 04:14:17
news,光明日报·理论版,光明日报·理论版,,以丰富国际公共产品供给引领人工智能全球治理,,光明日报·理论版,https://theory.gmw.cn/2026-08/20/content_38952708.htm,2026-08-20 04:14:17
news,光明日报·理论版,光明日报·理论版,,为携手构建公正合理的全球人工智能治理体系贡献中国方案,,光明日报·理论版,https://theory.gmw.cn/2026-08/20/content_38952620.htm,2026-08-20 04:14:17
news,光明日报·理论版,光明日报·理论版,,人工智能何以向上向善,,光明日报·理论版,https://theory.gmw.cn/2026-08/19/content_38950749.htm,2026-08-20 04:14:17
news,光明日报·理论版,光明日报·理论版,,深化对“第二个结合”的理解与把握,,光明日报·理论版,https://theory.gmw.cn/2026-08/19/content_38950608.htm,2026-08-20 04:14:17
news,光明日报·理论版,光明日报·理论版,,中华民族共同体的历史演进,,光明日报·理论版,https://theory.gmw.cn/2026-08/19/content_38950478.htm,2026-08-20 04:14:17
news,光明日报·理论版,光明日报·理论版,,系统推动传统村落活化传承,,光明日报·理论版,https://theory.gmw.cn/2026-08/18/content_38949820.htm,2026-08-20 04:14:17
news,光明日报·理论版,光明日报·理论版,,全球文明倡议的内涵与底蕴,,光明日报·理论版,https://theory.gmw.cn/2026-08/20/content_38952749.htm,2026-08-20 04:14:17
news,光明日报·理论版,光明日报·理论版,,推动中美深度协作赋能全球人工智能治理,,光明日报·理论版,https://theory.gmw.cn/2026-08/14/content_38943496.htm,2026-08-20 04:14:17
news,光明日报·理论版,光明日报·理论版,,深学笃行习近平外交思想 奋力开创中国特色大国外交新局面,,光明日报·理论版,https://theory.gmw.cn/2026-08/12/content_38939063.htm,2026-08-20 04:14:17
news,光明日报·理论版,光明日报·理论版,,谱写习近平外交思想研究新篇章,,光明日报·理论版,https://theory.gmw.cn/2026-08/11/content_38936814.htm,2026-08-20 04:14:17
news,光明日报·理论版,光明日报·理论版,,全国统一大市场迈入制度性构建,,光明日报·理论版,https://theory.gmw.cn/2026-08/11/content_38936796.htm,2026-08-20 04:14:17
news,光明日报·理论版,光明日报·理论版,,深化基础研究国际交流合作 提高原始创新能力,,光明日报·理论版,https://theory.gmw.cn/2026-08/11/content_38936755.htm,2026-08-20 04:14:17
news,光明日报·理论版,光明日报·理论版,,深挖乡村创业场景资源,,光明日报·理论版,https://theory.gmw.cn/2026-08/20/content_38953618.htm,2026-08-20 04:14:17
news,光明日报·理论版,光明日报·理论版,,全力释放科技赋能产业的潜力,,光明日报·理论版,https://theory.gmw.cn/2026-08/20/content_38953578.htm,2026-08-20 04:14:17
news,光明日报·理论版,光明日报·理论版,,中国养老服务的顶层设计与底层创新,,光明日报·理论版,https://theory.gmw.cn/2026-08/20/content_38953523.htm,2026-08-20 04:14:17
news,光明日报·理论版,光明日报·理论版,,以开放促改革促发展,,光明日报·理论版,https://theory.gmw.cn/2026-08/20/content_38952797.htm,2026-08-20 04:14:17
news,光明日报·理论版,光明日报·理论版,,良法善治护航未来产业发展,,光明日报·理论版,https://theory.gmw.cn/2026-08/20/content_38952764.htm,2026-08-20 04:14:17
news,光明日报·理论版,光明日报·理论版,,梯度培育推动未来产业实现新突破,,光明日报·理论版,https://theory.gmw.cn/2026-08/20/content_38952714.htm,2026-08-20 04:14:17
news,光明日报·理论版,光明日报·理论版,,从群众期盼中找准工作着力点,,光明日报·理论版,https://theory.gmw.cn/2026-08/19/content_38950946.htm,2026-08-20 04:14:17
news,光明日报·理论版,光明日报·理论版,,以政治建军高质量保证国防和军队现代化建设高质量,,光明日报·理论版,https://theory.gmw.cn/2026-08/19/content_38950485.htm,2026-08-20 04:14:17
news,光明日报·理论版,光明日报·理论版,,决策如何做到科学合理,,光明日报·理论版,https://theory.gmw.cn/2026-08/19/content_38950413.htm,2026-08-20 04:14:17
news,光明日报·理论版,光明日报·理论版,,不断深化对习近平党建思想的理解把握,,光明日报·理论版,https://theory.gmw.cn/2026-08/18/content_38949616.htm,2026-08-20 04:14:17
news,光明日报·理论版,光明日报·理论版,,持续学习 凝心铸魂,,光明日报·理论版,https://theory.gmw.cn/2026-08/18/content_38948776.htm,2026-08-20 04:14:17
news,光明日报·理论版,光明日报·理论版,,心正 事正 政绩正,,光明日报·理论版,https://theory.gmw.cn/2026-08/18/content_38948711.htm,2026-08-20 04:14:17
news,光明日报·理论版,光明日报·理论版,,聚焦生动实践回应理论关切,,光明日报·理论版,https://theory.gmw.cn/2026-08/19/content_38950639.htm,2026-08-20 04:14:17
news,光明日报·理论版,光明日报·理论版,,支持基础研究贵在长期稳定,,光明日报·理论版,https://theory.gmw.cn/2026-08/19/content_38950570.htm,2026-08-20 04:14:17
news,光明日报·理论版,光明日报·理论版,,如何构建适应国际秩序重塑的自主知识体系,,光明日报·理论版,https://theory.gmw.cn/2026-08/17/content_38946969.htm,2026-08-20 04:14:17
news,光明日报·理论版,光明日报·理论版,,构建自主完备、开放高效的国家创新体系,,光明日报·理论版,https://theory.gmw.cn/2026-08/17/content_38946687.htm,2026-08-20 04:14:17
news,光明日报·理论版,光明日报·理论版,,不断提升中国哲学社会科学的主体性和原创性,,光明日报·理论版,https://theory.gmw.cn/2026-08/14/content_38943425.htm,2026-08-20 04:14:17
news,光明日报·理论版,光明日报·理论版,,《生态环境法典》的开创性贡献,,光明日报·理论版,https://theory.gmw.cn/2026-08/10/content_38934727.htm,2026-08-20 04:14:17
news,光明日报·理论版,光明日报·理论版,,微视频：“村”字号火爆全球魅力何在,,光明日报·理论版,https://theory.gmw.cn/2026-01/02/content_38554039.htm,2026-08-20 04:14:17
news,光明日报·理论版,光明日报·理论版,,微视频：文明交响曲：每个声部都精彩,,光明日报·理论版,https://theory.gmw.cn/2026-01/01/content_38553863.htm,2026-08-20 04:14:17
news,光明日报·理论版,光明日报·理论版,,微视频：China Travel为啥成了流量密码？,,光明日报·理论版,https://theory.gmw.cn/2025-12/23/content_38492948.htm,2026-08-20 04:14:17
news,光明日报·理论版,光明日报·理论版,,微视频：中国故事怎么讲？,,光明日报·理论版,https://theory.gmw.cn/2025-12/22/content_38490383.htm,2026-08-20 04:14:17
news,光明日报·理论版,光明日报·理论版,,微视频：宋锦如何“活”在当下？,,光明日报·理论版,https://theory.gmw.cn/2025-12/19/content_38486600.htm,2026-08-20 04:14:17
news,光明日报·理论版,光明日报·理论版,,微视频：千年文脉何以生生不息？,,光明日报·理论版,http://theory.gmw.cn/2025-12/18/content_38484219.htm,2026-08-20 04:14:17
news,光明日报·理论版,光明日报·理论版,,微视频：图书馆何以成为城市的心灵港湾？,,光明日报·理论版,http://theory.gmw.cn/2025-12/17/content_38482014.htm,2026-08-20 04:14:17
news,光明日报·理论版,光明日报·理论版,,微视频：10元票价的苏超为何成为全民派对,,光明日报·理论版,http://theory.gmw.cn/2025-12/16/content_38479459.htm,2026-08-20 04:14:17
news,光明日报·理论版,光明日报·理论版,,世界第一！40亿千瓦家底铸牢中国能源底座,,光明日报·理论版,https://theory.gmw.cn/2026-07/31/content_38919621.htm,2026-08-20 04:14:17
news,光明日报·理论版,光明日报·理论版,,数字福建探新路，乘“数”而上正当时,,光明日报·理论版,https://theory.gmw.cn/2026-07/23/content_38902786.htm,2026-08-20 04:14:17
news,光明日报·理论版,光明日报·理论版,,解码数字福建，乘势而上正青春,,光明日报·理论版,https://theory.gmw.cn/2026-07/09/content_38875718.htm,2026-08-20 04:14:17
news,光明日报·理论版,光明日报·理论版,,房子“升级” 日子“上新”,,光明日报·理论版,https://theory.gmw.cn/2026-06/26/content_38850082.htm,2026-08-20 04:14:17
news,光明日报·理论版,光明日报·理论版,,你的钱花在体验上了吗？,,光明日报·理论版,https://theory.gmw.cn/2026-06/11/content_38823502.htm,2026-08-20 04:14:17
news,光明日报·理论版,光明日报·理论版,,看“苏超”，逛“烟火”，换个花样游江苏,,光明日报·理论版,https://theory.gmw.cn/2026-06/05/content_38813506.htm,2026-08-20 04:14:17
news,光明日报·理论版,光明日报·理论版,,这碗米背后，是中国农业的“硬核实力”,,光明日报·理论版,https://theory.gmw.cn/2026-06/05/content_38813504.htm,2026-08-20 04:14:17
news,光明日报·理论版,光明日报·理论版,,假日经济“热”力全开,,光明日报·理论版,https://theory.gmw.cn/2026-05/15/content_38765000.htm,2026-08-20 04:14:17
news,光明日报·理论版,光明日报·理论版,,“苏超”如何吹响消费集结号,,光明日报·理论版,https://theory.gmw.cn/2026-05/14/content_38764018.htm,2026-08-20 04:14:17
news,光明日报·理论版,光明日报·理论版,,一图看懂“树立和践行正确政绩观”,,光明日报·理论版,https://theory.gmw.cn/2026-04/10/content_38700402.htm,2026-08-20 04:14:17
news,光明日报·理论版,光明日报·理论版,,《习近平关于民政工作论述摘编》出版发行,,光明日报·理论版,https://theory.gmw.cn/2025-10/29/content_38376774.htm,2026-08-20 04:14:17
news,光明日报·理论版,光明日报·理论版,,习近平同志《论坚持全面深化改革》第一卷、第二卷出版发行,,光明日报·理论版,https://theory.gmw.cn/2025-10/29/content_38376742.htm,2026-08-20 04:14:17
news,光明日报·理论版,光明日报·理论版,,《习近平生态文明文选》第一卷出版发行,,光明日报·理论版,https://theory.gmw.cn/2025-10/29/content_38376771.htm,2026-08-20 04:14:17
news,光明日报·理论版,光明日报·理论版,,《习近平新时代中国特色社会主义思想学习论丛》第十一辑至第十五辑出版发行,,光明日报·理论版,https://theory.gmw.cn/2025-10/29/content_38376733.htm,2026-08-20 04:14:17
news,光明日报·理论版,光明日报·理论版,,经济学如何塑造我们的生活,,光明日报·理论版,https://theory.gmw.cn/2025-10/29/content_38373967.htm,2026-08-20 04:14:17
news,光明日报·理论版,光明日报·理论版,,《中国共产党精神史》总序,,光明日报·理论版,https://theory.gmw.cn/2026-05/29/content_38798145.htm,2026-08-20 04:14:17
news,光明日报·理论版,光明日报·理论版,,《树牢正确政绩观》出版发行,,光明日报·理论版,https://theory.gmw.cn/2026-03/01/content_38620547.htm,2026-08-20 04:14:17
news,光明日报·理论版,光明日报·理论版,,中国国际关系史研究百年,,光明日报·理论版,https://theory.gmw.cn/2025-12/01/content_38451281.htm,2026-08-20 04:14:17
news,光明日报·理论版,光明日报·理论版,,习近平党建思想理论研讨会,,光明日报·理论版,https://theory.gmw.cn/2026-07/10/content_38878904.htm,2026-08-20 04:14:17
news,光明日报·理论版,光明日报·理论版,,发展中国家国家治理高端智库论坛举办,,光明日报·理论版,https://theory.gmw.cn/2026-06/26/content_38851339.htm,2026-08-20 04:14:17
news,光明日报·理论版,光明日报·理论版,,深化党的创新理论的原理性成果研究,,光明日报·理论版,https://theory.gmw.cn/2026-06/12/content_38825126.htm,2026-08-20 04:14:17
news,光明日报·理论版,光明日报·理论版,,马克思主义理论学科自主知识体系建设,,光明日报·理论版,https://theory.gmw.cn/2026-06/10/content_38821382.htm,2026-08-20 04:14:17
news,光明日报·理论版,光明日报·理论版,,“生态文明学术周2026”系列学术活动,,光明日报·理论版,https://theory.gmw.cn/2026-06/05/content_38813860.htm,2026-08-20 04:14:17
news,光明日报·理论版,光明日报·理论版,,不断开创新时代中国史学新局面,,光明日报·理论版,https://theory.gmw.cn/2026-06/04/content_38811912.htm,2026-08-20 04:14:17
news,光明日报·理论版,光明日报·理论版,,“自主知识体系与文化自信”理论研讨会,,光明日报·理论版,https://theory.gmw.cn/2026-05/20/content_38777585.htm,2026-08-20 04:14:17
news,光明日报·理论版,光明日报·理论版,,理响中国·薪火“燃”青春,,光明日报·理论版,https://topics.gmw.cn/node_168473.htm,2026-08-20 04:14:17
news,光明日报·理论版,光明日报·理论版,,“理响中国·铿锵有理|在改革开放中开辟广阔前景暨党校公开课第十二季”,,光明日报·理论版,https://topics.gmw.cn/node_161185.htm,2026-08-20 04:14:17
news,光明日报·理论版,光明日报·理论版,,“理响中国”理论融媒体精品征集展播活动,,光明日报·理论版,https://topics.gmw.cn/node_157830.htm,2026-08-20 04:14:17
news,光明日报·理论版,光明日报·理论版,,把中国式现代化的美好图景变为现实,,光明日报·理论版,https://topics.gmw.cn/node_161019.htm,2026-08-20 04:14:17
news,光明日报·理论版,光明日报·理论版,,理响中国·实践新论,,光明日报·理论版,https://topics.gmw.cn/node_155991.htm,2026-08-20 04:14:17
news,光明日报·理论版,光明日报·理论版,,理响中国之理响新征程,,光明日报·理论版,https://topics.gmw.cn/node_153434.htm,2026-08-20 04:14:17
news,光明日报·理论版,光明日报·理论版,,时代青音·理论学者助力计划,,光明日报·理论版,https://topics.gmw.cn/node_153372.htm,2026-08-20 04:14:17
news,光明日报·理论版,光明日报·理论版,,人民网理论频道,,光明日报·理论版,http://theory.people.com.cn/,2026-08-20 04:14:17
news,光明日报·理论版,光明日报·理论版,,新华网理论频道,,光明日报·理论版,http://www.xinhuanet.com/politics/xhll.htm,2026-08-20 04:14:17
news,光明日报·理论版,光明日报·理论版,,中国社会科学网,,光明日报·理论版,http://www.cssn.cn/,2026-08-20 04:14:17
news,光明日报·理论版,光明日报·理论版,,南方网理论频道,,光明日报·理论版,http://theory.southcn.com/,2026-08-20 04:14:17
news,光明日报·理论版,光明日报·理论版,,齐鲁网理论频道,,光明日报·理论版,http://theory.iqilu.com/,2026-08-20 04:14:17
news,光明日报·理论版,光明日报·理论版,,宣讲家网,,光明日报·理论版,http://www.71.cn/,2026-08-20 04:14:17
news,光明日报·理论版,光明日报·理论版,,大众网理论频道,,光明日报·理论版,http://www.dzllzg.com/,2026-08-20 04:14:17
news,光明日报·理论版,光明日报·理论版,,https://iwaes.gmw.cn,,光明日报·理论版,https://iwaes.gmw.cn,2026-08-20 04:14:17
news,光明日报·理论版,光明日报·理论版,,gmwll@gmw.cn,,光明日报·理论版,mailto:gmwll@gmw.cn,2026-08-20 04:14:17
news,光明日报·理论版,光明日报·理论版,,手机光明网,,光明日报·理论版,https://m.gmw.cn/,2026-08-20 04:14:17
news,光明日报·理论版,光明日报·理论版,,光明日报社概况,,光明日报·理论版,https://about.gmw.cn/node_21441.htm,2026-08-20 04:14:17
news,光明日报·理论版,光明日报·理论版,,关于光明网,,光明日报·理论版,https://about.gmw.cn/aboutus.htm,2026-08-20 04:14:17
news,光明日报·理论版,光明日报·理论版,,报网动态,,光明日报·理论版,https://about.gmw.cn/node_8926.htm,2026-08-20 04:14:17
news,光明日报·理论版,光明日报·理论版,,联系我们,,光明日报·理论版,https://about.gmw.cn/node_46280.htm,2026-08-20 04:14:17
news,光明日报·理论版,光明日报·理论版,,法律声明,,光明日报·理论版,https://about.gmw.cn/node_46279.htm,2026-08-20 04:14:17
news,光明日报·理论版,光明日报·理论版,,光明网邮箱,,光明日报·理论版,https://mail.gmw.cn/,2026-08-20 04:14:17
news,光明日报·理论版,光明日报·理论版,,网站地图,,光明日报·理论版,https://www.gmw.cn/map.htm,2026-08-20 04:14:17
news,人民日报·理论版,,"抓取失败: HTTPSConnectionPool(host='theory.people.com.cn', port=443): Max retries exceeded with url: / (Caused by SSLError(SSLCertVerificationError(1, ""[SSL: CERTIFICATE_VERIFY_FAILED] certificate verify failed: Hostname mismatch, certificate is not valid for 'theory.people.com.cn'. (_ssl.c:1016)"")))",,,https://theory.people.com.cn/,2026-08-20 04:14:19
news,光明日报·理论版,光明日报·理论版,,光明网专论,,光明日报·理论版,https://theory.gmw.cn/node_97034.htm,2026-08-20 04:15:25
news,光明日报·理论版,光明日报·理论版,,江泽民有关社会建设系列论述的理论内涵与时代价值,,光明日报·理论版,http://theory.gmw.cn/2026-08/19/content_38951390.htm,2026-08-20 04:15:25
news,光明日报·理论版,光明日报·理论版,,推进体制机制创新 加快培育发展新质生产力,,光明日报·理论版,https://news.gmw.cn/2026-08/19/content_38950233.htm,2026-08-20 04:15:25
news,光明日报·理论版,光明日报·理论版,,推动“人工智能+思政教育”走深走实,,光明日报·理论版,https://news.gmw.cn/2026-08/19/content_38950232.htm,2026-08-20 04:15:25
news,光明日报·理论版,光明日报·理论版,,发展智能经济新形态,,光明日报·理论版,https://news.gmw.cn/2026-08/18/content_38948325.htm,2026-08-20 04:15:25
news,光明日报·理论版,光明日报·理论版,,江泽民有关社会建设系列论述的理论内涵与时代价值,,光明日报·理论版,https://theory.gmw.cn/2026-08/19/content_38951390.htm,2026-08-20 04:15:25
news,光明日报·理论版,光明日报·理论版,,首份消费领域国家级专项规划的战略深意,,光明日报·理论版,https://theory.gmw.cn/2026-08/04/content_38925645.htm,2026-08-20 04:15:25
news,光明日报·理论版,光明日报·理论版,,跨越文化间距 全面提升国际传播效能,,光明日报·理论版,https://theory.gmw.cn/2026-04/09/content_38697892.htm,2026-08-20 04:15:25
news,光明日报·理论版,光明日报·理论版,,“理响中国·文化旗帜”党校公开课第14季,,光明日报·理论版,https://topics.gmw.cn/node_166993.htm,2026-08-20 04:15:25
news,光明日报·理论版,光明日报·理论版,,理响中国·铿锵有理|经济向好有底气,,光明日报·理论版,https://topics.gmw.cn/node_166533.htm,2026-08-20 04:15:25
news,光明日报·理论版,光明日报·理论版,,人文经济学,,光明日报·理论版,https://topics.gmw.cn/node_165153.htm,2026-08-20 04:15:25
news,光明日报·理论版,光明日报·理论版,,理响中国·春江水暖鸭先知,,光明日报·理论版,https://topics.gmw.cn/node_164576.htm,2026-08-20 04:15:25
news,光明日报·理论版,光明日报·理论版,,把中国式现代化美好图景变为现实,,光明日报·理论版,https://topics.gmw.cn/node_161019.htm,2026-08-20 04:15:25
news,光明日报·理论版,光明日报·理论版,,在改革开放中开辟广阔前景,,光明日报·理论版,https://topics.gmw.cn/node_161185.htm,2026-08-20 04:15:25
news,光明日报·理论版,光明日报·理论版,,从“一出戏”到“一座城”，演艺新空间培育消费新动能,,光明日报·理论版,https://theory.gmw.cn/2026-08/14/content_38943596.htm,2026-08-20 04:15:25
news,光明日报·理论版,光明日报·理论版,,高标准劳动力市场体系支撑未来产业培育,,光明日报·理论版,https://theory.gmw.cn/2026-06/23/content_38843308.htm,2026-08-20 04:15:25
news,光明日报·理论版,光明日报·理论版,,AI时代的就业政策重在“组合拳”,,光明日报·理论版,https://theory.gmw.cn/2026-06/10/content_38821275.htm,2026-08-20 04:15:25
news,光明日报·理论版,光明日报·理论版,,推动城市低空经济安全可持续发展,,光明日报·理论版,https://theory.gmw.cn/2026-06/01/content_38804681.htm,2026-08-20 04:15:25
news,光明日报·理论版,光明日报·理论版,,旅居热潮背后的消费新蓝海,,光明日报·理论版,https://theory.gmw.cn/2026-05/20/content_38777128.htm,2026-08-20 04:15:25
news,光明日报·理论版,光明日报·理论版,,绿色税收制度是建设美丽中国的重要支撑,,光明日报·理论版,https://theory.gmw.cn/2026-08/19/content_38951391.htm,2026-08-20 04:15:25
news,光明日报·理论版,光明日报·理论版,,[详情],,光明日报·理论版,https://theory.gmw.cn/2026-08/19/content_38951391.htm,2026-08-20 04:15:25
news,光明日报·理论版,光明日报·理论版,,不断推进城市治理体系和治理能力现代化,,光明日报·理论版,https://theory.gmw.cn/2026-08/18/content_38949517.htm,2026-08-20 04:15:25
news,光明日报·理论版,光明日报·理论版,,构建自主完备、开放高效的国家创新体系,,光明日报·理论版,https://theory.gmw.cn/2026-08/17/content_38947537.htm,2026-08-20 04:15:25
news,光明日报·理论版,光明日报·理论版,,固根基守正道 破藩篱开新局,,光明日报·理论版,https://theory.gmw.cn/2026-08/12/content_38940220.htm,2026-08-20 04:15:25
news,光明日报·理论版,光明日报·理论版,,[详情],,光明日报·理论版,https://theory.gmw.cn/2026-08/12/content_38940220.htm,2026-08-20 04:15:25
news,光明日报·理论版,光明日报·理论版,,“妈祖”赋能全球气象预警,,光明日报·理论版,https://theory.gmw.cn/2026-08/20/content_38953145.htm,2026-08-20 04:15:25
news,光明日报·理论版,光明日报·理论版,,数智技术赋能城市现代化治理,,光明日报·理论版,https://theory.gmw.cn/2026-08/18/content_38949481.htm,2026-08-20 04:15:25
news,光明日报·理论版,光明日报·理论版,,以治理创新提升宏观经济治理效能,,光明日报·理论版,https://theory.gmw.cn/2026-08/14/content_38944130.htm,2026-08-20 04:15:25
news,光明日报·理论版,光明日报·理论版,,走进青年圈层，讲活时代理论,,光明日报·理论版,https://theory.gmw.cn/2026-08/14/content_38943804.htm,2026-08-20 04:15:25
news,光明日报·理论版,光明日报·理论版,,稳住外贸外资基本盘,,光明日报·理论版,https://theory.gmw.cn/2026-08/13/content_38941142.htm,2026-08-20 04:15:25
news,光明日报·理论版,光明日报·理论版,,全面认识习近平经济思想的理论贡献,,光明日报·理论版,https://theory.gmw.cn/2026-08/12/content_38939916.htm,2026-08-20 04:15:25
news,光明日报·理论版,光明日报·理论版,,诗意栖居：中国古代休闲文化,,光明日报·理论版,https://news.gmw.cn/2026-08/19/content_38950134.htm,2026-08-20 04:15:25
news,光明日报·理论版,光明日报·理论版,,西方休闲文化的源流与精神,,光明日报·理论版,https://news.gmw.cn/2026-08/19/content_38950133.htm,2026-08-20 04:15:25
news,光明日报·理论版,光明日报·理论版,,智能经济促进消费新场景扩容,,光明日报·理论版,https://news.gmw.cn/2026-08/18/content_38948324.htm,2026-08-20 04:15:25
news,光明日报·理论版,光明日报·理论版,,构建“人文要素”市场,,光明日报·理论版,https://news.gmw.cn/2026-08/18/content_38948263.htm,2026-08-20 04:15:25
news,光明日报·理论版,光明日报·理论版,,AI算力主权,,光明日报·理论版,https://news.gmw.cn/2026-08/18/content_38948262.htm,2026-08-20 04:15:25
news,光明日报·理论版,光明日报·理论版,,面向新型能源体系的能源安全观念,,光明日报·理论版,https://news.gmw.cn/2026-08/18/content_38948261.htm,2026-08-20 04:15:25
news,光明日报·理论版,光明日报·理论版,,党的创新理论传播的实践体悟,,光明日报·理论版,https://theory.gmw.cn/2026-08/10/content_38935450.htm,2026-08-20 04:15:25
news,光明日报·理论版,光明日报·理论版,,共建美美与共的文明百花园,,光明日报·理论版,http://theory.gmw.cn/2025-11/18/content_38406071.htm,2026-08-20 04:15:25
news,光明日报·理论版,光明日报·理论版,,展现可信、可爱、可敬的中国形象,,光明日报·理论版,http://theory.gmw.cn/2025-11/17/content_38406072.htm,2026-08-20 04:15:25
news,光明日报·理论版,光明日报·理论版,,守护好中华民族的文化瑰宝,,光明日报·理论版,http://theory.gmw.cn/2025-11/14/content_38406067.htm,2026-08-20 04:15:25
news,光明日报·理论版,光明日报·理论版,,把最好的精神食粮奉献给人民,,光明日报·理论版,http://theory.gmw.cn/2025-11/13/content_38406038.htm,2026-08-20 04:15:25
news,光明日报·理论版,光明日报·理论版,,唱响主旋律、弘扬正能量,,光明日报·理论版,http://theory.gmw.cn/2025-11/12/content_38406039.htm,2026-08-20 04:15:25
news,光明日报·理论版,光明日报·理论版,,像石榴籽一样紧紧抱在一起,,光明日报·理论版,http://theory.gmw.cn/2025-11/11/content_38403981.htm,2026-08-20 04:15:25
news,光明日报·理论版,光明日报·理论版,,王延中：弘扬社会主义核心价值观 铸牢中华民族共同体意识,,光明日报·理论版,https://news.gmw.cn/2026-08/16/content_38945716.htm,2026-08-20 04:15:25
news,光明日报·理论版,光明日报·理论版,,刘景凤：大力弘扬工匠精神 勇担技能报国使命,,光明日报·理论版,https://news.gmw.cn/2026-07/01/content_38860037.htm,2026-08-20 04:15:25
news,光明日报·理论版,光明日报·理论版,,彭凤莲：从六尺巷看中国传统礼让文化的当代价值,,光明日报·理论版,https://news.gmw.cn/2026-05/29/content_38796471.htm,2026-08-20 04:15:25
news,光明日报·理论版,光明日报·理论版,,朱杰人：从“第二个结合”看朱子理学的敬业之道,,光明日报·理论版,https://news.gmw.cn/2026-03/28/content_38675961.htm,2026-08-20 04:15:25
news,光明日报·理论版,光明日报·理论版,,蒋乾麟：以雷锋精神引导青少年成长成才,,光明日报·理论版,https://news.gmw.cn/2026-03/21/content_38660607.htm,2026-08-20 04:15:25
news,光明日报·理论版,光明日报·理论版,,向 勇：坚持以核心价值观为引领 推动文化和科技融合发展,,光明日报·理论版,https://news.gmw.cn/2026-01/06/content_38520301.htm,2026-08-20 04:15:25
news,光明日报·理论版,光明日报·理论版,,文史科教,,光明日报·理论版,https://theory.gmw.cn/node_10141.htm,2026-08-20 04:15:25
news,光明日报·理论版,光明日报·理论版,,国际关系,,光明日报·理论版,https://theory.gmw.cn/node_10139.htm,2026-08-20 04:15:25
news,光明日报·理论版,光明日报·理论版,,经济社会,,光明日报·理论版,https://theory.gmw.cn/node_10145.htm,2026-08-20 04:15:25
news,光明日报·理论版,光明日报·理论版,,党建政治,,光明日报·理论版,https://theory.gmw.cn/node_4227.htm,2026-08-20 04:15:25
news,光明日报·理论版,光明日报·理论版,,理论综合,,光明日报·理论版,https://theory.gmw.cn/node_4403.htm,2026-08-20 04:15:25
news,光明日报·理论版,光明日报·理论版,,以丰富国际公共产品供给引领人工智能全球治理,,光明日报·理论版,https://theory.gmw.cn/2026-08/20/content_38952708.htm,2026-08-20 04:15:25
news,光明日报·理论版,光明日报·理论版,,为携手构建公正合理的全球人工智能治理体系贡献中国方案,,光明日报·理论版,https://theory.gmw.cn/2026-08/20/content_38952620.htm,2026-08-20 04:15:25
news,光明日报·理论版,光明日报·理论版,,人工智能何以向上向善,,光明日报·理论版,https://theory.gmw.cn/2026-08/19/content_38950749.htm,2026-08-20 04:15:25
news,光明日报·理论版,光明日报·理论版,,深化对“第二个结合”的理解与把握,,光明日报·理论版,https://theory.gmw.cn/2026-08/19/content_38950608.htm,2026-08-20 04:15:25
news,光明日报·理论版,光明日报·理论版,,中华民族共同体的历史演进,,光明日报·理论版,https://theory.gmw.cn/2026-08/19/content_38950478.htm,2026-08-20 04:15:25
news,光明日报·理论版,光明日报·理论版,,系统推动传统村落活化传承,,光明日报·理论版,https://theory.gmw.cn/2026-08/18/content_38949820.htm,2026-08-20 04:15:25
news,光明日报·理论版,光明日报·理论版,,全球文明倡议的内涵与底蕴,,光明日报·理论版,https://theory.gmw.cn/2026-08/20/content_38952749.htm,2026-08-20 04:15:25
news,光明日报·理论版,光明日报·理论版,,推动中美深度协作赋能全球人工智能治理,,光明日报·理论版,https://theory.gmw.cn/2026-08/14/content_38943496.htm,2026-08-20 04:15:25
news,光明日报·理论版,光明日报·理论版,,深学笃行习近平外交思想 奋力开创中国特色大国外交新局面,,光明日报·理论版,https://theory.gmw.cn/2026-08/12/content_38939063.htm,2026-08-20 04:15:25
news,光明日报·理论版,光明日报·理论版,,谱写习近平外交思想研究新篇章,,光明日报·理论版,https://theory.gmw.cn/2026-08/11/content_38936814.htm,2026-08-20 04:15:25
news,光明日报·理论版,光明日报·理论版,,全国统一大市场迈入制度性构建,,光明日报·理论版,https://theory.gmw.cn/2026-08/11/content_38936796.htm,2026-08-20 04:15:25
news,光明日报·理论版,光明日报·理论版,,深化基础研究国际交流合作 提高原始创新能力,,光明日报·理论版,https://theory.gmw.cn/2026-08/11/content_38936755.htm,2026-08-20 04:15:25
news,光明日报·理论版,光明日报·理论版,,深挖乡村创业场景资源,,光明日报·理论版,https://theory.gmw.cn/2026-08/20/content_38953618.htm,2026-08-20 04:15:25
news,光明日报·理论版,光明日报·理论版,,全力释放科技赋能产业的潜力,,光明日报·理论版,https://theory.gmw.cn/2026-08/20/content_38953578.htm,2026-08-20 04:15:25
news,光明日报·理论版,光明日报·理论版,,中国养老服务的顶层设计与底层创新,,光明日报·理论版,https://theory.gmw.cn/2026-08/20/content_38953523.htm,2026-08-20 04:15:25
news,光明日报·理论版,光明日报·理论版,,以开放促改革促发展,,光明日报·理论版,https://theory.gmw.cn/2026-08/20/content_38952797.htm,2026-08-20 04:15:25
news,光明日报·理论版,光明日报·理论版,,良法善治护航未来产业发展,,光明日报·理论版,https://theory.gmw.cn/2026-08/20/content_38952764.htm,2026-08-20 04:15:25
news,光明日报·理论版,光明日报·理论版,,梯度培育推动未来产业实现新突破,,光明日报·理论版,https://theory.gmw.cn/2026-08/20/content_38952714.htm,2026-08-20 04:15:25
news,光明日报·理论版,光明日报·理论版,,从群众期盼中找准工作着力点,,光明日报·理论版,https://theory.gmw.cn/2026-08/19/content_38950946.htm,2026-08-20 04:15:25
news,光明日报·理论版,光明日报·理论版,,以政治建军高质量保证国防和军队现代化建设高质量,,光明日报·理论版,https://theory.gmw.cn/2026-08/19/content_38950485.htm,2026-08-20 04:15:25
news,光明日报·理论版,光明日报·理论版,,决策如何做到科学合理,,光明日报·理论版,https://theory.gmw.cn/2026-08/19/content_38950413.htm,2026-08-20 04:15:25
news,光明日报·理论版,光明日报·理论版,,不断深化对习近平党建思想的理解把握,,光明日报·理论版,https://theory.gmw.cn/2026-08/18/content_38949616.htm,2026-08-20 04:15:25
news,光明日报·理论版,光明日报·理论版,,持续学习 凝心铸魂,,光明日报·理论版,https://theory.gmw.cn/2026-08/18/content_38948776.htm,2026-08-20 04:15:25
news,光明日报·理论版,光明日报·理论版,,心正 事正 政绩正,,光明日报·理论版,https://theory.gmw.cn/2026-08/18/content_38948711.htm,2026-08-20 04:15:25
news,光明日报·理论版,光明日报·理论版,,聚焦生动实践回应理论关切,,光明日报·理论版,https://theory.gmw.cn/2026-08/19/content_38950639.htm,2026-08-20 04:15:25
news,光明日报·理论版,光明日报·理论版,,支持基础研究贵在长期稳定,,光明日报·理论版,https://theory.gmw.cn/2026-08/19/content_38950570.htm,2026-08-20 04:15:25
news,光明日报·理论版,光明日报·理论版,,如何构建适应国际秩序重塑的自主知识体系,,光明日报·理论版,https://theory.gmw.cn/2026-08/17/content_38946969.htm,2026-08-20 04:15:25
news,光明日报·理论版,光明日报·理论版,,构建自主完备、开放高效的国家创新体系,,光明日报·理论版,https://theory.gmw.cn/2026-08/17/content_38946687.htm,2026-08-20 04:15:25
news,光明日报·理论版,光明日报·理论版,,不断提升中国哲学社会科学的主体性和原创性,,光明日报·理论版,https://theory.gmw.cn/2026-08/14/content_38943425.htm,2026-08-20 04:15:25
news,光明日报·理论版,光明日报·理论版,,《生态环境法典》的开创性贡献,,光明日报·理论版,https://theory.gmw.cn/2026-08/10/content_38934727.htm,2026-08-20 04:15:25
news,光明日报·理论版,光明日报·理论版,,微视频：“村”字号火爆全球魅力何在,,光明日报·理论版,https://theory.gmw.cn/2026-01/02/content_38554039.htm,2026-08-20 04:15:25
news,光明日报·理论版,光明日报·理论版,,微视频：文明交响曲：每个声部都精彩,,光明日报·理论版,https://theory.gmw.cn/2026-01/01/content_38553863.htm,2026-08-20 04:15:25
news,光明日报·理论版,光明日报·理论版,,微视频：China Travel为啥成了流量密码？,,光明日报·理论版,https://theory.gmw.cn/2025-12/23/content_38492948.htm,2026-08-20 04:15:25
news,光明日报·理论版,光明日报·理论版,,微视频：中国故事怎么讲？,,光明日报·理论版,https://theory.gmw.cn/2025-12/22/content_38490383.htm,2026-08-20 04:15:25
news,光明日报·理论版,光明日报·理论版,,微视频：宋锦如何“活”在当下？,,光明日报·理论版,https://theory.gmw.cn/2025-12/19/content_38486600.htm,2026-08-20 04:15:25
news,光明日报·理论版,光明日报·理论版,,微视频：千年文脉何以生生不息？,,光明日报·理论版,http://theory.gmw.cn/2025-12/18/content_38484219.htm,2026-08-20 04:15:25
news,光明日报·理论版,光明日报·理论版,,微视频：图书馆何以成为城市的心灵港湾？,,光明日报·理论版,http://theory.gmw.cn/2025-12/17/content_38482014.htm,2026-08-20 04:15:25
news,光明日报·理论版,光明日报·理论版,,微视频：10元票价的苏超为何成为全民派对,,光明日报·理论版,http://theory.gmw.cn/2025-12/16/content_38479459.htm,2026-08-20 04:15:25
news,光明日报·理论版,光明日报·理论版,,世界第一！40亿千瓦家底铸牢中国能源底座,,光明日报·理论版,https://theory.gmw.cn/2026-07/31/content_38919621.htm,2026-08-20 04:15:25
news,光明日报·理论版,光明日报·理论版,,数字福建探新路，乘“数”而上正当时,,光明日报·理论版,https://theory.gmw.cn/2026-07/23/content_38902786.htm,2026-08-20 04:15:25
news,光明日报·理论版,光明日报·理论版,,解码数字福建，乘势而上正青春,,光明日报·理论版,https://theory.gmw.cn/2026-07/09/content_38875718.htm,2026-08-20 04:15:25
news,光明日报·理论版,光明日报·理论版,,房子“升级” 日子“上新”,,光明日报·理论版,https://theory.gmw.cn/2026-06/26/content_38850082.htm,2026-08-20 04:15:25
news,光明日报·理论版,光明日报·理论版,,你的钱花在体验上了吗？,,光明日报·理论版,https://theory.gmw.cn/2026-06/11/content_38823502.htm,2026-08-20 04:15:25
news,光明日报·理论版,光明日报·理论版,,看“苏超”，逛“烟火”，换个花样游江苏,,光明日报·理论版,https://theory.gmw.cn/2026-06/05/content_38813506.htm,2026-08-20 04:15:25
news,光明日报·理论版,光明日报·理论版,,这碗米背后，是中国农业的“硬核实力”,,光明日报·理论版,https://theory.gmw.cn/2026-06/05/content_38813504.htm,2026-08-20 04:15:25
news,光明日报·理论版,光明日报·理论版,,假日经济“热”力全开,,光明日报·理论版,https://theory.gmw.cn/2026-05/15/content_38765000.htm,2026-08-20 04:15:25
news,光明日报·理论版,光明日报·理论版,,“苏超”如何吹响消费集结号,,光明日报·理论版,https://theory.gmw.cn/2026-05/14/content_38764018.htm,2026-08-20 04:15:25
news,光明日报·理论版,光明日报·理论版,,一图看懂“树立和践行正确政绩观”,,光明日报·理论版,https://theory.gmw.cn/2026-04/10/content_38700402.htm,2026-08-20 04:15:25
news,光明日报·理论版,光明日报·理论版,,《习近平关于民政工作论述摘编》出版发行,,光明日报·理论版,https://theory.gmw.cn/2025-10/29/content_38376774.htm,2026-08-20 04:15:25
news,光明日报·理论版,光明日报·理论版,,习近平同志《论坚持全面深化改革》第一卷、第二卷出版发行,,光明日报·理论版,https://theory.gmw.cn/2025-10/29/content_38376742.htm,2026-08-20 04:15:25
news,光明日报·理论版,光明日报·理论版,,《习近平生态文明文选》第一卷出版发行,,光明日报·理论版,https://theory.gmw.cn/2025-10/29/content_38376771.htm,2026-08-20 04:15:25
news,光明日报·理论版,光明日报·理论版,,《习近平新时代中国特色社会主义思想学习论丛》第十一辑至第十五辑出版发行,,光明日报·理论版,https://theory.gmw.cn/2025-10/29/content_38376733.htm,2026-08-20 04:15:25
news,光明日报·理论版,光明日报·理论版,,经济学如何塑造我们的生活,,光明日报·理论版,https://theory.gmw.cn/2025-10/29/content_38373967.htm,2026-08-20 04:15:25
news,光明日报·理论版,光明日报·理论版,,《中国共产党精神史》总序,,光明日报·理论版,https://theory.gmw.cn/2026-05/29/content_38798145.htm,2026-08-20 04:15:25
news,光明日报·理论版,光明日报·理论版,,《树牢正确政绩观》出版发行,,光明日报·理论版,https://theory.gmw.cn/2026-03/01/content_38620547.htm,2026-08-20 04:15:25
news,光明日报·理论版,光明日报·理论版,,中国国际关系史研究百年,,光明日报·理论版,https://theory.gmw.cn/2025-12/01/content_38451281.htm,2026-08-20 04:15:25
news,光明日报·理论版,光明日报·理论版,,习近平党建思想理论研讨会,,光明日报·理论版,https://theory.gmw.cn/2026-07/10/content_38878904.htm,2026-08-20 04:15:25
news,光明日报·理论版,光明日报·理论版,,发展中国家国家治理高端智库论坛举办,,光明日报·理论版,https://theory.gmw.cn/2026-06/26/content_38851339.htm,2026-08-20 04:15:25
news,光明日报·理论版,光明日报·理论版,,深化党的创新理论的原理性成果研究,,光明日报·理论版,https://theory.gmw.cn/2026-06/12/content_38825126.htm,2026-08-20 04:15:25
news,光明日报·理论版,光明日报·理论版,,马克思主义理论学科自主知识体系建设,,光明日报·理论版,https://theory.gmw.cn/2026-06/10/content_38821382.htm,2026-08-20 04:15:25
news,光明日报·理论版,光明日报·理论版,,“生态文明学术周2026”系列学术活动,,光明日报·理论版,https://theory.gmw.cn/2026-06/05/content_38813860.htm,2026-08-20 04:15:25
news,光明日报·理论版,光明日报·理论版,,不断开创新时代中国史学新局面,,光明日报·理论版,https://theory.gmw.cn/2026-06/04/content_38811912.htm,2026-08-20 04:15:25
news,光明日报·理论版,光明日报·理论版,,“自主知识体系与文化自信”理论研讨会,,光明日报·理论版,https://theory.gmw.cn/2026-05/20/content_38777585.htm,2026-08-20 04:15:25
news,光明日报·理论版,光明日报·理论版,,理响中国·薪火“燃”青春,,光明日报·理论版,https://topics.gmw.cn/node_168473.htm,2026-08-20 04:15:25
news,光明日报·理论版,光明日报·理论版,,“理响中国·铿锵有理|在改革开放中开辟广阔前景暨党校公开课第十二季”,,光明日报·理论版,https://topics.gmw.cn/node_161185.htm,2026-08-20 04:15:25
news,光明日报·理论版,光明日报·理论版,,“理响中国”理论融媒体精品征集展播活动,,光明日报·理论版,https://topics.gmw.cn/node_157830.htm,2026-08-20 04:15:25
news,光明日报·理论版,光明日报·理论版,,把中国式现代化的美好图景变为现实,,光明日报·理论版,https://topics.gmw.cn/node_161019.htm,2026-08-20 04:15:25
news,光明日报·理论版,光明日报·理论版,,理响中国·实践新论,,光明日报·理论版,https://topics.gmw.cn/node_155991.htm,2026-08-20 04:15:25
news,光明日报·理论版,光明日报·理论版,,理响中国之理响新征程,,光明日报·理论版,https://topics.gmw.cn/node_153434.htm,2026-08-20 04:15:25
news,光明日报·理论版,光明日报·理论版,,时代青音·理论学者助力计划,,光明日报·理论版,https://topics.gmw.cn/node_153372.htm,2026-08-20 04:15:25
news,光明日报·理论版,光明日报·理论版,,人民网理论频道,,光明日报·理论版,http://theory.people.com.cn/,2026-08-20 04:15:25
news,光明日报·理论版,光明日报·理论版,,新华网理论频道,,光明日报·理论版,http://www.xinhuanet.com/politics/xhll.htm,2026-08-20 04:15:25
news,光明日报·理论版,光明日报·理论版,,中国社会科学网,,光明日报·理论版,http://www.cssn.cn/,2026-08-20 04:15:25
news,光明日报·理论版,光明日报·理论版,,南方网理论频道,,光明日报·理论版,http://theory.southcn.com/,2026-08-20 04:15:25
news,光明日报·理论版,光明日报·理论版,,齐鲁网理论频道,,光明日报·理论版,http://theory.iqilu.com/,2026-08-20 04:15:25
news,光明日报·理论版,光明日报·理论版,,宣讲家网,,光明日报·理论版,http://www.71.cn/,2026-08-20 04:15:25
news,光明日报·理论版,光明日报·理论版,,大众网理论频道,,光明日报·理论版,http://www.dzllzg.com/,2026-08-20 04:15:25
news,光明日报·理论版,光明日报·理论版,,https://iwaes.gmw.cn,,光明日报·理论版,https://iwaes.gmw.cn,2026-08-20 04:15:25
news,光明日报·理论版,光明日报·理论版,,gmwll@gmw.cn,,光明日报·理论版,mailto:gmwll@gmw.cn,2026-08-20 04:15:25
news,光明日报·理论版,光明日报·理论版,,手机光明网,,光明日报·理论版,https://m.gmw.cn/,2026-08-20 04:15:25
news,光明日报·理论版,光明日报·理论版,,光明日报社概况,,光明日报·理论版,https://about.gmw.cn/node_21441.htm,2026-08-20 04:15:25
news,光明日报·理论版,光明日报·理论版,,光明网邮箱,,光明日报·理论版,https://mail.gmw.cn/,2026-08-20 04:15:25
news,光明日报·理论版,光明日报·理论版,,光明网专论,,光明日报·理论版,https://theory.gmw.cn/node_97034.htm,2026-08-20 23:43:56
news,光明日报·理论版,光明日报·理论版,,江泽民有关社会建设系列论述的理论内涵与时代价值,,光明日报·理论版,http://theory.gmw.cn/2026-08/19/content_38951390.htm,2026-08-20 23:43:56
news,光明日报·理论版,光明日报·理论版,,推进体制机制创新 加快培育发展新质生产力,,光明日报·理论版,https://news.gmw.cn/2026-08/19/content_38950233.htm,2026-08-20 23:43:56
news,光明日报·理论版,光明日报·理论版,,推动“人工智能+思政教育”走深走实,,光明日报·理论版,https://news.gmw.cn/2026-08/19/content_38950232.htm,2026-08-20 23:43:56
news,光明日报·理论版,光明日报·理论版,,发展智能经济新形态,,光明日报·理论版,https://news.gmw.cn/2026-08/18/content_38948325.htm,2026-08-20 23:43:56
news,光明日报·理论版,光明日报·理论版,,江泽民有关社会建设系列论述的理论内涵与时代价值,,光明日报·理论版,https://theory.gmw.cn/2026-08/19/content_38951390.htm,2026-08-20 23:43:56
news,光明日报·理论版,光明日报·理论版,,首份消费领域国家级专项规划的战略深意,,光明日报·理论版,https://theory.gmw.cn/2026-08/04/content_38925645.htm,2026-08-20 23:43:56
news,光明日报·理论版,光明日报·理论版,,跨越文化间距 全面提升国际传播效能,,光明日报·理论版,https://theory.gmw.cn/2026-04/09/content_38697892.htm,2026-08-20 23:43:56
news,光明日报·理论版,光明日报·理论版,,“理响中国·文化旗帜”党校公开课第14季,,光明日报·理论版,https://topics.gmw.cn/node_166993.htm,2026-08-20 23:43:56
news,光明日报·理论版,光明日报·理论版,,理响中国·铿锵有理|经济向好有底气,,光明日报·理论版,https://topics.gmw.cn/node_166533.htm,2026-08-20 23:43:56
news,光明日报·理论版,光明日报·理论版,,人文经济学,,光明日报·理论版,https://topics.gmw.cn/node_165153.htm,2026-08-20 23:43:56
news,光明日报·理论版,光明日报·理论版,,理响中国·春江水暖鸭先知,,光明日报·理论版,https://topics.gmw.cn/node_164576.htm,2026-08-20 23:43:56
news,光明日报·理论版,光明日报·理论版,,把中国式现代化美好图景变为现实,,光明日报·理论版,https://topics.gmw.cn/node_161019.htm,2026-08-20 23:43:56
news,光明日报·理论版,光明日报·理论版,,在改革开放中开辟广阔前景,,光明日报·理论版,https://topics.gmw.cn/node_161185.htm,2026-08-20 23:43:56
news,光明日报·理论版,光明日报·理论版,,从“一出戏”到“一座城”，演艺新空间培育消费新动能,,光明日报·理论版,https://theory.gmw.cn/2026-08/14/content_38943596.htm,2026-08-20 23:43:56
news,光明日报·理论版,光明日报·理论版,,高标准劳动力市场体系支撑未来产业培育,,光明日报·理论版,https://theory.gmw.cn/2026-06/23/content_38843308.htm,2026-08-20 23:43:56
news,光明日报·理论版,光明日报·理论版,,AI时代的就业政策重在“组合拳”,,光明日报·理论版,https://theory.gmw.cn/2026-06/10/content_38821275.htm,2026-08-20 23:43:56
news,光明日报·理论版,光明日报·理论版,,推动城市低空经济安全可持续发展,,光明日报·理论版,https://theory.gmw.cn/2026-06/01/content_38804681.htm,2026-08-20 23:43:56
news,光明日报·理论版,光明日报·理论版,,旅居热潮背后的消费新蓝海,,光明日报·理论版,https://theory.gmw.cn/2026-05/20/content_38777128.htm,2026-08-20 23:43:56
news,光明日报·理论版,光明日报·理论版,,推动党在革命性锻造中更加坚强有力,,光明日报·理论版,https://theory.gmw.cn/2026-08/20/content_38954029.htm,2026-08-20 23:43:56
news,光明日报·理论版,光明日报·理论版,,[详情],,光明日报·理论版,https://theory.gmw.cn/2026-08/20/content_38954029.htm,2026-08-20 23:43:56
news,光明日报·理论版,光明日报·理论版,,绿色税收制度是建设美丽中国的重要支撑,,光明日报·理论版,https://theory.gmw.cn/2026-08/19/content_38951391.htm,2026-08-20 23:43:56
news,光明日报·理论版,光明日报·理论版,,不断推进城市治理体系和治理能力现代化,,光明日报·理论版,https://theory.gmw.cn/2026-08/18/content_38949517.htm,2026-08-20 23:43:56
news,光明日报·理论版,光明日报·理论版,,固根基守正道 破藩篱开新局,,光明日报·理论版,https://theory.gmw.cn/2026-08/12/content_38940220.htm,2026-08-20 23:43:56
news,光明日报·理论版,光明日报·理论版,,[详情],,光明日报·理论版,https://theory.gmw.cn/2026-08/12/content_38940220.htm,2026-08-20 23:43:56
news,光明日报·理论版,光明日报·理论版,,“妈祖”赋能全球气象预警,,光明日报·理论版,https://theory.gmw.cn/2026-08/20/content_38953145.htm,2026-08-20 23:43:56
news,光明日报·理论版,光明日报·理论版,,数智技术赋能城市现代化治理,,光明日报·理论版,https://theory.gmw.cn/2026-08/18/content_38949481.htm,2026-08-20 23:43:56
news,光明日报·理论版,光明日报·理论版,,以治理创新提升宏观经济治理效能,,光明日报·理论版,https://theory.gmw.cn/2026-08/14/content_38944130.htm,2026-08-20 23:43:56
news,光明日报·理论版,光明日报·理论版,,走进青年圈层，讲活时代理论,,光明日报·理论版,https://theory.gmw.cn/2026-08/14/content_38943804.htm,2026-08-20 23:43:56
news,光明日报·理论版,光明日报·理论版,,稳住外贸外资基本盘,,光明日报·理论版,https://theory.gmw.cn/2026-08/13/content_38941142.htm,2026-08-20 23:43:56
news,光明日报·理论版,光明日报·理论版,,全面认识习近平经济思想的理论贡献,,光明日报·理论版,https://theory.gmw.cn/2026-08/12/content_38939916.htm,2026-08-20 23:43:56
news,光明日报·理论版,光明日报·理论版,,诗意栖居：中国古代休闲文化,,光明日报·理论版,https://news.gmw.cn/2026-08/19/content_38950134.htm,2026-08-20 23:43:56
news,光明日报·理论版,光明日报·理论版,,西方休闲文化的源流与精神,,光明日报·理论版,https://news.gmw.cn/2026-08/19/content_38950133.htm,2026-08-20 23:43:56
news,光明日报·理论版,光明日报·理论版,,智能经济促进消费新场景扩容,,光明日报·理论版,https://news.gmw.cn/2026-08/18/content_38948324.htm,2026-08-20 23:43:56
news,光明日报·理论版,光明日报·理论版,,构建“人文要素”市场,,光明日报·理论版,https://news.gmw.cn/2026-08/18/content_38948263.htm,2026-08-20 23:43:56
news,光明日报·理论版,光明日报·理论版,,AI算力主权,,光明日报·理论版,https://news.gmw.cn/2026-08/18/content_38948262.htm,2026-08-20 23:43:56
news,光明日报·理论版,光明日报·理论版,,面向新型能源体系的能源安全观念,,光明日报·理论版,https://news.gmw.cn/2026-08/18/content_38948261.htm,2026-08-20 23:43:56
news,光明日报·理论版,光明日报·理论版,,党的创新理论传播的实践体悟,,光明日报·理论版,https://theory.gmw.cn/2026-08/10/content_38935450.htm,2026-08-20 23:43:56
news,光明日报·理论版,光明日报·理论版,,共建美美与共的文明百花园,,光明日报·理论版,http://theory.gmw.cn/2025-11/18/content_38406071.htm,2026-08-20 23:43:56
news,光明日报·理论版,光明日报·理论版,,展现可信、可爱、可敬的中国形象,,光明日报·理论版,http://theory.gmw.cn/2025-11/17/content_38406072.htm,2026-08-20 23:43:56
news,光明日报·理论版,光明日报·理论版,,守护好中华民族的文化瑰宝,,光明日报·理论版,http://theory.gmw.cn/2025-11/14/content_38406067.htm,2026-08-20 23:43:56
news,光明日报·理论版,光明日报·理论版,,把最好的精神食粮奉献给人民,,光明日报·理论版,http://theory.gmw.cn/2025-11/13/content_38406038.htm,2026-08-20 23:43:56
news,光明日报·理论版,光明日报·理论版,,唱响主旋律、弘扬正能量,,光明日报·理论版,http://theory.gmw.cn/2025-11/12/content_38406039.htm,2026-08-20 23:43:56
news,光明日报·理论版,光明日报·理论版,,像石榴籽一样紧紧抱在一起,,光明日报·理论版,http://theory.gmw.cn/2025-11/11/content_38403981.htm,2026-08-20 23:43:56
news,光明日报·理论版,光明日报·理论版,,王延中：弘扬社会主义核心价值观 铸牢中华民族共同体意识,,光明日报·理论版,https://news.gmw.cn/2026-08/16/content_38945716.htm,2026-08-20 23:43:56
news,光明日报·理论版,光明日报·理论版,,刘景凤：大力弘扬工匠精神 勇担技能报国使命,,光明日报·理论版,https://news.gmw.cn/2026-07/01/content_38860037.htm,2026-08-20 23:43:56
news,光明日报·理论版,光明日报·理论版,,彭凤莲：从六尺巷看中国传统礼让文化的当代价值,,光明日报·理论版,https://news.gmw.cn/2026-05/29/content_38796471.htm,2026-08-20 23:43:56
news,光明日报·理论版,光明日报·理论版,,朱杰人：从“第二个结合”看朱子理学的敬业之道,,光明日报·理论版,https://news.gmw.cn/2026-03/28/content_38675961.htm,2026-08-20 23:43:56
news,光明日报·理论版,光明日报·理论版,,蒋乾麟：以雷锋精神引导青少年成长成才,,光明日报·理论版,https://news.gmw.cn/2026-03/21/content_38660607.htm,2026-08-20 23:43:56
news,光明日报·理论版,光明日报·理论版,,向 勇：坚持以核心价值观为引领 推动文化和科技融合发展,,光明日报·理论版,https://news.gmw.cn/2026-01/06/content_38520301.htm,2026-08-20 23:43:56
news,光明日报·理论版,光明日报·理论版,,文史科教,,光明日报·理论版,https://theory.gmw.cn/node_10141.htm,2026-08-20 23:43:56
news,光明日报·理论版,光明日报·理论版,,国际关系,,光明日报·理论版,https://theory.gmw.cn/node_10139.htm,2026-08-20 23:43:56
news,光明日报·理论版,光明日报·理论版,,经济社会,,光明日报·理论版,https://theory.gmw.cn/node_10145.htm,2026-08-20 23:43:56
news,光明日报·理论版,光明日报·理论版,,党建政治,,光明日报·理论版,https://theory.gmw.cn/node_4227.htm,2026-08-20 23:43:56
news,光明日报·理论版,光明日报·理论版,,理论综合,,光明日报·理论版,https://theory.gmw.cn/node_4403.htm,2026-08-20 23:43:56
news,光明日报·理论版,光明日报·理论版,,以丰富国际公共产品供给引领人工智能全球治理,,光明日报·理论版,https://theory.gmw.cn/2026-08/20/content_38952708.htm,2026-08-20 23:43:56
news,光明日报·理论版,光明日报·理论版,,为携手构建公正合理的全球人工智能治理体系贡献中国方案,,光明日报·理论版,https://theory.gmw.cn/2026-08/20/content_38952620.htm,2026-08-20 23:43:56
news,光明日报·理论版,光明日报·理论版,,人工智能何以向上向善,,光明日报·理论版,https://theory.gmw.cn/2026-08/19/content_38950749.htm,2026-08-20 23:43:56
news,光明日报·理论版,光明日报·理论版,,深化对“第二个结合”的理解与把握,,光明日报·理论版,https://theory.gmw.cn/2026-08/19/content_38950608.htm,2026-08-20 23:43:56
news,光明日报·理论版,光明日报·理论版,,中华民族共同体的历史演进,,光明日报·理论版,https://theory.gmw.cn/2026-08/19/content_38950478.htm,2026-08-20 23:43:56
news,光明日报·理论版,光明日报·理论版,,系统推动传统村落活化传承,,光明日报·理论版,https://theory.gmw.cn/2026-08/18/content_38949820.htm,2026-08-20 23:43:56
news,光明日报·理论版,光明日报·理论版,,跨域共构：破除国际关系本土概念传播羁绊,,光明日报·理论版,https://theory.gmw.cn/2026-08/20/content_38953942.htm,2026-08-20 23:43:56
news,光明日报·理论版,光明日报·理论版,,全球文明倡议的内涵与底蕴,,光明日报·理论版,https://theory.gmw.cn/2026-08/20/content_38952749.htm,2026-08-20 23:43:56
news,光明日报·理论版,光明日报·理论版,,推动中美深度协作赋能全球人工智能治理,,光明日报·理论版,https://theory.gmw.cn/2026-08/14/content_38943496.htm,2026-08-20 23:43:56
news,光明日报·理论版,光明日报·理论版,,深学笃行习近平外交思想 奋力开创中国特色大国外交新局面,,光明日报·理论版,https://theory.gmw.cn/2026-08/12/content_38939063.htm,2026-08-20 23:43:56
news,光明日报·理论版,光明日报·理论版,,谱写习近平外交思想研究新篇章,,光明日报·理论版,https://theory.gmw.cn/2026-08/11/content_38936814.htm,2026-08-20 23:43:56
news,光明日报·理论版,光明日报·理论版,,全国统一大市场迈入制度性构建,,光明日报·理论版,https://theory.gmw.cn/2026-08/11/content_38936796.htm,2026-08-20 23:43:56
news,光明日报·理论版,光明日报·理论版,,深挖乡村创业场景资源,,光明日报·理论版,https://theory.gmw.cn/2026-08/20/content_38953618.htm,2026-08-20 23:43:56
news,光明日报·理论版,光明日报·理论版,,全力释放科技赋能产业的潜力,,光明日报·理论版,https://theory.gmw.cn/2026-08/20/content_38953578.htm,2026-08-20 23:43:56
news,光明日报·理论版,光明日报·理论版,,中国养老服务的顶层设计与底层创新,,光明日报·理论版,https://theory.gmw.cn/2026-08/20/content_38953523.htm,2026-08-20 23:43:56
news,光明日报·理论版,光明日报·理论版,,以开放促改革促发展,,光明日报·理论版,https://theory.gmw.cn/2026-08/20/content_38952797.htm,2026-08-20 23:43:56
news,光明日报·理论版,光明日报·理论版,,良法善治护航未来产业发展,,光明日报·理论版,https://theory.gmw.cn/2026-08/20/content_38952764.htm,2026-08-20 23:43:56
news,光明日报·理论版,光明日报·理论版,,梯度培育推动未来产业实现新突破,,光明日报·理论版,https://theory.gmw.cn/2026-08/20/content_38952714.htm,2026-08-20 23:43:56
news,光明日报·理论版,光明日报·理论版,,从群众期盼中找准工作着力点,,光明日报·理论版,https://theory.gmw.cn/2026-08/19/content_38950946.htm,2026-08-20 23:43:56
news,光明日报·理论版,光明日报·理论版,,以政治建军高质量保证国防和军队现代化建设高质量,,光明日报·理论版,https://theory.gmw.cn/2026-08/19/content_38950485.htm,2026-08-20 23:43:56
news,光明日报·理论版,光明日报·理论版,,决策如何做到科学合理,,光明日报·理论版,https://theory.gmw.cn/2026-08/19/content_38950413.htm,2026-08-20 23:43:56
news,光明日报·理论版,光明日报·理论版,,不断深化对习近平党建思想的理解把握,,光明日报·理论版,https://theory.gmw.cn/2026-08/18/content_38949616.htm,2026-08-20 23:43:56
news,光明日报·理论版,光明日报·理论版,,持续学习 凝心铸魂,,光明日报·理论版,https://theory.gmw.cn/2026-08/18/content_38948776.htm,2026-08-20 23:43:56
news,光明日报·理论版,光明日报·理论版,,心正 事正 政绩正,,光明日报·理论版,https://theory.gmw.cn/2026-08/18/content_38948711.htm,2026-08-20 23:43:56
news,光明日报·理论版,光明日报·理论版,,聚焦生动实践回应理论关切,,光明日报·理论版,https://theory.gmw.cn/2026-08/19/content_38950639.htm,2026-08-20 23:43:56
news,光明日报·理论版,光明日报·理论版,,支持基础研究贵在长期稳定,,光明日报·理论版,https://theory.gmw.cn/2026-08/19/content_38950570.htm,2026-08-20 23:43:56
news,光明日报·理论版,光明日报·理论版,,如何构建适应国际秩序重塑的自主知识体系,,光明日报·理论版,https://theory.gmw.cn/2026-08/17/content_38946969.htm,2026-08-20 23:43:56
news,光明日报·理论版,光明日报·理论版,,构建自主完备、开放高效的国家创新体系,,光明日报·理论版,https://theory.gmw.cn/2026-08/17/content_38946687.htm,2026-08-20 23:43:56
news,光明日报·理论版,光明日报·理论版,,不断提升中国哲学社会科学的主体性和原创性,,光明日报·理论版,https://theory.gmw.cn/2026-08/14/content_38943425.htm,2026-08-20 23:43:56
news,光明日报·理论版,光明日报·理论版,,《生态环境法典》的开创性贡献,,光明日报·理论版,https://theory.gmw.cn/2026-08/10/content_38934727.htm,2026-08-20 23:43:56
news,光明日报·理论版,光明日报·理论版,,微视频：“村”字号火爆全球魅力何在,,光明日报·理论版,https://theory.gmw.cn/2026-01/02/content_38554039.htm,2026-08-20 23:43:56
news,光明日报·理论版,光明日报·理论版,,微视频：文明交响曲：每个声部都精彩,,光明日报·理论版,https://theory.gmw.cn/2026-01/01/content_38553863.htm,2026-08-20 23:43:56
news,光明日报·理论版,光明日报·理论版,,微视频：China Travel为啥成了流量密码？,,光明日报·理论版,https://theory.gmw.cn/2025-12/23/content_38492948.htm,2026-08-20 23:43:56
news,光明日报·理论版,光明日报·理论版,,微视频：中国故事怎么讲？,,光明日报·理论版,https://theory.gmw.cn/2025-12/22/content_38490383.htm,2026-08-20 23:43:56
news,光明日报·理论版,光明日报·理论版,,微视频：宋锦如何“活”在当下？,,光明日报·理论版,https://theory.gmw.cn/2025-12/19/content_38486600.htm,2026-08-20 23:43:56
news,光明日报·理论版,光明日报·理论版,,微视频：千年文脉何以生生不息？,,光明日报·理论版,http://theory.gmw.cn/2025-12/18/content_38484219.htm,2026-08-20 23:43:56
news,光明日报·理论版,光明日报·理论版,,微视频：图书馆何以成为城市的心灵港湾？,,光明日报·理论版,http://theory.gmw.cn/2025-12/17/content_38482014.htm,2026-08-20 23:43:56
news,光明日报·理论版,光明日报·理论版,,微视频：10元票价的苏超为何成为全民派对,,光明日报·理论版,http://theory.gmw.cn/2025-12/16/content_38479459.htm,2026-08-20 23:43:56
news,光明日报·理论版,光明日报·理论版,,世界第一！40亿千瓦家底铸牢中国能源底座,,光明日报·理论版,https://theory.gmw.cn/2026-07/31/content_38919621.htm,2026-08-20 23:43:56
news,光明日报·理论版,光明日报·理论版,,数字福建探新路，乘“数”而上正当时,,光明日报·理论版,https://theory.gmw.cn/2026-07/23/content_38902786.htm,2026-08-20 23:43:56
news,光明日报·理论版,光明日报·理论版,,解码数字福建，乘势而上正青春,,光明日报·理论版,https://theory.gmw.cn/2026-07/09/content_38875718.htm,2026-08-20 23:43:56
news,光明日报·理论版,光明日报·理论版,,房子“升级” 日子“上新”,,光明日报·理论版,https://theory.gmw.cn/2026-06/26/content_38850082.htm,2026-08-20 23:43:56
news,光明日报·理论版,光明日报·理论版,,你的钱花在体验上了吗？,,光明日报·理论版,https://theory.gmw.cn/2026-06/11/content_38823502.htm,2026-08-20 23:43:56
news,光明日报·理论版,光明日报·理论版,,看“苏超”，逛“烟火”，换个花样游江苏,,光明日报·理论版,https://theory.gmw.cn/2026-06/05/content_38813506.htm,2026-08-20 23:43:56
news,光明日报·理论版,光明日报·理论版,,这碗米背后，是中国农业的“硬核实力”,,光明日报·理论版,https://theory.gmw.cn/2026-06/05/content_38813504.htm,2026-08-20 23:43:56
news,光明日报·理论版,光明日报·理论版,,假日经济“热”力全开,,光明日报·理论版,https://theory.gmw.cn/2026-05/15/content_38765000.htm,2026-08-20 23:43:56
news,光明日报·理论版,光明日报·理论版,,“苏超”如何吹响消费集结号,,光明日报·理论版,https://theory.gmw.cn/2026-05/14/content_38764018.htm,2026-08-20 23:43:56
news,光明日报·理论版,光明日报·理论版,,一图看懂“树立和践行正确政绩观”,,光明日报·理论版,https://theory.gmw.cn/2026-04/10/content_38700402.htm,2026-08-20 23:43:56
news,光明日报·理论版,光明日报·理论版,,《习近平关于民政工作论述摘编》出版发行,,光明日报·理论版,https://theory.gmw.cn/2025-10/29/content_38376774.htm,2026-08-20 23:43:56
news,光明日报·理论版,光明日报·理论版,,习近平同志《论坚持全面深化改革》第一卷、第二卷出版发行,,光明日报·理论版,https://theory.gmw.cn/2025-10/29/content_38376742.htm,2026-08-20 23:43:56
news,光明日报·理论版,光明日报·理论版,,《习近平生态文明文选》第一卷出版发行,,光明日报·理论版,https://theory.gmw.cn/2025-10/29/content_38376771.htm,2026-08-20 23:43:56
news,光明日报·理论版,光明日报·理论版,,《习近平新时代中国特色社会主义思想学习论丛》第十一辑至第十五辑出版发行,,光明日报·理论版,https://theory.gmw.cn/2025-10/29/content_38376733.htm,2026-08-20 23:43:56
news,光明日报·理论版,光明日报·理论版,,经济学如何塑造我们的生活,,光明日报·理论版,https://theory.gmw.cn/2025-10/29/content_38373967.htm,2026-08-20 23:43:56
news,光明日报·理论版,光明日报·理论版,,《中国共产党精神史》总序,,光明日报·理论版,https://theory.gmw.cn/2026-05/29/content_38798145.htm,2026-08-20 23:43:56
news,光明日报·理论版,光明日报·理论版,,《树牢正确政绩观》出版发行,,光明日报·理论版,https://theory.gmw.cn/2026-03/01/content_38620547.htm,2026-08-20 23:43:56
news,光明日报·理论版,光明日报·理论版,,中国国际关系史研究百年,,光明日报·理论版,https://theory.gmw.cn/2025-12/01/content_38451281.htm,2026-08-20 23:43:56
news,光明日报·理论版,光明日报·理论版,,习近平党建思想理论研讨会,,光明日报·理论版,https://theory.gmw.cn/2026-07/10/content_38878904.htm,2026-08-20 23:43:56
news,光明日报·理论版,光明日报·理论版,,发展中国家国家治理高端智库论坛举办,,光明日报·理论版,https://theory.gmw.cn/2026-06/26/content_38851339.htm,2026-08-20 23:43:56
news,光明日报·理论版,光明日报·理论版,,深化党的创新理论的原理性成果研究,,光明日报·理论版,https://theory.gmw.cn/2026-06/12/content_38825126.htm,2026-08-20 23:43:56
news,光明日报·理论版,光明日报·理论版,,马克思主义理论学科自主知识体系建设,,光明日报·理论版,https://theory.gmw.cn/2026-06/10/content_38821382.htm,2026-08-20 23:43:56
news,光明日报·理论版,光明日报·理论版,,“生态文明学术周2026”系列学术活动,,光明日报·理论版,https://theory.gmw.cn/2026-06/05/content_38813860.htm,2026-08-20 23:43:56
news,光明日报·理论版,光明日报·理论版,,不断开创新时代中国史学新局面,,光明日报·理论版,https://theory.gmw.cn/2026-06/04/content_38811912.htm,2026-08-20 23:43:56
news,光明日报·理论版,光明日报·理论版,,“自主知识体系与文化自信”理论研讨会,,光明日报·理论版,https://theory.gmw.cn/2026-05/20/content_38777585.htm,2026-08-20 23:43:56
news,光明日报·理论版,光明日报·理论版,,理响中国·薪火“燃”青春,,光明日报·理论版,https://topics.gmw.cn/node_168473.htm,2026-08-20 23:43:56
news,光明日报·理论版,光明日报·理论版,,“理响中国·铿锵有理|在改革开放中开辟广阔前景暨党校公开课第十二季”,,光明日报·理论版,https://topics.gmw.cn/node_161185.htm,2026-08-20 23:43:56
news,光明日报·理论版,光明日报·理论版,,“理响中国”理论融媒体精品征集展播活动,,光明日报·理论版,https://topics.gmw.cn/node_157830.htm,2026-08-20 23:43:56
news,光明日报·理论版,光明日报·理论版,,把中国式现代化的美好图景变为现实,,光明日报·理论版,https://topics.gmw.cn/node_161019.htm,2026-08-20 23:43:56
news,光明日报·理论版,光明日报·理论版,,理响中国·实践新论,,光明日报·理论版,https://topics.gmw.cn/node_155991.htm,2026-08-20 23:43:56
news,光明日报·理论版,光明日报·理论版,,理响中国之理响新征程,,光明日报·理论版,https://topics.gmw.cn/node_153434.htm,2026-08-20 23:43:56
news,光明日报·理论版,光明日报·理论版,,时代青音·理论学者助力计划,,光明日报·理论版,https://topics.gmw.cn/node_153372.htm,2026-08-20 23:43:56
news,光明日报·理论版,光明日报·理论版,,人民网理论频道,,光明日报·理论版,http://theory.people.com.cn/,2026-08-20 23:43:56
news,光明日报·理论版,光明日报·理论版,,新华网理论频道,,光明日报·理论版,http://www.xinhuanet.com/politics/xhll.htm,2026-08-20 23:43:56
news,光明日报·理论版,光明日报·理论版,,中国社会科学网,,光明日报·理论版,http://www.cssn.cn/,2026-08-20 23:43:56
news,光明日报·理论版,光明日报·理论版,,南方网理论频道,,光明日报·理论版,http://theory.southcn.com/,2026-08-20 23:43:56
news,光明日报·理论版,光明日报·理论版,,齐鲁网理论频道,,光明日报·理论版,http://theory.iqilu.com/,2026-08-20 23:43:56
news,光明日报·理论版,光明日报·理论版,,宣讲家网,,光明日报·理论版,http://www.71.cn/,2026-08-20 23:43:56
news,光明日报·理论版,光明日报·理论版,,大众网理论频道,,光明日报·理论版,http://www.dzllzg.com/,2026-08-20 23:43:56
news,光明日报·理论版,光明日报·理论版,,https://iwaes.gmw.cn,,光明日报·理论版,https://iwaes.gmw.cn,2026-08-20 23:43:56
news,光明日报·理论版,光明日报·理论版,,gmwll@gmw.cn,,光明日报·理论版,mailto:gmwll@gmw.cn,2026-08-20 23:43:56
news,光明日报·理论版,光明日报·理论版,,手机光明网,,光明日报·理论版,https://m.gmw.cn/,2026-08-20 23:43:56
news,光明日报·理论版,光明日报·理论版,,光明日报社概况,,光明日报·理论版,https://about.gmw.cn/node_21441.htm,2026-08-20 23:43:56
news,光明日报·理论版,光明日报·理论版,,光明网邮箱,,光明日报·理论版,https://mail.gmw.cn/,2026-08-20 23:43:56
news,光明日报·理论版,光明日报·理论版,,光明网专论,,光明日报·理论版,https://theory.gmw.cn/node_97034.htm,2026-08-21 23:03:44
news,光明日报·理论版,光明日报·理论版,,江泽民有关社会建设系列论述的理论内涵与时代价值,,光明日报·理论版,http://theory.gmw.cn/2026-08/19/content_38951390.htm,2026-08-21 23:03:44
news,光明日报·理论版,光明日报·理论版,,推进体制机制创新 加快培育发展新质生产力,,光明日报·理论版,https://news.gmw.cn/2026-08/19/content_38950233.htm,2026-08-21 23:03:44
news,光明日报·理论版,光明日报·理论版,,推动“人工智能+思政教育”走深走实,,光明日报·理论版,https://news.gmw.cn/2026-08/19/content_38950232.htm,2026-08-21 23:03:44
news,光明日报·理论版,光明日报·理论版,,发展智能经济新形态,,光明日报·理论版,https://news.gmw.cn/2026-08/18/content_38948325.htm,2026-08-21 23:03:44
news,光明日报·理论版,光明日报·理论版,,江泽民有关社会建设系列论述的理论内涵与时代价值,,光明日报·理论版,https://theory.gmw.cn/2026-08/19/content_38951390.htm,2026-08-21 23:03:44
news,光明日报·理论版,光明日报·理论版,,首份消费领域国家级专项规划的战略深意,,光明日报·理论版,https://theory.gmw.cn/2026-08/04/content_38925645.htm,2026-08-21 23:03:44
news,光明日报·理论版,光明日报·理论版,,跨越文化间距 全面提升国际传播效能,,光明日报·理论版,https://theory.gmw.cn/2026-04/09/content_38697892.htm,2026-08-21 23:03:44
news,光明日报·理论版,光明日报·理论版,,“理响中国·文化旗帜”党校公开课第14季,,光明日报·理论版,https://topics.gmw.cn/node_166993.htm,2026-08-21 23:03:44
news,光明日报·理论版,光明日报·理论版,,理响中国·铿锵有理|经济向好有底气,,光明日报·理论版,https://topics.gmw.cn/node_166533.htm,2026-08-21 23:03:44
news,光明日报·理论版,光明日报·理论版,,人文经济学,,光明日报·理论版,https://topics.gmw.cn/node_165153.htm,2026-08-21 23:03:44
news,光明日报·理论版,光明日报·理论版,,理响中国·春江水暖鸭先知,,光明日报·理论版,https://topics.gmw.cn/node_164576.htm,2026-08-21 23:03:44
news,光明日报·理论版,光明日报·理论版,,把中国式现代化美好图景变为现实,,光明日报·理论版,https://topics.gmw.cn/node_161019.htm,2026-08-21 23:03:44
news,光明日报·理论版,光明日报·理论版,,在改革开放中开辟广阔前景,,光明日报·理论版,https://topics.gmw.cn/node_161185.htm,2026-08-21 23:03:44
news,光明日报·理论版,光明日报·理论版,,从“一出戏”到“一座城”，演艺新空间培育消费新动能,,光明日报·理论版,https://theory.gmw.cn/2026-08/14/content_38943596.htm,2026-08-21 23:03:44
news,光明日报·理论版,光明日报·理论版,,高标准劳动力市场体系支撑未来产业培育,,光明日报·理论版,https://theory.gmw.cn/2026-06/23/content_38843308.htm,2026-08-21 23:03:44
news,光明日报·理论版,光明日报·理论版,,AI时代的就业政策重在“组合拳”,,光明日报·理论版,https://theory.gmw.cn/2026-06/10/content_38821275.htm,2026-08-21 23:03:44
news,光明日报·理论版,光明日报·理论版,,推动城市低空经济安全可持续发展,,光明日报·理论版,https://theory.gmw.cn/2026-06/01/content_38804681.htm,2026-08-21 23:03:44
news,光明日报·理论版,光明日报·理论版,,旅居热潮背后的消费新蓝海,,光明日报·理论版,https://theory.gmw.cn/2026-05/20/content_38777128.htm,2026-08-21 23:03:44
news,光明日报·理论版,光明日报·理论版,,完善城市高质量发展的政策制度体系,,光明日报·理论版,https://theory.gmw.cn/2026-08/21/content_38956687.htm,2026-08-21 23:03:44
news,光明日报·理论版,光明日报·理论版,,[详情],,光明日报·理论版,https://theory.gmw.cn/2026-08/21/content_38956687.htm,2026-08-21 23:03:44
news,光明日报·理论版,光明日报·理论版,,推动党在革命性锻造中更加坚强有力,,光明日报·理论版,https://theory.gmw.cn/2026-08/20/content_38954029.htm,2026-08-21 23:03:44
news,光明日报·理论版,光明日报·理论版,,绿色税收制度是建设美丽中国的重要支撑,,光明日报·理论版,https://theory.gmw.cn/2026-08/19/content_38951391.htm,2026-08-21 23:03:44
news,光明日报·理论版,光明日报·理论版,,固根基守正道 破藩篱开新局,,光明日报·理论版,https://theory.gmw.cn/2026-08/12/content_38940220.htm,2026-08-21 23:03:44
news,光明日报·理论版,光明日报·理论版,,[详情],,光明日报·理论版,https://theory.gmw.cn/2026-08/12/content_38940220.htm,2026-08-21 23:03:44
news,光明日报·理论版,光明日报·理论版,,“十五五”看着大，其实就在身边,,光明日报·理论版,https://theory.gmw.cn/2026-08/21/content_38954309.htm,2026-08-21 23:03:44
news,光明日报·理论版,光明日报·理论版,,探索网上理论传播新路径,,光明日报·理论版,https://theory.gmw.cn/2026-08/21/content_38955338.htm,2026-08-21 23:03:44
news,光明日报·理论版,光明日报·理论版,,“妈祖”赋能全球气象预警,,光明日报·理论版,https://theory.gmw.cn/2026-08/20/content_38953145.htm,2026-08-21 23:03:44
news,光明日报·理论版,光明日报·理论版,,数智技术赋能城市现代化治理,,光明日报·理论版,https://theory.gmw.cn/2026-08/18/content_38949481.htm,2026-08-21 23:03:44
news,光明日报·理论版,光明日报·理论版,,以治理创新提升宏观经济治理效能,,光明日报·理论版,https://theory.gmw.cn/2026-08/14/content_38944130.htm,2026-08-21 23:03:44
news,光明日报·理论版,光明日报·理论版,,走进青年圈层，讲活时代理论,,光明日报·理论版,https://theory.gmw.cn/2026-08/14/content_38943804.htm,2026-08-21 23:03:44
news,光明日报·理论版,光明日报·理论版,,历史本体论与政治学的“知识革命”,,光明日报·理论版,https://news.gmw.cn/2026-08/21/content_38954774.htm,2026-08-21 23:03:44
news,光明日报·理论版,光明日报·理论版,,促进区域协调发展的经济法治保障,,光明日报·理论版,https://news.gmw.cn/2026-08/21/content_38954775.htm,2026-08-21 23:03:44
news,光明日报·理论版,光明日报·理论版,,诗意栖居：中国古代休闲文化,,光明日报·理论版,https://news.gmw.cn/2026-08/19/content_38950134.htm,2026-08-21 23:03:44
news,光明日报·理论版,光明日报·理论版,,西方休闲文化的源流与精神,,光明日报·理论版,https://news.gmw.cn/2026-08/19/content_38950133.htm,2026-08-21 23:03:44
news,光明日报·理论版,光明日报·理论版,,智能经济促进消费新场景扩容,,光明日报·理论版,https://news.gmw.cn/2026-08/18/content_38948324.htm,2026-08-21 23:03:44
news,光明日报·理论版,光明日报·理论版,,构建“人文要素”市场,,光明日报·理论版,https://news.gmw.cn/2026-08/18/content_38948263.htm,2026-08-21 23:03:44
news,光明日报·理论版,光明日报·理论版,,党的创新理论传播的实践体悟,,光明日报·理论版,https://theory.gmw.cn/2026-08/10/content_38935450.htm,2026-08-21 23:03:44
news,光明日报·理论版,光明日报·理论版,,共建美美与共的文明百花园,,光明日报·理论版,http://theory.gmw.cn/2025-11/18/content_38406071.htm,2026-08-21 23:03:44
news,光明日报·理论版,光明日报·理论版,,展现可信、可爱、可敬的中国形象,,光明日报·理论版,http://theory.gmw.cn/2025-11/17/content_38406072.htm,2026-08-21 23:03:44
news,光明日报·理论版,光明日报·理论版,,守护好中华民族的文化瑰宝,,光明日报·理论版,http://theory.gmw.cn/2025-11/14/content_38406067.htm,2026-08-21 23:03:44
news,光明日报·理论版,光明日报·理论版,,把最好的精神食粮奉献给人民,,光明日报·理论版,http://theory.gmw.cn/2025-11/13/content_38406038.htm,2026-08-21 23:03:44
news,光明日报·理论版,光明日报·理论版,,唱响主旋律、弘扬正能量,,光明日报·理论版,http://theory.gmw.cn/2025-11/12/content_38406039.htm,2026-08-21 23:03:44
news,光明日报·理论版,光明日报·理论版,,像石榴籽一样紧紧抱在一起,,光明日报·理论版,http://theory.gmw.cn/2025-11/11/content_38403981.htm,2026-08-21 23:03:44
news,光明日报·理论版,光明日报·理论版,,王延中：弘扬社会主义核心价值观 铸牢中华民族共同体意识,,光明日报·理论版,https://news.gmw.cn/2026-08/16/content_38945716.htm,2026-08-21 23:03:44
news,光明日报·理论版,光明日报·理论版,,刘景凤：大力弘扬工匠精神 勇担技能报国使命,,光明日报·理论版,https://news.gmw.cn/2026-07/01/content_38860037.htm,2026-08-21 23:03:44
news,光明日报·理论版,光明日报·理论版,,彭凤莲：从六尺巷看中国传统礼让文化的当代价值,,光明日报·理论版,https://news.gmw.cn/2026-05/29/content_38796471.htm,2026-08-21 23:03:44
news,光明日报·理论版,光明日报·理论版,,朱杰人：从“第二个结合”看朱子理学的敬业之道,,光明日报·理论版,https://news.gmw.cn/2026-03/28/content_38675961.htm,2026-08-21 23:03:44
news,光明日报·理论版,光明日报·理论版,,蒋乾麟：以雷锋精神引导青少年成长成才,,光明日报·理论版,https://news.gmw.cn/2026-03/21/content_38660607.htm,2026-08-21 23:03:44
news,光明日报·理论版,光明日报·理论版,,向 勇：坚持以核心价值观为引领 推动文化和科技融合发展,,光明日报·理论版,https://news.gmw.cn/2026-01/06/content_38520301.htm,2026-08-21 23:03:44
news,光明日报·理论版,光明日报·理论版,,文史科教,,光明日报·理论版,https://theory.gmw.cn/node_10141.htm,2026-08-21 23:03:44
news,光明日报·理论版,光明日报·理论版,,国际关系,,光明日报·理论版,https://theory.gmw.cn/node_10139.htm,2026-08-21 23:03:44
news,光明日报·理论版,光明日报·理论版,,经济社会,,光明日报·理论版,https://theory.gmw.cn/node_10145.htm,2026-08-21 23:03:44
news,光明日报·理论版,光明日报·理论版,,党建政治,,光明日报·理论版,https://theory.gmw.cn/node_4227.htm,2026-08-21 23:03:44
news,光明日报·理论版,光明日报·理论版,,理论综合,,光明日报·理论版,https://theory.gmw.cn/node_4403.htm,2026-08-21 23:03:44
news,光明日报·理论版,光明日报·理论版,,以丰富国际公共产品供给引领人工智能全球治理,,光明日报·理论版,https://theory.gmw.cn/2026-08/20/content_38952708.htm,2026-08-21 23:03:44
news,光明日报·理论版,光明日报·理论版,,为携手构建公正合理的全球人工智能治理体系贡献中国方案,,光明日报·理论版,https://theory.gmw.cn/2026-08/20/content_38952620.htm,2026-08-21 23:03:44
news,光明日报·理论版,光明日报·理论版,,人工智能何以向上向善,,光明日报·理论版,https://theory.gmw.cn/2026-08/19/content_38950749.htm,2026-08-21 23:03:44
news,光明日报·理论版,光明日报·理论版,,深化对“第二个结合”的理解与把握,,光明日报·理论版,https://theory.gmw.cn/2026-08/19/content_38950608.htm,2026-08-21 23:03:44
news,光明日报·理论版,光明日报·理论版,,中华民族共同体的历史演进,,光明日报·理论版,https://theory.gmw.cn/2026-08/19/content_38950478.htm,2026-08-21 23:03:44
news,光明日报·理论版,光明日报·理论版,,系统推动传统村落活化传承,,光明日报·理论版,https://theory.gmw.cn/2026-08/18/content_38949820.htm,2026-08-21 23:03:44
news,光明日报·理论版,光明日报·理论版,,持续稳步推进金砖合作机制建设,,光明日报·理论版,https://theory.gmw.cn/2026-08/21/content_38955689.htm,2026-08-21 23:03:44
news,光明日报·理论版,光明日报·理论版,,跨域共构：破除国际关系本土概念传播羁绊,,光明日报·理论版,https://theory.gmw.cn/2026-08/20/content_38953942.htm,2026-08-21 23:03:44
news,光明日报·理论版,光明日报·理论版,,全球文明倡议的内涵与底蕴,,光明日报·理论版,https://theory.gmw.cn/2026-08/20/content_38952749.htm,2026-08-21 23:03:44
news,光明日报·理论版,光明日报·理论版,,推动中美深度协作赋能全球人工智能治理,,光明日报·理论版,https://theory.gmw.cn/2026-08/14/content_38943496.htm,2026-08-21 23:03:44
news,光明日报·理论版,光明日报·理论版,,深学笃行习近平外交思想 奋力开创中国特色大国外交新局面,,光明日报·理论版,https://theory.gmw.cn/2026-08/12/content_38939063.htm,2026-08-21 23:03:44
news,光明日报·理论版,光明日报·理论版,,谱写习近平外交思想研究新篇章,,光明日报·理论版,https://theory.gmw.cn/2026-08/11/content_38936814.htm,2026-08-21 23:03:44
news,光明日报·理论版,光明日报·理论版,,健全完善促进民营经济发展的统筹协调机制,,光明日报·理论版,https://theory.gmw.cn/2026-08/21/content_38955621.htm,2026-08-21 23:03:44
news,光明日报·理论版,光明日报·理论版,,国家级经开区被摘牌传递新信号,,光明日报·理论版,https://theory.gmw.cn/2026-08/21/content_38955581.htm,2026-08-21 23:03:44
news,光明日报·理论版,光明日报·理论版,,治理账款拖欠重在常态化,,光明日报·理论版,https://theory.gmw.cn/2026-08/21/content_38955568.htm,2026-08-21 23:03:44
news,光明日报·理论版,光明日报·理论版,,准确把握生态环境法典的基本精神和实践要求,,光明日报·理论版,https://theory.gmw.cn/2026-08/21/content_38955524.htm,2026-08-21 23:03:44
news,光明日报·理论版,光明日报·理论版,,以生态环境法典施行增进民生福祉,,光明日报·理论版,https://theory.gmw.cn/2026-08/21/content_38955477.htm,2026-08-21 23:03:44
news,光明日报·理论版,光明日报·理论版,,生态环境法典护航绿色低碳发展,,光明日报·理论版,https://theory.gmw.cn/2026-08/21/content_38955334.htm,2026-08-21 23:03:44
news,光明日报·理论版,光明日报·理论版,,“五位一体”总体布局的宪法保障,,光明日报·理论版,https://theory.gmw.cn/2026-08/21/content_38955736.htm,2026-08-21 23:03:44
news,光明日报·理论版,光明日报·理论版,,把干部自律与组织教育管理结合起来,,光明日报·理论版,https://theory.gmw.cn/2026-08/21/content_38955606.htm,2026-08-21 23:03:44
news,光明日报·理论版,光明日报·理论版,,从群众期盼中找准工作着力点,,光明日报·理论版,https://theory.gmw.cn/2026-08/19/content_38950946.htm,2026-08-21 23:03:44
news,光明日报·理论版,光明日报·理论版,,以政治建军高质量保证国防和军队现代化建设高质量,,光明日报·理论版,https://theory.gmw.cn/2026-08/19/content_38950485.htm,2026-08-21 23:03:44
news,光明日报·理论版,光明日报·理论版,,决策如何做到科学合理,,光明日报·理论版,https://theory.gmw.cn/2026-08/19/content_38950413.htm,2026-08-21 23:03:44
news,光明日报·理论版,光明日报·理论版,,不断深化对习近平党建思想的理解把握,,光明日报·理论版,https://theory.gmw.cn/2026-08/18/content_38949616.htm,2026-08-21 23:03:44
news,光明日报·理论版,光明日报·理论版,,聚焦生动实践回应理论关切,,光明日报·理论版,https://theory.gmw.cn/2026-08/19/content_38950639.htm,2026-08-21 23:03:44
news,光明日报·理论版,光明日报·理论版,,支持基础研究贵在长期稳定,,光明日报·理论版,https://theory.gmw.cn/2026-08/19/content_38950570.htm,2026-08-21 23:03:44
news,光明日报·理论版,光明日报·理论版,,如何构建适应国际秩序重塑的自主知识体系,,光明日报·理论版,https://theory.gmw.cn/2026-08/17/content_38946969.htm,2026-08-21 23:03:44
news,光明日报·理论版,光明日报·理论版,,构建自主完备、开放高效的国家创新体系,,光明日报·理论版,https://theory.gmw.cn/2026-08/17/content_38946687.htm,2026-08-21 23:03:44
news,光明日报·理论版,光明日报·理论版,,不断提升中国哲学社会科学的主体性和原创性,,光明日报·理论版,https://theory.gmw.cn/2026-08/14/content_38943425.htm,2026-08-21 23:03:44
news,光明日报·理论版,光明日报·理论版,,《生态环境法典》的开创性贡献,,光明日报·理论版,https://theory.gmw.cn/2026-08/10/content_38934727.htm,2026-08-21 23:03:44
news,光明日报·理论版,光明日报·理论版,,微视频：“村”字号火爆全球魅力何在,,光明日报·理论版,https://theory.gmw.cn/2026-01/02/content_38554039.htm,2026-08-21 23:03:44
news,光明日报·理论版,光明日报·理论版,,微视频：文明交响曲：每个声部都精彩,,光明日报·理论版,https://theory.gmw.cn/2026-01/01/content_38553863.htm,2026-08-21 23:03:44
news,光明日报·理论版,光明日报·理论版,,微视频：China Travel为啥成了流量密码？,,光明日报·理论版,https://theory.gmw.cn/2025-12/23/content_38492948.htm,2026-08-21 23:03:44
news,光明日报·理论版,光明日报·理论版,,微视频：中国故事怎么讲？,,光明日报·理论版,https://theory.gmw.cn/2025-12/22/content_38490383.htm,2026-08-21 23:03:44
news,光明日报·理论版,光明日报·理论版,,微视频：宋锦如何“活”在当下？,,光明日报·理论版,https://theory.gmw.cn/2025-12/19/content_38486600.htm,2026-08-21 23:03:44
news,光明日报·理论版,光明日报·理论版,,微视频：千年文脉何以生生不息？,,光明日报·理论版,http://theory.gmw.cn/2025-12/18/content_38484219.htm,2026-08-21 23:03:44
news,光明日报·理论版,光明日报·理论版,,微视频：图书馆何以成为城市的心灵港湾？,,光明日报·理论版,http://theory.gmw.cn/2025-12/17/content_38482014.htm,2026-08-21 23:03:44
news,光明日报·理论版,光明日报·理论版,,微视频：10元票价的苏超为何成为全民派对,,光明日报·理论版,http://theory.gmw.cn/2025-12/16/content_38479459.htm,2026-08-21 23:03:44
news,光明日报·理论版,光明日报·理论版,,世界第一！40亿千瓦家底铸牢中国能源底座,,光明日报·理论版,https://theory.gmw.cn/2026-07/31/content_38919621.htm,2026-08-21 23:03:44
news,光明日报·理论版,光明日报·理论版,,数字福建探新路，乘“数”而上正当时,,光明日报·理论版,https://theory.gmw.cn/2026-07/23/content_38902786.htm,2026-08-21 23:03:44
news,光明日报·理论版,光明日报·理论版,,解码数字福建，乘势而上正青春,,光明日报·理论版,https://theory.gmw.cn/2026-07/09/content_38875718.htm,2026-08-21 23:03:44
news,光明日报·理论版,光明日报·理论版,,房子“升级” 日子“上新”,,光明日报·理论版,https://theory.gmw.cn/2026-06/26/content_38850082.htm,2026-08-21 23:03:44
news,光明日报·理论版,光明日报·理论版,,你的钱花在体验上了吗？,,光明日报·理论版,https://theory.gmw.cn/2026-06/11/content_38823502.htm,2026-08-21 23:03:44
news,光明日报·理论版,光明日报·理论版,,看“苏超”，逛“烟火”，换个花样游江苏,,光明日报·理论版,https://theory.gmw.cn/2026-06/05/content_38813506.htm,2026-08-21 23:03:44
news,光明日报·理论版,光明日报·理论版,,这碗米背后，是中国农业的“硬核实力”,,光明日报·理论版,https://theory.gmw.cn/2026-06/05/content_38813504.htm,2026-08-21 23:03:44
news,光明日报·理论版,光明日报·理论版,,假日经济“热”力全开,,光明日报·理论版,https://theory.gmw.cn/2026-05/15/content_38765000.htm,2026-08-21 23:03:44
news,光明日报·理论版,光明日报·理论版,,“苏超”如何吹响消费集结号,,光明日报·理论版,https://theory.gmw.cn/2026-05/14/content_38764018.htm,2026-08-21 23:03:44
news,光明日报·理论版,光明日报·理论版,,《习近平关于民政工作论述摘编》出版发行,,光明日报·理论版,https://theory.gmw.cn/2025-10/29/content_38376774.htm,2026-08-21 23:03:44
news,光明日报·理论版,光明日报·理论版,,习近平同志《论坚持全面深化改革》第一卷、第二卷出版发行,,光明日报·理论版,https://theory.gmw.cn/2025-10/29/content_38376742.htm,2026-08-21 23:03:44
news,光明日报·理论版,光明日报·理论版,,《习近平生态文明文选》第一卷出版发行,,光明日报·理论版,https://theory.gmw.cn/2025-10/29/content_38376771.htm,2026-08-21 23:03:44
news,光明日报·理论版,光明日报·理论版,,《习近平新时代中国特色社会主义思想学习论丛》第十一辑至第十五辑出版发行,,光明日报·理论版,https://theory.gmw.cn/2025-10/29/content_38376733.htm,2026-08-21 23:03:44
news,光明日报·理论版,光明日报·理论版,,经济学如何塑造我们的生活,,光明日报·理论版,https://theory.gmw.cn/2025-10/29/content_38373967.htm,2026-08-21 23:03:44
news,光明日报·理论版,光明日报·理论版,,《中国共产党精神史》总序,,光明日报·理论版,https://theory.gmw.cn/2026-05/29/content_38798145.htm,2026-08-21 23:03:44
news,光明日报·理论版,光明日报·理论版,,《树牢正确政绩观》出版发行,,光明日报·理论版,https://theory.gmw.cn/2026-03/01/content_38620547.htm,2026-08-21 23:03:44
news,光明日报·理论版,光明日报·理论版,,中国国际关系史研究百年,,光明日报·理论版,https://theory.gmw.cn/2025-12/01/content_38451281.htm,2026-08-21 23:03:44
news,光明日报·理论版,光明日报·理论版,,习近平党建思想理论研讨会,,光明日报·理论版,https://theory.gmw.cn/2026-07/10/content_38878904.htm,2026-08-21 23:03:44
news,光明日报·理论版,光明日报·理论版,,发展中国家国家治理高端智库论坛举办,,光明日报·理论版,https://theory.gmw.cn/2026-06/26/content_38851339.htm,2026-08-21 23:03:44
news,光明日报·理论版,光明日报·理论版,,深化党的创新理论的原理性成果研究,,光明日报·理论版,https://theory.gmw.cn/2026-06/12/content_38825126.htm,2026-08-21 23:03:44
news,光明日报·理论版,光明日报·理论版,,马克思主义理论学科自主知识体系建设,,光明日报·理论版,https://theory.gmw.cn/2026-06/10/content_38821382.htm,2026-08-21 23:03:44
news,光明日报·理论版,光明日报·理论版,,“生态文明学术周2026”系列学术活动,,光明日报·理论版,https://theory.gmw.cn/2026-06/05/content_38813860.htm,2026-08-21 23:03:44
news,光明日报·理论版,光明日报·理论版,,不断开创新时代中国史学新局面,,光明日报·理论版,https://theory.gmw.cn/2026-06/04/content_38811912.htm,2026-08-21 23:03:44
news,光明日报·理论版,光明日报·理论版,,“自主知识体系与文化自信”理论研讨会,,光明日报·理论版,https://theory.gmw.cn/2026-05/20/content_38777585.htm,2026-08-21 23:03:44
news,光明日报·理论版,光明日报·理论版,,理响中国·薪火“燃”青春,,光明日报·理论版,https://topics.gmw.cn/node_168473.htm,2026-08-21 23:03:44
news,光明日报·理论版,光明日报·理论版,,“理响中国·铿锵有理|在改革开放中开辟广阔前景暨党校公开课第十二季”,,光明日报·理论版,https://topics.gmw.cn/node_161185.htm,2026-08-21 23:03:44
news,光明日报·理论版,光明日报·理论版,,“理响中国”理论融媒体精品征集展播活动,,光明日报·理论版,https://topics.gmw.cn/node_157830.htm,2026-08-21 23:03:44
news,光明日报·理论版,光明日报·理论版,,把中国式现代化的美好图景变为现实,,光明日报·理论版,https://topics.gmw.cn/node_161019.htm,2026-08-21 23:03:44
news,光明日报·理论版,光明日报·理论版,,理响中国·实践新论,,光明日报·理论版,https://topics.gmw.cn/node_155991.htm,2026-08-21 23:03:44
news,光明日报·理论版,光明日报·理论版,,理响中国之理响新征程,,光明日报·理论版,https://topics.gmw.cn/node_153434.htm,2026-08-21 23:03:44
news,光明日报·理论版,光明日报·理论版,,时代青音·理论学者助力计划,,光明日报·理论版,https://topics.gmw.cn/node_153372.htm,2026-08-21 23:03:44
news,光明日报·理论版,光明日报·理论版,,人民网理论频道,,光明日报·理论版,http://theory.people.com.cn/,2026-08-21 23:03:44
news,光明日报·理论版,光明日报·理论版,,新华网理论频道,,光明日报·理论版,http://www.xinhuanet.com/politics/xhll.htm,2026-08-21 23:03:44
news,光明日报·理论版,光明日报·理论版,,中国社会科学网,,光明日报·理论版,http://www.cssn.cn/,2026-08-21 23:03:44
news,光明日报·理论版,光明日报·理论版,,南方网理论频道,,光明日报·理论版,http://theory.southcn.com/,2026-08-21 23:03:44
news,光明日报·理论版,光明日报·理论版,,齐鲁网理论频道,,光明日报·理论版,http://theory.iqilu.com/,2026-08-21 23:03:44
news,光明日报·理论版,光明日报·理论版,,宣讲家网,,光明日报·理论版,http://www.71.cn/,2026-08-21 23:03:44
news,光明日报·理论版,光明日报·理论版,,大众网理论频道,,光明日报·理论版,http://www.dzllzg.com/,2026-08-21 23:03:44
news,光明日报·理论版,光明日报·理论版,,https://iwaes.gmw.cn,,光明日报·理论版,https://iwaes.gmw.cn,2026-08-21 23:03:44
news,光明日报·理论版,光明日报·理论版,,gmwll@gmw.cn,,光明日报·理论版,mailto:gmwll@gmw.cn,2026-08-21 23:03:44
news,光明日报·理论版,光明日报·理论版,,手机光明网,,光明日报·理论版,https://m.gmw.cn/,2026-08-21 23:03:44
news,光明日报·理论版,光明日报·理论版,,光明日报社概况,,光明日报·理论版,https://about.gmw.cn/node_21441.htm,2026-08-21 23:03:44
news,光明日报·理论版,光明日报·理论版,,光明网邮箱,,光明日报·理论版,https://mail.gmw.cn/,2026-08-21 23:03:44
news,光明日报·理论版,光明日报·理论版,,光明网专论,,光明日报·理论版,https://theory.gmw.cn/node_97034.htm,2026-08-22 23:00:15
news,光明日报·理论版,光明日报·理论版,,江泽民有关社会建设系列论述的理论内涵与时代价值,,光明日报·理论版,http://theory.gmw.cn/2026-08/19/content_38951390.htm,2026-08-22 23:00:15
news,光明日报·理论版,光明日报·理论版,,推进体制机制创新 加快培育发展新质生产力,,光明日报·理论版,https://news.gmw.cn/2026-08/19/content_38950233.htm,2026-08-22 23:00:15
news,光明日报·理论版,光明日报·理论版,,推动“人工智能+思政教育”走深走实,,光明日报·理论版,https://news.gmw.cn/2026-08/19/content_38950232.htm,2026-08-22 23:00:15
news,光明日报·理论版,光明日报·理论版,,发展智能经济新形态,,光明日报·理论版,https://news.gmw.cn/2026-08/18/content_38948325.htm,2026-08-22 23:00:15
news,光明日报·理论版,光明日报·理论版,,江泽民有关社会建设系列论述的理论内涵与时代价值,,光明日报·理论版,https://theory.gmw.cn/2026-08/19/content_38951390.htm,2026-08-22 23:00:15
news,光明日报·理论版,光明日报·理论版,,首份消费领域国家级专项规划的战略深意,,光明日报·理论版,https://theory.gmw.cn/2026-08/04/content_38925645.htm,2026-08-22 23:00:15
news,光明日报·理论版,光明日报·理论版,,跨越文化间距 全面提升国际传播效能,,光明日报·理论版,https://theory.gmw.cn/2026-04/09/content_38697892.htm,2026-08-22 23:00:15
news,光明日报·理论版,光明日报·理论版,,“理响中国·文化旗帜”党校公开课第14季,,光明日报·理论版,https://topics.gmw.cn/node_166993.htm,2026-08-22 23:00:15
news,光明日报·理论版,光明日报·理论版,,理响中国·铿锵有理|经济向好有底气,,光明日报·理论版,https://topics.gmw.cn/node_166533.htm,2026-08-22 23:00:15
news,光明日报·理论版,光明日报·理论版,,人文经济学,,光明日报·理论版,https://topics.gmw.cn/node_165153.htm,2026-08-22 23:00:15
news,光明日报·理论版,光明日报·理论版,,理响中国·春江水暖鸭先知,,光明日报·理论版,https://topics.gmw.cn/node_164576.htm,2026-08-22 23:00:15
news,光明日报·理论版,光明日报·理论版,,把中国式现代化美好图景变为现实,,光明日报·理论版,https://topics.gmw.cn/node_161019.htm,2026-08-22 23:00:15
news,光明日报·理论版,光明日报·理论版,,在改革开放中开辟广阔前景,,光明日报·理论版,https://topics.gmw.cn/node_161185.htm,2026-08-22 23:00:15
news,光明日报·理论版,光明日报·理论版,,从“一出戏”到“一座城”，演艺新空间培育消费新动能,,光明日报·理论版,https://theory.gmw.cn/2026-08/14/content_38943596.htm,2026-08-22 23:00:15
news,光明日报·理论版,光明日报·理论版,,高标准劳动力市场体系支撑未来产业培育,,光明日报·理论版,https://theory.gmw.cn/2026-06/23/content_38843308.htm,2026-08-22 23:00:15
news,光明日报·理论版,光明日报·理论版,,AI时代的就业政策重在“组合拳”,,光明日报·理论版,https://theory.gmw.cn/2026-06/10/content_38821275.htm,2026-08-22 23:00:15
news,光明日报·理论版,光明日报·理论版,,推动城市低空经济安全可持续发展,,光明日报·理论版,https://theory.gmw.cn/2026-06/01/content_38804681.htm,2026-08-22 23:00:15
news,光明日报·理论版,光明日报·理论版,,旅居热潮背后的消费新蓝海,,光明日报·理论版,https://theory.gmw.cn/2026-05/20/content_38777128.htm,2026-08-22 23:00:15
news,光明日报·理论版,光明日报·理论版,,完善城市高质量发展的政策制度体系,,光明日报·理论版,https://theory.gmw.cn/2026-08/21/content_38956687.htm,2026-08-22 23:00:15
news,光明日报·理论版,光明日报·理论版,,[详情],,光明日报·理论版,https://theory.gmw.cn/2026-08/21/content_38956687.htm,2026-08-22 23:00:15
news,光明日报·理论版,光明日报·理论版,,推动党在革命性锻造中更加坚强有力,,光明日报·理论版,https://theory.gmw.cn/2026-08/20/content_38954029.htm,2026-08-22 23:00:15
news,光明日报·理论版,光明日报·理论版,,绿色税收制度是建设美丽中国的重要支撑,,光明日报·理论版,https://theory.gmw.cn/2026-08/19/content_38951391.htm,2026-08-22 23:00:15
news,光明日报·理论版,光明日报·理论版,,固根基守正道 破藩篱开新局,,光明日报·理论版,https://theory.gmw.cn/2026-08/12/content_38940220.htm,2026-08-22 23:00:15
news,光明日报·理论版,光明日报·理论版,,[详情],,光明日报·理论版,https://theory.gmw.cn/2026-08/12/content_38940220.htm,2026-08-22 23:00:15
news,光明日报·理论版,光明日报·理论版,,“十五五”看着大，其实就在身边,,光明日报·理论版,https://theory.gmw.cn/2026-08/21/content_38954309.htm,2026-08-22 23:00:15
news,光明日报·理论版,光明日报·理论版,,探索网上理论传播新路径,,光明日报·理论版,https://theory.gmw.cn/2026-08/21/content_38955338.htm,2026-08-22 23:00:15
news,光明日报·理论版,光明日报·理论版,,“妈祖”赋能全球气象预警,,光明日报·理论版,https://theory.gmw.cn/2026-08/20/content_38953145.htm,2026-08-22 23:00:15
news,光明日报·理论版,光明日报·理论版,,数智技术赋能城市现代化治理,,光明日报·理论版,https://theory.gmw.cn/2026-08/18/content_38949481.htm,2026-08-22 23:00:15
news,光明日报·理论版,光明日报·理论版,,以治理创新提升宏观经济治理效能,,光明日报·理论版,https://theory.gmw.cn/2026-08/14/content_38944130.htm,2026-08-22 23:00:15
news,光明日报·理论版,光明日报·理论版,,走进青年圈层，讲活时代理论,,光明日报·理论版,https://theory.gmw.cn/2026-08/14/content_38943804.htm,2026-08-22 23:00:15
news,光明日报·理论版,光明日报·理论版,,历史本体论与政治学的“知识革命”,,光明日报·理论版,https://news.gmw.cn/2026-08/21/content_38954774.htm,2026-08-22 23:00:15
news,光明日报·理论版,光明日报·理论版,,促进区域协调发展的经济法治保障,,光明日报·理论版,https://news.gmw.cn/2026-08/21/content_38954775.htm,2026-08-22 23:00:15
news,光明日报·理论版,光明日报·理论版,,诗意栖居：中国古代休闲文化,,光明日报·理论版,https://news.gmw.cn/2026-08/19/content_38950134.htm,2026-08-22 23:00:15
news,光明日报·理论版,光明日报·理论版,,西方休闲文化的源流与精神,,光明日报·理论版,https://news.gmw.cn/2026-08/19/content_38950133.htm,2026-08-22 23:00:15
news,光明日报·理论版,光明日报·理论版,,智能经济促进消费新场景扩容,,光明日报·理论版,https://news.gmw.cn/2026-08/18/content_38948324.htm,2026-08-22 23:00:15
news,光明日报·理论版,光明日报·理论版,,构建“人文要素”市场,,光明日报·理论版,https://news.gmw.cn/2026-08/18/content_38948263.htm,2026-08-22 23:00:15
news,光明日报·理论版,光明日报·理论版,,党的创新理论传播的实践体悟,,光明日报·理论版,https://theory.gmw.cn/2026-08/10/content_38935450.htm,2026-08-22 23:00:15
news,光明日报·理论版,光明日报·理论版,,共建美美与共的文明百花园,,光明日报·理论版,http://theory.gmw.cn/2025-11/18/content_38406071.htm,2026-08-22 23:00:15
news,光明日报·理论版,光明日报·理论版,,展现可信、可爱、可敬的中国形象,,光明日报·理论版,http://theory.gmw.cn/2025-11/17/content_38406072.htm,2026-08-22 23:00:15
news,光明日报·理论版,光明日报·理论版,,守护好中华民族的文化瑰宝,,光明日报·理论版,http://theory.gmw.cn/2025-11/14/content_38406067.htm,2026-08-22 23:00:15
news,光明日报·理论版,光明日报·理论版,,把最好的精神食粮奉献给人民,,光明日报·理论版,http://theory.gmw.cn/2025-11/13/content_38406038.htm,2026-08-22 23:00:15
news,光明日报·理论版,光明日报·理论版,,唱响主旋律、弘扬正能量,,光明日报·理论版,http://theory.gmw.cn/2025-11/12/content_38406039.htm,2026-08-22 23:00:15
news,光明日报·理论版,光明日报·理论版,,像石榴籽一样紧紧抱在一起,,光明日报·理论版,http://theory.gmw.cn/2025-11/11/content_38403981.htm,2026-08-22 23:00:15
news,光明日报·理论版,光明日报·理论版,,王延中：弘扬社会主义核心价值观 铸牢中华民族共同体意识,,光明日报·理论版,https://news.gmw.cn/2026-08/16/content_38945716.htm,2026-08-22 23:00:15
news,光明日报·理论版,光明日报·理论版,,刘景凤：大力弘扬工匠精神 勇担技能报国使命,,光明日报·理论版,https://news.gmw.cn/2026-07/01/content_38860037.htm,2026-08-22 23:00:15
news,光明日报·理论版,光明日报·理论版,,彭凤莲：从六尺巷看中国传统礼让文化的当代价值,,光明日报·理论版,https://news.gmw.cn/2026-05/29/content_38796471.htm,2026-08-22 23:00:15
news,光明日报·理论版,光明日报·理论版,,朱杰人：从“第二个结合”看朱子理学的敬业之道,,光明日报·理论版,https://news.gmw.cn/2026-03/28/content_38675961.htm,2026-08-22 23:00:15
news,光明日报·理论版,光明日报·理论版,,蒋乾麟：以雷锋精神引导青少年成长成才,,光明日报·理论版,https://news.gmw.cn/2026-03/21/content_38660607.htm,2026-08-22 23:00:15
news,光明日报·理论版,光明日报·理论版,,向 勇：坚持以核心价值观为引领 推动文化和科技融合发展,,光明日报·理论版,https://news.gmw.cn/2026-01/06/content_38520301.htm,2026-08-22 23:00:15
news,光明日报·理论版,光明日报·理论版,,文史科教,,光明日报·理论版,https://theory.gmw.cn/node_10141.htm,2026-08-22 23:00:15
news,光明日报·理论版,光明日报·理论版,,国际关系,,光明日报·理论版,https://theory.gmw.cn/node_10139.htm,2026-08-22 23:00:15
news,光明日报·理论版,光明日报·理论版,,经济社会,,光明日报·理论版,https://theory.gmw.cn/node_10145.htm,2026-08-22 23:00:15
news,光明日报·理论版,光明日报·理论版,,党建政治,,光明日报·理论版,https://theory.gmw.cn/node_4227.htm,2026-08-22 23:00:15
news,光明日报·理论版,光明日报·理论版,,理论综合,,光明日报·理论版,https://theory.gmw.cn/node_4403.htm,2026-08-22 23:00:15
news,光明日报·理论版,光明日报·理论版,,以丰富国际公共产品供给引领人工智能全球治理,,光明日报·理论版,https://theory.gmw.cn/2026-08/20/content_38952708.htm,2026-08-22 23:00:15
news,光明日报·理论版,光明日报·理论版,,为携手构建公正合理的全球人工智能治理体系贡献中国方案,,光明日报·理论版,https://theory.gmw.cn/2026-08/20/content_38952620.htm,2026-08-22 23:00:15
news,光明日报·理论版,光明日报·理论版,,人工智能何以向上向善,,光明日报·理论版,https://theory.gmw.cn/2026-08/19/content_38950749.htm,2026-08-22 23:00:15
news,光明日报·理论版,光明日报·理论版,,深化对“第二个结合”的理解与把握,,光明日报·理论版,https://theory.gmw.cn/2026-08/19/content_38950608.htm,2026-08-22 23:00:15
news,光明日报·理论版,光明日报·理论版,,中华民族共同体的历史演进,,光明日报·理论版,https://theory.gmw.cn/2026-08/19/content_38950478.htm,2026-08-22 23:00:15
news,光明日报·理论版,光明日报·理论版,,系统推动传统村落活化传承,,光明日报·理论版,https://theory.gmw.cn/2026-08/18/content_38949820.htm,2026-08-22 23:00:15
news,光明日报·理论版,光明日报·理论版,,持续稳步推进金砖合作机制建设,,光明日报·理论版,https://theory.gmw.cn/2026-08/21/content_38955689.htm,2026-08-22 23:00:15
news,光明日报·理论版,光明日报·理论版,,跨域共构：破除国际关系本土概念传播羁绊,,光明日报·理论版,https://theory.gmw.cn/2026-08/20/content_38953942.htm,2026-08-22 23:00:15
news,光明日报·理论版,光明日报·理论版,,全球文明倡议的内涵与底蕴,,光明日报·理论版,https://theory.gmw.cn/2026-08/20/content_38952749.htm,2026-08-22 23:00:15
news,光明日报·理论版,光明日报·理论版,,推动中美深度协作赋能全球人工智能治理,,光明日报·理论版,https://theory.gmw.cn/2026-08/14/content_38943496.htm,2026-08-22 23:00:15
news,光明日报·理论版,光明日报·理论版,,深学笃行习近平外交思想 奋力开创中国特色大国外交新局面,,光明日报·理论版,https://theory.gmw.cn/2026-08/12/content_38939063.htm,2026-08-22 23:00:15
news,光明日报·理论版,光明日报·理论版,,谱写习近平外交思想研究新篇章,,光明日报·理论版,https://theory.gmw.cn/2026-08/11/content_38936814.htm,2026-08-22 23:00:15
news,光明日报·理论版,光明日报·理论版,,健全完善促进民营经济发展的统筹协调机制,,光明日报·理论版,https://theory.gmw.cn/2026-08/21/content_38955621.htm,2026-08-22 23:00:15
news,光明日报·理论版,光明日报·理论版,,国家级经开区被摘牌传递新信号,,光明日报·理论版,https://theory.gmw.cn/2026-08/21/content_38955581.htm,2026-08-22 23:00:15
news,光明日报·理论版,光明日报·理论版,,治理账款拖欠重在常态化,,光明日报·理论版,https://theory.gmw.cn/2026-08/21/content_38955568.htm,2026-08-22 23:00:15
news,光明日报·理论版,光明日报·理论版,,准确把握生态环境法典的基本精神和实践要求,,光明日报·理论版,https://theory.gmw.cn/2026-08/21/content_38955524.htm,2026-08-22 23:00:15
news,光明日报·理论版,光明日报·理论版,,以生态环境法典施行增进民生福祉,,光明日报·理论版,https://theory.gmw.cn/2026-08/21/content_38955477.htm,2026-08-22 23:00:15
news,光明日报·理论版,光明日报·理论版,,生态环境法典护航绿色低碳发展,,光明日报·理论版,https://theory.gmw.cn/2026-08/21/content_38955334.htm,2026-08-22 23:00:15
news,光明日报·理论版,光明日报·理论版,,“五位一体”总体布局的宪法保障,,光明日报·理论版,https://theory.gmw.cn/2026-08/21/content_38955736.htm,2026-08-22 23:00:15
news,光明日报·理论版,光明日报·理论版,,把干部自律与组织教育管理结合起来,,光明日报·理论版,https://theory.gmw.cn/2026-08/21/content_38955606.htm,2026-08-22 23:00:15
news,光明日报·理论版,光明日报·理论版,,从群众期盼中找准工作着力点,,光明日报·理论版,https://theory.gmw.cn/2026-08/19/content_38950946.htm,2026-08-22 23:00:15
news,光明日报·理论版,光明日报·理论版,,以政治建军高质量保证国防和军队现代化建设高质量,,光明日报·理论版,https://theory.gmw.cn/2026-08/19/content_38950485.htm,2026-08-22 23:00:15
news,光明日报·理论版,光明日报·理论版,,决策如何做到科学合理,,光明日报·理论版,https://theory.gmw.cn/2026-08/19/content_38950413.htm,2026-08-22 23:00:15
news,光明日报·理论版,光明日报·理论版,,不断深化对习近平党建思想的理解把握,,光明日报·理论版,https://theory.gmw.cn/2026-08/18/content_38949616.htm,2026-08-22 23:00:15
news,光明日报·理论版,光明日报·理论版,,聚焦生动实践回应理论关切,,光明日报·理论版,https://theory.gmw.cn/2026-08/19/content_38950639.htm,2026-08-22 23:00:15
news,光明日报·理论版,光明日报·理论版,,支持基础研究贵在长期稳定,,光明日报·理论版,https://theory.gmw.cn/2026-08/19/content_38950570.htm,2026-08-22 23:00:15
news,光明日报·理论版,光明日报·理论版,,如何构建适应国际秩序重塑的自主知识体系,,光明日报·理论版,https://theory.gmw.cn/2026-08/17/content_38946969.htm,2026-08-22 23:00:15
news,光明日报·理论版,光明日报·理论版,,构建自主完备、开放高效的国家创新体系,,光明日报·理论版,https://theory.gmw.cn/2026-08/17/content_38946687.htm,2026-08-22 23:00:15
news,光明日报·理论版,光明日报·理论版,,不断提升中国哲学社会科学的主体性和原创性,,光明日报·理论版,https://theory.gmw.cn/2026-08/14/content_38943425.htm,2026-08-22 23:00:15
news,光明日报·理论版,光明日报·理论版,,《生态环境法典》的开创性贡献,,光明日报·理论版,https://theory.gmw.cn/2026-08/10/content_38934727.htm,2026-08-22 23:00:15
news,光明日报·理论版,光明日报·理论版,,微视频：“村”字号火爆全球魅力何在,,光明日报·理论版,https://theory.gmw.cn/2026-01/02/content_38554039.htm,2026-08-22 23:00:15
news,光明日报·理论版,光明日报·理论版,,微视频：文明交响曲：每个声部都精彩,,光明日报·理论版,https://theory.gmw.cn/2026-01/01/content_38553863.htm,2026-08-22 23:00:15
news,光明日报·理论版,光明日报·理论版,,微视频：China Travel为啥成了流量密码？,,光明日报·理论版,https://theory.gmw.cn/2025-12/23/content_38492948.htm,2026-08-22 23:00:15
news,光明日报·理论版,光明日报·理论版,,微视频：中国故事怎么讲？,,光明日报·理论版,https://theory.gmw.cn/2025-12/22/content_38490383.htm,2026-08-22 23:00:15
news,光明日报·理论版,光明日报·理论版,,微视频：宋锦如何“活”在当下？,,光明日报·理论版,https://theory.gmw.cn/2025-12/19/content_38486600.htm,2026-08-22 23:00:15
news,光明日报·理论版,光明日报·理论版,,微视频：千年文脉何以生生不息？,,光明日报·理论版,http://theory.gmw.cn/2025-12/18/content_38484219.htm,2026-08-22 23:00:15
news,光明日报·理论版,光明日报·理论版,,微视频：图书馆何以成为城市的心灵港湾？,,光明日报·理论版,http://theory.gmw.cn/2025-12/17/content_38482014.htm,2026-08-22 23:00:15
news,光明日报·理论版,光明日报·理论版,,微视频：10元票价的苏超为何成为全民派对,,光明日报·理论版,http://theory.gmw.cn/2025-12/16/content_38479459.htm,2026-08-22 23:00:15
news,光明日报·理论版,光明日报·理论版,,世界第一！40亿千瓦家底铸牢中国能源底座,,光明日报·理论版,https://theory.gmw.cn/2026-07/31/content_38919621.htm,2026-08-22 23:00:15
news,光明日报·理论版,光明日报·理论版,,数字福建探新路，乘“数”而上正当时,,光明日报·理论版,https://theory.gmw.cn/2026-07/23/content_38902786.htm,2026-08-22 23:00:15
news,光明日报·理论版,光明日报·理论版,,解码数字福建，乘势而上正青春,,光明日报·理论版,https://theory.gmw.cn/2026-07/09/content_38875718.htm,2026-08-22 23:00:15
news,光明日报·理论版,光明日报·理论版,,房子“升级” 日子“上新”,,光明日报·理论版,https://theory.gmw.cn/2026-06/26/content_38850082.htm,2026-08-22 23:00:15
news,光明日报·理论版,光明日报·理论版,,你的钱花在体验上了吗？,,光明日报·理论版,https://theory.gmw.cn/2026-06/11/content_38823502.htm,2026-08-22 23:00:15
news,光明日报·理论版,光明日报·理论版,,看“苏超”，逛“烟火”，换个花样游江苏,,光明日报·理论版,https://theory.gmw.cn/2026-06/05/content_38813506.htm,2026-08-22 23:00:15
news,光明日报·理论版,光明日报·理论版,,这碗米背后，是中国农业的“硬核实力”,,光明日报·理论版,https://theory.gmw.cn/2026-06/05/content_38813504.htm,2026-08-22 23:00:15
news,光明日报·理论版,光明日报·理论版,,假日经济“热”力全开,,光明日报·理论版,https://theory.gmw.cn/2026-05/15/content_38765000.htm,2026-08-22 23:00:15
news,光明日报·理论版,光明日报·理论版,,“苏超”如何吹响消费集结号,,光明日报·理论版,https://theory.gmw.cn/2026-05/14/content_38764018.htm,2026-08-22 23:00:15
news,光明日报·理论版,光明日报·理论版,,《习近平关于民政工作论述摘编》出版发行,,光明日报·理论版,https://theory.gmw.cn/2025-10/29/content_38376774.htm,2026-08-22 23:00:15
news,光明日报·理论版,光明日报·理论版,,习近平同志《论坚持全面深化改革》第一卷、第二卷出版发行,,光明日报·理论版,https://theory.gmw.cn/2025-10/29/content_38376742.htm,2026-08-22 23:00:15
news,光明日报·理论版,光明日报·理论版,,《习近平生态文明文选》第一卷出版发行,,光明日报·理论版,https://theory.gmw.cn/2025-10/29/content_38376771.htm,2026-08-22 23:00:15
news,光明日报·理论版,光明日报·理论版,,《习近平新时代中国特色社会主义思想学习论丛》第十一辑至第十五辑出版发行,,光明日报·理论版,https://theory.gmw.cn/2025-10/29/content_38376733.htm,2026-08-22 23:00:15
news,光明日报·理论版,光明日报·理论版,,经济学如何塑造我们的生活,,光明日报·理论版,https://theory.gmw.cn/2025-10/29/content_38373967.htm,2026-08-22 23:00:15
news,光明日报·理论版,光明日报·理论版,,《中国共产党精神史》总序,,光明日报·理论版,https://theory.gmw.cn/2026-05/29/content_38798145.htm,2026-08-22 23:00:15
news,光明日报·理论版,光明日报·理论版,,《树牢正确政绩观》出版发行,,光明日报·理论版,https://theory.gmw.cn/2026-03/01/content_38620547.htm,2026-08-22 23:00:15
news,光明日报·理论版,光明日报·理论版,,中国国际关系史研究百年,,光明日报·理论版,https://theory.gmw.cn/2025-12/01/content_38451281.htm,2026-08-22 23:00:15
news,光明日报·理论版,光明日报·理论版,,习近平党建思想理论研讨会,,光明日报·理论版,https://theory.gmw.cn/2026-07/10/content_38878904.htm,2026-08-22 23:00:15
news,光明日报·理论版,光明日报·理论版,,发展中国家国家治理高端智库论坛举办,,光明日报·理论版,https://theory.gmw.cn/2026-06/26/content_38851339.htm,2026-08-22 23:00:15
news,光明日报·理论版,光明日报·理论版,,深化党的创新理论的原理性成果研究,,光明日报·理论版,https://theory.gmw.cn/2026-06/12/content_38825126.htm,2026-08-22 23:00:15
news,光明日报·理论版,光明日报·理论版,,马克思主义理论学科自主知识体系建设,,光明日报·理论版,https://theory.gmw.cn/2026-06/10/content_38821382.htm,2026-08-22 23:00:15
news,光明日报·理论版,光明日报·理论版,,“生态文明学术周2026”系列学术活动,,光明日报·理论版,https://theory.gmw.cn/2026-06/05/content_38813860.htm,2026-08-22 23:00:15
news,光明日报·理论版,光明日报·理论版,,不断开创新时代中国史学新局面,,光明日报·理论版,https://theory.gmw.cn/2026-06/04/content_38811912.htm,2026-08-22 23:00:15
news,光明日报·理论版,光明日报·理论版,,“自主知识体系与文化自信”理论研讨会,,光明日报·理论版,https://theory.gmw.cn/2026-05/20/content_38777585.htm,2026-08-22 23:00:15
news,光明日报·理论版,光明日报·理论版,,理响中国·薪火“燃”青春,,光明日报·理论版,https://topics.gmw.cn/node_168473.htm,2026-08-22 23:00:15
news,光明日报·理论版,光明日报·理论版,,“理响中国·铿锵有理|在改革开放中开辟广阔前景暨党校公开课第十二季”,,光明日报·理论版,https://topics.gmw.cn/node_161185.htm,2026-08-22 23:00:15
news,光明日报·理论版,光明日报·理论版,,“理响中国”理论融媒体精品征集展播活动,,光明日报·理论版,https://topics.gmw.cn/node_157830.htm,2026-08-22 23:00:15
news,光明日报·理论版,光明日报·理论版,,把中国式现代化的美好图景变为现实,,光明日报·理论版,https://topics.gmw.cn/node_161019.htm,2026-08-22 23:00:15
news,光明日报·理论版,光明日报·理论版,,理响中国·实践新论,,光明日报·理论版,https://topics.gmw.cn/node_155991.htm,2026-08-22 23:00:15
news,光明日报·理论版,光明日报·理论版,,理响中国之理响新征程,,光明日报·理论版,https://topics.gmw.cn/node_153434.htm,2026-08-22 23:00:15
news,光明日报·理论版,光明日报·理论版,,时代青音·理论学者助力计划,,光明日报·理论版,https://topics.gmw.cn/node_153372.htm,2026-08-22 23:00:15
news,光明日报·理论版,光明日报·理论版,,人民网理论频道,,光明日报·理论版,http://theory.people.com.cn/,2026-08-22 23:00:15
news,光明日报·理论版,光明日报·理论版,,新华网理论频道,,光明日报·理论版,http://www.xinhuanet.com/politics/xhll.htm,2026-08-22 23:00:15
news,光明日报·理论版,光明日报·理论版,,中国社会科学网,,光明日报·理论版,http://www.cssn.cn/,2026-08-22 23:00:15
news,光明日报·理论版,光明日报·理论版,,南方网理论频道,,光明日报·理论版,http://theory.southcn.com/,2026-08-22 23:00:15
news,光明日报·理论版,光明日报·理论版,,齐鲁网理论频道,,光明日报·理论版,http://theory.iqilu.com/,2026-08-22 23:00:15
news,光明日报·理论版,光明日报·理论版,,宣讲家网,,光明日报·理论版,http://www.71.cn/,2026-08-22 23:00:15
news,光明日报·理论版,光明日报·理论版,,大众网理论频道,,光明日报·理论版,http://www.dzllzg.com/,2026-08-22 23:00:15
news,光明日报·理论版,光明日报·理论版,,https://iwaes.gmw.cn,,光明日报·理论版,https://iwaes.gmw.cn,2026-08-22 23:00:15
news,光明日报·理论版,光明日报·理论版,,gmwll@gmw.cn,,光明日报·理论版,mailto:gmwll@gmw.cn,2026-08-22 23:00:15
news,光明日报·理论版,光明日报·理论版,,手机光明网,,光明日报·理论版,https://m.gmw.cn/,2026-08-22 23:00:15
news,光明日报·理论版,光明日报·理论版,,光明日报社概况,,光明日报·理论版,https://about.gmw.cn/node_21441.htm,2026-08-22 23:00:15
news,光明日报·理论版,光明日报·理论版,,光明网邮箱,,光明日报·理论版,https://mail.gmw.cn/,2026-08-22 23:00:15
news,光明日报·理论版,光明日报·理论版,,光明网专论,,光明日报·理论版,https://theory.gmw.cn/node_97034.htm,2026-08-23 22:59:53
news,光明日报·理论版,光明日报·理论版,,江泽民有关社会建设系列论述的理论内涵与时代价值,,光明日报·理论版,http://theory.gmw.cn/2026-08/19/content_38951390.htm,2026-08-23 22:59:53
news,光明日报·理论版,光明日报·理论版,,推进体制机制创新 加快培育发展新质生产力,,光明日报·理论版,https://news.gmw.cn/2026-08/19/content_38950233.htm,2026-08-23 22:59:53
news,光明日报·理论版,光明日报·理论版,,推动“人工智能+思政教育”走深走实,,光明日报·理论版,https://news.gmw.cn/2026-08/19/content_38950232.htm,2026-08-23 22:59:53
news,光明日报·理论版,光明日报·理论版,,发展智能经济新形态,,光明日报·理论版,https://news.gmw.cn/2026-08/18/content_38948325.htm,2026-08-23 22:59:53
news,光明日报·理论版,光明日报·理论版,,江泽民有关社会建设系列论述的理论内涵与时代价值,,光明日报·理论版,https://theory.gmw.cn/2026-08/19/content_38951390.htm,2026-08-23 22:59:53
news,光明日报·理论版,光明日报·理论版,,首份消费领域国家级专项规划的战略深意,,光明日报·理论版,https://theory.gmw.cn/2026-08/04/content_38925645.htm,2026-08-23 22:59:53
news,光明日报·理论版,光明日报·理论版,,跨越文化间距 全面提升国际传播效能,,光明日报·理论版,https://theory.gmw.cn/2026-04/09/content_38697892.htm,2026-08-23 22:59:53
news,光明日报·理论版,光明日报·理论版,,“理响中国·文化旗帜”党校公开课第14季,,光明日报·理论版,https://topics.gmw.cn/node_166993.htm,2026-08-23 22:59:53
news,光明日报·理论版,光明日报·理论版,,理响中国·铿锵有理|经济向好有底气,,光明日报·理论版,https://topics.gmw.cn/node_166533.htm,2026-08-23 22:59:53
news,光明日报·理论版,光明日报·理论版,,人文经济学,,光明日报·理论版,https://topics.gmw.cn/node_165153.htm,2026-08-23 22:59:53
news,光明日报·理论版,光明日报·理论版,,理响中国·春江水暖鸭先知,,光明日报·理论版,https://topics.gmw.cn/node_164576.htm,2026-08-23 22:59:53
news,光明日报·理论版,光明日报·理论版,,把中国式现代化美好图景变为现实,,光明日报·理论版,https://topics.gmw.cn/node_161019.htm,2026-08-23 22:59:53
news,光明日报·理论版,光明日报·理论版,,在改革开放中开辟广阔前景,,光明日报·理论版,https://topics.gmw.cn/node_161185.htm,2026-08-23 22:59:53
news,光明日报·理论版,光明日报·理论版,,从“一出戏”到“一座城”，演艺新空间培育消费新动能,,光明日报·理论版,https://theory.gmw.cn/2026-08/14/content_38943596.htm,2026-08-23 22:59:53
news,光明日报·理论版,光明日报·理论版,,高标准劳动力市场体系支撑未来产业培育,,光明日报·理论版,https://theory.gmw.cn/2026-06/23/content_38843308.htm,2026-08-23 22:59:53
news,光明日报·理论版,光明日报·理论版,,AI时代的就业政策重在“组合拳”,,光明日报·理论版,https://theory.gmw.cn/2026-06/10/content_38821275.htm,2026-08-23 22:59:53
news,光明日报·理论版,光明日报·理论版,,推动城市低空经济安全可持续发展,,光明日报·理论版,https://theory.gmw.cn/2026-06/01/content_38804681.htm,2026-08-23 22:59:53
news,光明日报·理论版,光明日报·理论版,,旅居热潮背后的消费新蓝海,,光明日报·理论版,https://theory.gmw.cn/2026-05/20/content_38777128.htm,2026-08-23 22:59:53
news,光明日报·理论版,光明日报·理论版,,完善城市高质量发展的政策制度体系,,光明日报·理论版,https://theory.gmw.cn/2026-08/21/content_38956687.htm,2026-08-23 22:59:53
news,光明日报·理论版,光明日报·理论版,,[详情],,光明日报·理论版,https://theory.gmw.cn/2026-08/21/content_38956687.htm,2026-08-23 22:59:53
news,光明日报·理论版,光明日报·理论版,,推动党在革命性锻造中更加坚强有力,,光明日报·理论版,https://theory.gmw.cn/2026-08/20/content_38954029.htm,2026-08-23 22:59:53
news,光明日报·理论版,光明日报·理论版,,绿色税收制度是建设美丽中国的重要支撑,,光明日报·理论版,https://theory.gmw.cn/2026-08/19/content_38951391.htm,2026-08-23 22:59:53
news,光明日报·理论版,光明日报·理论版,,固根基守正道 破藩篱开新局,,光明日报·理论版,https://theory.gmw.cn/2026-08/12/content_38940220.htm,2026-08-23 22:59:53
news,光明日报·理论版,光明日报·理论版,,[详情],,光明日报·理论版,https://theory.gmw.cn/2026-08/12/content_38940220.htm,2026-08-23 22:59:53
news,光明日报·理论版,光明日报·理论版,,“十五五”看着大，其实就在身边,,光明日报·理论版,https://theory.gmw.cn/2026-08/21/content_38954309.htm,2026-08-23 22:59:53
news,光明日报·理论版,光明日报·理论版,,探索网上理论传播新路径,,光明日报·理论版,https://theory.gmw.cn/2026-08/21/content_38955338.htm,2026-08-23 22:59:53
news,光明日报·理论版,光明日报·理论版,,“妈祖”赋能全球气象预警,,光明日报·理论版,https://theory.gmw.cn/2026-08/20/content_38953145.htm,2026-08-23 22:59:53
news,光明日报·理论版,光明日报·理论版,,数智技术赋能城市现代化治理,,光明日报·理论版,https://theory.gmw.cn/2026-08/18/content_38949481.htm,2026-08-23 22:59:53
news,光明日报·理论版,光明日报·理论版,,以治理创新提升宏观经济治理效能,,光明日报·理论版,https://theory.gmw.cn/2026-08/14/content_38944130.htm,2026-08-23 22:59:53
news,光明日报·理论版,光明日报·理论版,,走进青年圈层，讲活时代理论,,光明日报·理论版,https://theory.gmw.cn/2026-08/14/content_38943804.htm,2026-08-23 22:59:53
news,光明日报·理论版,光明日报·理论版,,历史本体论与政治学的“知识革命”,,光明日报·理论版,https://news.gmw.cn/2026-08/21/content_38954774.htm,2026-08-23 22:59:53
news,光明日报·理论版,光明日报·理论版,,促进区域协调发展的经济法治保障,,光明日报·理论版,https://news.gmw.cn/2026-08/21/content_38954775.htm,2026-08-23 22:59:53
news,光明日报·理论版,光明日报·理论版,,诗意栖居：中国古代休闲文化,,光明日报·理论版,https://news.gmw.cn/2026-08/19/content_38950134.htm,2026-08-23 22:59:53
news,光明日报·理论版,光明日报·理论版,,西方休闲文化的源流与精神,,光明日报·理论版,https://news.gmw.cn/2026-08/19/content_38950133.htm,2026-08-23 22:59:53
news,光明日报·理论版,光明日报·理论版,,智能经济促进消费新场景扩容,,光明日报·理论版,https://news.gmw.cn/2026-08/18/content_38948324.htm,2026-08-23 22:59:53
news,光明日报·理论版,光明日报·理论版,,构建“人文要素”市场,,光明日报·理论版,https://news.gmw.cn/2026-08/18/content_38948263.htm,2026-08-23 22:59:53
news,光明日报·理论版,光明日报·理论版,,党的创新理论传播的实践体悟,,光明日报·理论版,https://theory.gmw.cn/2026-08/10/content_38935450.htm,2026-08-23 22:59:53
news,光明日报·理论版,光明日报·理论版,,共建美美与共的文明百花园,,光明日报·理论版,http://theory.gmw.cn/2025-11/18/content_38406071.htm,2026-08-23 22:59:53
news,光明日报·理论版,光明日报·理论版,,展现可信、可爱、可敬的中国形象,,光明日报·理论版,http://theory.gmw.cn/2025-11/17/content_38406072.htm,2026-08-23 22:59:53
news,光明日报·理论版,光明日报·理论版,,守护好中华民族的文化瑰宝,,光明日报·理论版,http://theory.gmw.cn/2025-11/14/content_38406067.htm,2026-08-23 22:59:53
news,光明日报·理论版,光明日报·理论版,,把最好的精神食粮奉献给人民,,光明日报·理论版,http://theory.gmw.cn/2025-11/13/content_38406038.htm,2026-08-23 22:59:53
news,光明日报·理论版,光明日报·理论版,,唱响主旋律、弘扬正能量,,光明日报·理论版,http://theory.gmw.cn/2025-11/12/content_38406039.htm,2026-08-23 22:59:53
news,光明日报·理论版,光明日报·理论版,,像石榴籽一样紧紧抱在一起,,光明日报·理论版,http://theory.gmw.cn/2025-11/11/content_38403981.htm,2026-08-23 22:59:53
news,光明日报·理论版,光明日报·理论版,,王延中：弘扬社会主义核心价值观 铸牢中华民族共同体意识,,光明日报·理论版,https://news.gmw.cn/2026-08/16/content_38945716.htm,2026-08-23 22:59:53
news,光明日报·理论版,光明日报·理论版,,刘景凤：大力弘扬工匠精神 勇担技能报国使命,,光明日报·理论版,https://news.gmw.cn/2026-07/01/content_38860037.htm,2026-08-23 22:59:53
news,光明日报·理论版,光明日报·理论版,,彭凤莲：从六尺巷看中国传统礼让文化的当代价值,,光明日报·理论版,https://news.gmw.cn/2026-05/29/content_38796471.htm,2026-08-23 22:59:53
news,光明日报·理论版,光明日报·理论版,,朱杰人：从“第二个结合”看朱子理学的敬业之道,,光明日报·理论版,https://news.gmw.cn/2026-03/28/content_38675961.htm,2026-08-23 22:59:53
news,光明日报·理论版,光明日报·理论版,,蒋乾麟：以雷锋精神引导青少年成长成才,,光明日报·理论版,https://news.gmw.cn/2026-03/21/content_38660607.htm,2026-08-23 22:59:53
news,光明日报·理论版,光明日报·理论版,,向 勇：坚持以核心价值观为引领 推动文化和科技融合发展,,光明日报·理论版,https://news.gmw.cn/2026-01/06/content_38520301.htm,2026-08-23 22:59:53
news,光明日报·理论版,光明日报·理论版,,文史科教,,光明日报·理论版,https://theory.gmw.cn/node_10141.htm,2026-08-23 22:59:53
news,光明日报·理论版,光明日报·理论版,,国际关系,,光明日报·理论版,https://theory.gmw.cn/node_10139.htm,2026-08-23 22:59:53
news,光明日报·理论版,光明日报·理论版,,经济社会,,光明日报·理论版,https://theory.gmw.cn/node_10145.htm,2026-08-23 22:59:53
news,光明日报·理论版,光明日报·理论版,,党建政治,,光明日报·理论版,https://theory.gmw.cn/node_4227.htm,2026-08-23 22:59:53
news,光明日报·理论版,光明日报·理论版,,理论综合,,光明日报·理论版,https://theory.gmw.cn/node_4403.htm,2026-08-23 22:59:53
news,光明日报·理论版,光明日报·理论版,,以丰富国际公共产品供给引领人工智能全球治理,,光明日报·理论版,https://theory.gmw.cn/2026-08/20/content_38952708.htm,2026-08-23 22:59:53
news,光明日报·理论版,光明日报·理论版,,为携手构建公正合理的全球人工智能治理体系贡献中国方案,,光明日报·理论版,https://theory.gmw.cn/2026-08/20/content_38952620.htm,2026-08-23 22:59:53
news,光明日报·理论版,光明日报·理论版,,人工智能何以向上向善,,光明日报·理论版,https://theory.gmw.cn/2026-08/19/content_38950749.htm,2026-08-23 22:59:53
news,光明日报·理论版,光明日报·理论版,,深化对“第二个结合”的理解与把握,,光明日报·理论版,https://theory.gmw.cn/2026-08/19/content_38950608.htm,2026-08-23 22:59:53
news,光明日报·理论版,光明日报·理论版,,中华民族共同体的历史演进,,光明日报·理论版,https://theory.gmw.cn/2026-08/19/content_38950478.htm,2026-08-23 22:59:53
news,光明日报·理论版,光明日报·理论版,,系统推动传统村落活化传承,,光明日报·理论版,https://theory.gmw.cn/2026-08/18/content_38949820.htm,2026-08-23 22:59:53
news,光明日报·理论版,光明日报·理论版,,持续稳步推进金砖合作机制建设,,光明日报·理论版,https://theory.gmw.cn/2026-08/21/content_38955689.htm,2026-08-23 22:59:53
news,光明日报·理论版,光明日报·理论版,,跨域共构：破除国际关系本土概念传播羁绊,,光明日报·理论版,https://theory.gmw.cn/2026-08/20/content_38953942.htm,2026-08-23 22:59:53
news,光明日报·理论版,光明日报·理论版,,全球文明倡议的内涵与底蕴,,光明日报·理论版,https://theory.gmw.cn/2026-08/20/content_38952749.htm,2026-08-23 22:59:53
news,光明日报·理论版,光明日报·理论版,,推动中美深度协作赋能全球人工智能治理,,光明日报·理论版,https://theory.gmw.cn/2026-08/14/content_38943496.htm,2026-08-23 22:59:53
news,光明日报·理论版,光明日报·理论版,,深学笃行习近平外交思想 奋力开创中国特色大国外交新局面,,光明日报·理论版,https://theory.gmw.cn/2026-08/12/content_38939063.htm,2026-08-23 22:59:53
news,光明日报·理论版,光明日报·理论版,,谱写习近平外交思想研究新篇章,,光明日报·理论版,https://theory.gmw.cn/2026-08/11/content_38936814.htm,2026-08-23 22:59:53
news,光明日报·理论版,光明日报·理论版,,健全完善促进民营经济发展的统筹协调机制,,光明日报·理论版,https://theory.gmw.cn/2026-08/21/content_38955621.htm,2026-08-23 22:59:53
news,光明日报·理论版,光明日报·理论版,,国家级经开区被摘牌传递新信号,,光明日报·理论版,https://theory.gmw.cn/2026-08/21/content_38955581.htm,2026-08-23 22:59:53
news,光明日报·理论版,光明日报·理论版,,治理账款拖欠重在常态化,,光明日报·理论版,https://theory.gmw.cn/2026-08/21/content_38955568.htm,2026-08-23 22:59:53
news,光明日报·理论版,光明日报·理论版,,准确把握生态环境法典的基本精神和实践要求,,光明日报·理论版,https://theory.gmw.cn/2026-08/21/content_38955524.htm,2026-08-23 22:59:53
news,光明日报·理论版,光明日报·理论版,,以生态环境法典施行增进民生福祉,,光明日报·理论版,https://theory.gmw.cn/2026-08/21/content_38955477.htm,2026-08-23 22:59:53
news,光明日报·理论版,光明日报·理论版,,生态环境法典护航绿色低碳发展,,光明日报·理论版,https://theory.gmw.cn/2026-08/21/content_38955334.htm,2026-08-23 22:59:53
news,光明日报·理论版,光明日报·理论版,,“五位一体”总体布局的宪法保障,,光明日报·理论版,https://theory.gmw.cn/2026-08/21/content_38955736.htm,2026-08-23 22:59:53
news,光明日报·理论版,光明日报·理论版,,把干部自律与组织教育管理结合起来,,光明日报·理论版,https://theory.gmw.cn/2026-08/21/content_38955606.htm,2026-08-23 22:59:53
news,光明日报·理论版,光明日报·理论版,,从群众期盼中找准工作着力点,,光明日报·理论版,https://theory.gmw.cn/2026-08/19/content_38950946.htm,2026-08-23 22:59:53
news,光明日报·理论版,光明日报·理论版,,以政治建军高质量保证国防和军队现代化建设高质量,,光明日报·理论版,https://theory.gmw.cn/2026-08/19/content_38950485.htm,2026-08-23 22:59:53
news,光明日报·理论版,光明日报·理论版,,决策如何做到科学合理,,光明日报·理论版,https://theory.gmw.cn/2026-08/19/content_38950413.htm,2026-08-23 22:59:53
news,光明日报·理论版,光明日报·理论版,,不断深化对习近平党建思想的理解把握,,光明日报·理论版,https://theory.gmw.cn/2026-08/18/content_38949616.htm,2026-08-23 22:59:53
news,光明日报·理论版,光明日报·理论版,,聚焦生动实践回应理论关切,,光明日报·理论版,https://theory.gmw.cn/2026-08/19/content_38950639.htm,2026-08-23 22:59:53
news,光明日报·理论版,光明日报·理论版,,支持基础研究贵在长期稳定,,光明日报·理论版,https://theory.gmw.cn/2026-08/19/content_38950570.htm,2026-08-23 22:59:53
news,光明日报·理论版,光明日报·理论版,,如何构建适应国际秩序重塑的自主知识体系,,光明日报·理论版,https://theory.gmw.cn/2026-08/17/content_38946969.htm,2026-08-23 22:59:53
news,光明日报·理论版,光明日报·理论版,,构建自主完备、开放高效的国家创新体系,,光明日报·理论版,https://theory.gmw.cn/2026-08/17/content_38946687.htm,2026-08-23 22:59:53
news,光明日报·理论版,光明日报·理论版,,不断提升中国哲学社会科学的主体性和原创性,,光明日报·理论版,https://theory.gmw.cn/2026-08/14/content_38943425.htm,2026-08-23 22:59:53
news,光明日报·理论版,光明日报·理论版,,《生态环境法典》的开创性贡献,,光明日报·理论版,https://theory.gmw.cn/2026-08/10/content_38934727.htm,2026-08-23 22:59:53
news,光明日报·理论版,光明日报·理论版,,微视频：“村”字号火爆全球魅力何在,,光明日报·理论版,https://theory.gmw.cn/2026-01/02/content_38554039.htm,2026-08-23 22:59:53
news,光明日报·理论版,光明日报·理论版,,微视频：文明交响曲：每个声部都精彩,,光明日报·理论版,https://theory.gmw.cn/2026-01/01/content_38553863.htm,2026-08-23 22:59:53
news,光明日报·理论版,光明日报·理论版,,微视频：China Travel为啥成了流量密码？,,光明日报·理论版,https://theory.gmw.cn/2025-12/23/content_38492948.htm,2026-08-23 22:59:53
news,光明日报·理论版,光明日报·理论版,,微视频：中国故事怎么讲？,,光明日报·理论版,https://theory.gmw.cn/2025-12/22/content_38490383.htm,2026-08-23 22:59:53
news,光明日报·理论版,光明日报·理论版,,微视频：宋锦如何“活”在当下？,,光明日报·理论版,https://theory.gmw.cn/2025-12/19/content_38486600.htm,2026-08-23 22:59:53
news,光明日报·理论版,光明日报·理论版,,微视频：千年文脉何以生生不息？,,光明日报·理论版,http://theory.gmw.cn/2025-12/18/content_38484219.htm,2026-08-23 22:59:53
news,光明日报·理论版,光明日报·理论版,,微视频：图书馆何以成为城市的心灵港湾？,,光明日报·理论版,http://theory.gmw.cn/2025-12/17/content_38482014.htm,2026-08-23 22:59:53
news,光明日报·理论版,光明日报·理论版,,微视频：10元票价的苏超为何成为全民派对,,光明日报·理论版,http://theory.gmw.cn/2025-12/16/content_38479459.htm,2026-08-23 22:59:53
news,光明日报·理论版,光明日报·理论版,,世界第一！40亿千瓦家底铸牢中国能源底座,,光明日报·理论版,https://theory.gmw.cn/2026-07/31/content_38919621.htm,2026-08-23 22:59:53
news,光明日报·理论版,光明日报·理论版,,数字福建探新路，乘“数”而上正当时,,光明日报·理论版,https://theory.gmw.cn/2026-07/23/content_38902786.htm,2026-08-23 22:59:53
news,光明日报·理论版,光明日报·理论版,,解码数字福建，乘势而上正青春,,光明日报·理论版,https://theory.gmw.cn/2026-07/09/content_38875718.htm,2026-08-23 22:59:53
news,光明日报·理论版,光明日报·理论版,,房子“升级” 日子“上新”,,光明日报·理论版,https://theory.gmw.cn/2026-06/26/content_38850082.htm,2026-08-23 22:59:53
news,光明日报·理论版,光明日报·理论版,,你的钱花在体验上了吗？,,光明日报·理论版,https://theory.gmw.cn/2026-06/11/content_38823502.htm,2026-08-23 22:59:53
news,光明日报·理论版,光明日报·理论版,,看“苏超”，逛“烟火”，换个花样游江苏,,光明日报·理论版,https://theory.gmw.cn/2026-06/05/content_38813506.htm,2026-08-23 22:59:53
news,光明日报·理论版,光明日报·理论版,,这碗米背后，是中国农业的“硬核实力”,,光明日报·理论版,https://theory.gmw.cn/2026-06/05/content_38813504.htm,2026-08-23 22:59:53
news,光明日报·理论版,光明日报·理论版,,假日经济“热”力全开,,光明日报·理论版,https://theory.gmw.cn/2026-05/15/content_38765000.htm,2026-08-23 22:59:53
news,光明日报·理论版,光明日报·理论版,,“苏超”如何吹响消费集结号,,光明日报·理论版,https://theory.gmw.cn/2026-05/14/content_38764018.htm,2026-08-23 22:59:53
news,光明日报·理论版,光明日报·理论版,,《习近平关于民政工作论述摘编》出版发行,,光明日报·理论版,https://theory.gmw.cn/2025-10/29/content_38376774.htm,2026-08-23 22:59:53
news,光明日报·理论版,光明日报·理论版,,习近平同志《论坚持全面深化改革》第一卷、第二卷出版发行,,光明日报·理论版,https://theory.gmw.cn/2025-10/29/content_38376742.htm,2026-08-23 22:59:53
news,光明日报·理论版,光明日报·理论版,,《习近平生态文明文选》第一卷出版发行,,光明日报·理论版,https://theory.gmw.cn/2025-10/29/content_38376771.htm,2026-08-23 22:59:53
news,光明日报·理论版,光明日报·理论版,,《习近平新时代中国特色社会主义思想学习论丛》第十一辑至第十五辑出版发行,,光明日报·理论版,https://theory.gmw.cn/2025-10/29/content_38376733.htm,2026-08-23 22:59:53
news,光明日报·理论版,光明日报·理论版,,经济学如何塑造我们的生活,,光明日报·理论版,https://theory.gmw.cn/2025-10/29/content_38373967.htm,2026-08-23 22:59:53
news,光明日报·理论版,光明日报·理论版,,《中国共产党精神史》总序,,光明日报·理论版,https://theory.gmw.cn/2026-05/29/content_38798145.htm,2026-08-23 22:59:53
news,光明日报·理论版,光明日报·理论版,,《树牢正确政绩观》出版发行,,光明日报·理论版,https://theory.gmw.cn/2026-03/01/content_38620547.htm,2026-08-23 22:59:53
news,光明日报·理论版,光明日报·理论版,,中国国际关系史研究百年,,光明日报·理论版,https://theory.gmw.cn/2025-12/01/content_38451281.htm,2026-08-23 22:59:53
news,光明日报·理论版,光明日报·理论版,,习近平党建思想理论研讨会,,光明日报·理论版,https://theory.gmw.cn/2026-07/10/content_38878904.htm,2026-08-23 22:59:53
news,光明日报·理论版,光明日报·理论版,,发展中国家国家治理高端智库论坛举办,,光明日报·理论版,https://theory.gmw.cn/2026-06/26/content_38851339.htm,2026-08-23 22:59:53
news,光明日报·理论版,光明日报·理论版,,深化党的创新理论的原理性成果研究,,光明日报·理论版,https://theory.gmw.cn/2026-06/12/content_38825126.htm,2026-08-23 22:59:53
news,光明日报·理论版,光明日报·理论版,,马克思主义理论学科自主知识体系建设,,光明日报·理论版,https://theory.gmw.cn/2026-06/10/content_38821382.htm,2026-08-23 22:59:53
news,光明日报·理论版,光明日报·理论版,,“生态文明学术周2026”系列学术活动,,光明日报·理论版,https://theory.gmw.cn/2026-06/05/content_38813860.htm,2026-08-23 22:59:53
news,光明日报·理论版,光明日报·理论版,,不断开创新时代中国史学新局面,,光明日报·理论版,https://theory.gmw.cn/2026-06/04/content_38811912.htm,2026-08-23 22:59:53
news,光明日报·理论版,光明日报·理论版,,“自主知识体系与文化自信”理论研讨会,,光明日报·理论版,https://theory.gmw.cn/2026-05/20/content_38777585.htm,2026-08-23 22:59:53
news,光明日报·理论版,光明日报·理论版,,理响中国·薪火“燃”青春,,光明日报·理论版,https://topics.gmw.cn/node_168473.htm,2026-08-23 22:59:53
news,光明日报·理论版,光明日报·理论版,,“理响中国·铿锵有理|在改革开放中开辟广阔前景暨党校公开课第十二季”,,光明日报·理论版,https://topics.gmw.cn/node_161185.htm,2026-08-23 22:59:53
news,光明日报·理论版,光明日报·理论版,,“理响中国”理论融媒体精品征集展播活动,,光明日报·理论版,https://topics.gmw.cn/node_157830.htm,2026-08-23 22:59:53
news,光明日报·理论版,光明日报·理论版,,把中国式现代化的美好图景变为现实,,光明日报·理论版,https://topics.gmw.cn/node_161019.htm,2026-08-23 22:59:53
news,光明日报·理论版,光明日报·理论版,,理响中国·实践新论,,光明日报·理论版,https://topics.gmw.cn/node_155991.htm,2026-08-23 22:59:53
news,光明日报·理论版,光明日报·理论版,,理响中国之理响新征程,,光明日报·理论版,https://topics.gmw.cn/node_153434.htm,2026-08-23 22:59:53
news,光明日报·理论版,光明日报·理论版,,时代青音·理论学者助力计划,,光明日报·理论版,https://topics.gmw.cn/node_153372.htm,2026-08-23 22:59:53
news,光明日报·理论版,光明日报·理论版,,人民网理论频道,,光明日报·理论版,http://theory.people.com.cn/,2026-08-23 22:59:53
news,光明日报·理论版,光明日报·理论版,,新华网理论频道,,光明日报·理论版,http://www.xinhuanet.com/politics/xhll.htm,2026-08-23 22:59:53
news,光明日报·理论版,光明日报·理论版,,中国社会科学网,,光明日报·理论版,http://www.cssn.cn/,2026-08-23 22:59:53
news,光明日报·理论版,光明日报·理论版,,南方网理论频道,,光明日报·理论版,http://theory.southcn.com/,2026-08-23 22:59:53
news,光明日报·理论版,光明日报·理论版,,齐鲁网理论频道,,光明日报·理论版,http://theory.iqilu.com/,2026-08-23 22:59:53
news,光明日报·理论版,光明日报·理论版,,宣讲家网,,光明日报·理论版,http://www.71.cn/,2026-08-23 22:59:53
news,光明日报·理论版,光明日报·理论版,,大众网理论频道,,光明日报·理论版,http://www.dzllzg.com/,2026-08-23 22:59:53
news,光明日报·理论版,光明日报·理论版,,https://iwaes.gmw.cn,,光明日报·理论版,https://iwaes.gmw.cn,2026-08-23 22:59:53
news,光明日报·理论版,光明日报·理论版,,gmwll@gmw.cn,,光明日报·理论版,mailto:gmwll@gmw.cn,2026-08-23 22:59:53
news,光明日报·理论版,光明日报·理论版,,手机光明网,,光明日报·理论版,https://m.gmw.cn/,2026-08-23 22:59:53
news,光明日报·理论版,光明日报·理论版,,光明日报社概况,,光明日报·理论版,https://about.gmw.cn/node_21441.htm,2026-08-23 22:59:53
news,光明日报·理论版,光明日报·理论版,,光明网邮箱,,光明日报·理论版,https://mail.gmw.cn/,2026-08-23 22:59:53
news,光明日报·理论版,光明日报·理论版,,光明网专论,,光明日报·理论版,https://theory.gmw.cn/node_97034.htm,2026-08-24 23:33:34
news,光明日报·理论版,光明日报·理论版,,江泽民有关社会建设系列论述的理论内涵与时代价值,,光明日报·理论版,http://theory.gmw.cn/2026-08/19/content_38951390.htm,2026-08-24 23:33:34
news,光明日报·理论版,光明日报·理论版,,推进体制机制创新 加快培育发展新质生产力,,光明日报·理论版,https://news.gmw.cn/2026-08/19/content_38950233.htm,2026-08-24 23:33:34
news,光明日报·理论版,光明日报·理论版,,推动“人工智能+思政教育”走深走实,,光明日报·理论版,https://news.gmw.cn/2026-08/19/content_38950232.htm,2026-08-24 23:33:34
news,光明日报·理论版,光明日报·理论版,,发展智能经济新形态,,光明日报·理论版,https://news.gmw.cn/2026-08/18/content_38948325.htm,2026-08-24 23:33:34
news,光明日报·理论版,光明日报·理论版,,江泽民有关社会建设系列论述的理论内涵与时代价值,,光明日报·理论版,https://theory.gmw.cn/2026-08/19/content_38951390.htm,2026-08-24 23:33:34
news,光明日报·理论版,光明日报·理论版,,首份消费领域国家级专项规划的战略深意,,光明日报·理论版,https://theory.gmw.cn/2026-08/04/content_38925645.htm,2026-08-24 23:33:34
news,光明日报·理论版,光明日报·理论版,,跨越文化间距 全面提升国际传播效能,,光明日报·理论版,https://theory.gmw.cn/2026-04/09/content_38697892.htm,2026-08-24 23:33:34
news,光明日报·理论版,光明日报·理论版,,“理响中国·文化旗帜”党校公开课第14季,,光明日报·理论版,https://topics.gmw.cn/node_166993.htm,2026-08-24 23:33:34
news,光明日报·理论版,光明日报·理论版,,理响中国·铿锵有理|经济向好有底气,,光明日报·理论版,https://topics.gmw.cn/node_166533.htm,2026-08-24 23:33:34
news,光明日报·理论版,光明日报·理论版,,人文经济学,,光明日报·理论版,https://topics.gmw.cn/node_165153.htm,2026-08-24 23:33:34
news,光明日报·理论版,光明日报·理论版,,理响中国·春江水暖鸭先知,,光明日报·理论版,https://topics.gmw.cn/node_164576.htm,2026-08-24 23:33:34
news,光明日报·理论版,光明日报·理论版,,把中国式现代化美好图景变为现实,,光明日报·理论版,https://topics.gmw.cn/node_161019.htm,2026-08-24 23:33:34
news,光明日报·理论版,光明日报·理论版,,在改革开放中开辟广阔前景,,光明日报·理论版,https://topics.gmw.cn/node_161185.htm,2026-08-24 23:33:34
news,光明日报·理论版,光明日报·理论版,,从“一出戏”到“一座城”，演艺新空间培育消费新动能,,光明日报·理论版,https://theory.gmw.cn/2026-08/14/content_38943596.htm,2026-08-24 23:33:34
news,光明日报·理论版,光明日报·理论版,,高标准劳动力市场体系支撑未来产业培育,,光明日报·理论版,https://theory.gmw.cn/2026-06/23/content_38843308.htm,2026-08-24 23:33:34
news,光明日报·理论版,光明日报·理论版,,AI时代的就业政策重在“组合拳”,,光明日报·理论版,https://theory.gmw.cn/2026-06/10/content_38821275.htm,2026-08-24 23:33:34
news,光明日报·理论版,光明日报·理论版,,推动城市低空经济安全可持续发展,,光明日报·理论版,https://theory.gmw.cn/2026-06/01/content_38804681.htm,2026-08-24 23:33:34
news,光明日报·理论版,光明日报·理论版,,旅居热潮背后的消费新蓝海,,光明日报·理论版,https://theory.gmw.cn/2026-05/20/content_38777128.htm,2026-08-24 23:33:34
news,光明日报·理论版,光明日报·理论版,,学习宣传贯彻习近平党建思想,,光明日报·理论版,https://theory.gmw.cn/2026-08/24/content_38960128.htm,2026-08-24 23:33:34
news,光明日报·理论版,光明日报·理论版,,[详情],,光明日报·理论版,https://theory.gmw.cn/2026-08/24/content_38960128.htm,2026-08-24 23:33:34
news,光明日报·理论版,光明日报·理论版,,完善城市高质量发展的政策制度体系,,光明日报·理论版,https://theory.gmw.cn/2026-08/21/content_38956687.htm,2026-08-24 23:33:34
news,光明日报·理论版,光明日报·理论版,,推动党在革命性锻造中更加坚强有力,,光明日报·理论版,https://theory.gmw.cn/2026-08/20/content_38954029.htm,2026-08-24 23:33:34
news,光明日报·理论版,光明日报·理论版,,固根基守正道 破藩篱开新局,,光明日报·理论版,https://theory.gmw.cn/2026-08/12/content_38940220.htm,2026-08-24 23:33:34
news,光明日报·理论版,光明日报·理论版,,[详情],,光明日报·理论版,https://theory.gmw.cn/2026-08/12/content_38940220.htm,2026-08-24 23:33:34
news,光明日报·理论版,光明日报·理论版,,“十五五”看着大，其实就在身边,,光明日报·理论版,https://theory.gmw.cn/2026-08/21/content_38954309.htm,2026-08-24 23:33:34
news,光明日报·理论版,光明日报·理论版,,探索网上理论传播新路径,,光明日报·理论版,https://theory.gmw.cn/2026-08/21/content_38955338.htm,2026-08-24 23:33:34
news,光明日报·理论版,光明日报·理论版,,“妈祖”赋能全球气象预警,,光明日报·理论版,https://theory.gmw.cn/2026-08/20/content_38953145.htm,2026-08-24 23:33:34
news,光明日报·理论版,光明日报·理论版,,数智技术赋能城市现代化治理,,光明日报·理论版,https://theory.gmw.cn/2026-08/18/content_38949481.htm,2026-08-24 23:33:34
news,光明日报·理论版,光明日报·理论版,,以治理创新提升宏观经济治理效能,,光明日报·理论版,https://theory.gmw.cn/2026-08/14/content_38944130.htm,2026-08-24 23:33:34
news,光明日报·理论版,光明日报·理论版,,走进青年圈层，讲活时代理论,,光明日报·理论版,https://theory.gmw.cn/2026-08/14/content_38943804.htm,2026-08-24 23:33:34
news,光明日报·理论版,光明日报·理论版,,深刻把握“投资于人”的人文经济学意蕴,,光明日报·理论版,https://news.gmw.cn/2026-08/24/content_38958838.htm,2026-08-24 23:33:34
news,光明日报·理论版,光明日报·理论版,,推动乡村生态产品价值实现,,光明日报·理论版,https://news.gmw.cn/2026-08/24/content_38958837.htm,2026-08-24 23:33:34
news,光明日报·理论版,光明日报·理论版,,历史本体论与政治学的“知识革命”,,光明日报·理论版,https://news.gmw.cn/2026-08/21/content_38954774.htm,2026-08-24 23:33:34
news,光明日报·理论版,光明日报·理论版,,促进区域协调发展的经济法治保障,,光明日报·理论版,https://news.gmw.cn/2026-08/21/content_38954775.htm,2026-08-24 23:33:34
news,光明日报·理论版,光明日报·理论版,,诗意栖居：中国古代休闲文化,,光明日报·理论版,https://news.gmw.cn/2026-08/19/content_38950134.htm,2026-08-24 23:33:34
news,光明日报·理论版,光明日报·理论版,,西方休闲文化的源流与精神,,光明日报·理论版,https://news.gmw.cn/2026-08/19/content_38950133.htm,2026-08-24 23:33:34
news,光明日报·理论版,光明日报·理论版,,党的创新理论传播的实践体悟,,光明日报·理论版,https://theory.gmw.cn/2026-08/10/content_38935450.htm,2026-08-24 23:33:34
news,光明日报·理论版,光明日报·理论版,,共建美美与共的文明百花园,,光明日报·理论版,http://theory.gmw.cn/2025-11/18/content_38406071.htm,2026-08-24 23:33:34
news,光明日报·理论版,光明日报·理论版,,展现可信、可爱、可敬的中国形象,,光明日报·理论版,http://theory.gmw.cn/2025-11/17/content_38406072.htm,2026-08-24 23:33:34
news,光明日报·理论版,光明日报·理论版,,守护好中华民族的文化瑰宝,,光明日报·理论版,http://theory.gmw.cn/2025-11/14/content_38406067.htm,2026-08-24 23:33:34
news,光明日报·理论版,光明日报·理论版,,把最好的精神食粮奉献给人民,,光明日报·理论版,http://theory.gmw.cn/2025-11/13/content_38406038.htm,2026-08-24 23:33:34
news,光明日报·理论版,光明日报·理论版,,唱响主旋律、弘扬正能量,,光明日报·理论版,http://theory.gmw.cn/2025-11/12/content_38406039.htm,2026-08-24 23:33:34
news,光明日报·理论版,光明日报·理论版,,像石榴籽一样紧紧抱在一起,,光明日报·理论版,http://theory.gmw.cn/2025-11/11/content_38403981.htm,2026-08-24 23:33:34
news,光明日报·理论版,光明日报·理论版,,王延中：弘扬社会主义核心价值观 铸牢中华民族共同体意识,,光明日报·理论版,https://news.gmw.cn/2026-08/16/content_38945716.htm,2026-08-24 23:33:34
news,光明日报·理论版,光明日报·理论版,,刘景凤：大力弘扬工匠精神 勇担技能报国使命,,光明日报·理论版,https://news.gmw.cn/2026-07/01/content_38860037.htm,2026-08-24 23:33:34
news,光明日报·理论版,光明日报·理论版,,彭凤莲：从六尺巷看中国传统礼让文化的当代价值,,光明日报·理论版,https://news.gmw.cn/2026-05/29/content_38796471.htm,2026-08-24 23:33:34
news,光明日报·理论版,光明日报·理论版,,朱杰人：从“第二个结合”看朱子理学的敬业之道,,光明日报·理论版,https://news.gmw.cn/2026-03/28/content_38675961.htm,2026-08-24 23:33:34
news,光明日报·理论版,光明日报·理论版,,蒋乾麟：以雷锋精神引导青少年成长成才,,光明日报·理论版,https://news.gmw.cn/2026-03/21/content_38660607.htm,2026-08-24 23:33:34
news,光明日报·理论版,光明日报·理论版,,向 勇：坚持以核心价值观为引领 推动文化和科技融合发展,,光明日报·理论版,https://news.gmw.cn/2026-01/06/content_38520301.htm,2026-08-24 23:33:34
news,光明日报·理论版,光明日报·理论版,,文史科教,,光明日报·理论版,https://theory.gmw.cn/node_10141.htm,2026-08-24 23:33:34
news,光明日报·理论版,光明日报·理论版,,国际关系,,光明日报·理论版,https://theory.gmw.cn/node_10139.htm,2026-08-24 23:33:34
news,光明日报·理论版,光明日报·理论版,,经济社会,,光明日报·理论版,https://theory.gmw.cn/node_10145.htm,2026-08-24 23:33:34
news,光明日报·理论版,光明日报·理论版,,党建政治,,光明日报·理论版,https://theory.gmw.cn/node_4227.htm,2026-08-24 23:33:34
news,光明日报·理论版,光明日报·理论版,,理论综合,,光明日报·理论版,https://theory.gmw.cn/node_4403.htm,2026-08-24 23:33:34
news,光明日报·理论版,光明日报·理论版,,以丰富国际公共产品供给引领人工智能全球治理,,光明日报·理论版,https://theory.gmw.cn/2026-08/20/content_38952708.htm,2026-08-24 23:33:34
news,光明日报·理论版,光明日报·理论版,,为携手构建公正合理的全球人工智能治理体系贡献中国方案,,光明日报·理论版,https://theory.gmw.cn/2026-08/20/content_38952620.htm,2026-08-24 23:33:34
news,光明日报·理论版,光明日报·理论版,,人工智能何以向上向善,,光明日报·理论版,https://theory.gmw.cn/2026-08/19/content_38950749.htm,2026-08-24 23:33:34
news,光明日报·理论版,光明日报·理论版,,深化对“第二个结合”的理解与把握,,光明日报·理论版,https://theory.gmw.cn/2026-08/19/content_38950608.htm,2026-08-24 23:33:34
news,光明日报·理论版,光明日报·理论版,,中华民族共同体的历史演进,,光明日报·理论版,https://theory.gmw.cn/2026-08/19/content_38950478.htm,2026-08-24 23:33:34
news,光明日报·理论版,光明日报·理论版,,系统推动传统村落活化传承,,光明日报·理论版,https://theory.gmw.cn/2026-08/18/content_38949820.htm,2026-08-24 23:33:34
news,光明日报·理论版,光明日报·理论版,,持续稳步推进金砖合作机制建设,,光明日报·理论版,https://theory.gmw.cn/2026-08/21/content_38955689.htm,2026-08-24 23:33:34
news,光明日报·理论版,光明日报·理论版,,跨域共构：破除国际关系本土概念传播羁绊,,光明日报·理论版,https://theory.gmw.cn/2026-08/20/content_38953942.htm,2026-08-24 23:33:34
news,光明日报·理论版,光明日报·理论版,,全球文明倡议的内涵与底蕴,,光明日报·理论版,https://theory.gmw.cn/2026-08/20/content_38952749.htm,2026-08-24 23:33:34
news,光明日报·理论版,光明日报·理论版,,推动中美深度协作赋能全球人工智能治理,,光明日报·理论版,https://theory.gmw.cn/2026-08/14/content_38943496.htm,2026-08-24 23:33:34
news,光明日报·理论版,光明日报·理论版,,深学笃行习近平外交思想 奋力开创中国特色大国外交新局面,,光明日报·理论版,https://theory.gmw.cn/2026-08/12/content_38939063.htm,2026-08-24 23:33:34
news,光明日报·理论版,光明日报·理论版,,谱写习近平外交思想研究新篇章,,光明日报·理论版,https://theory.gmw.cn/2026-08/11/content_38936814.htm,2026-08-24 23:33:34
news,光明日报·理论版,光明日报·理论版,,“让城市留住记忆，让人们记住乡愁”,,光明日报·理论版,https://theory.gmw.cn/2026-08/24/content_38959933.htm,2026-08-24 23:33:34
news,光明日报·理论版,光明日报·理论版,,构建中国特色企业社会责任自主知识体系,,光明日报·理论版,https://theory.gmw.cn/2026-08/24/content_38959802.htm,2026-08-24 23:33:34
news,光明日报·理论版,光明日报·理论版,,如何提振有效需求,,光明日报·理论版,https://theory.gmw.cn/2026-08/24/content_38959763.htm,2026-08-24 23:33:34
news,光明日报·理论版,光明日报·理论版,,统筹发展“四个农业”,,光明日报·理论版,https://theory.gmw.cn/2026-08/24/content_38959725.htm,2026-08-24 23:33:34
news,光明日报·理论版,光明日报·理论版,,促进央企场景开放走深走实,,光明日报·理论版,https://theory.gmw.cn/2026-08/24/content_38959699.htm,2026-08-24 23:33:34
news,光明日报·理论版,光明日报·理论版,,我国经济动能向新、结构向优,,光明日报·理论版,https://theory.gmw.cn/2026-08/24/content_38959666.htm,2026-08-24 23:33:34
news,光明日报·理论版,光明日报·理论版,,以习近平党建思想引领新时代高校党建工作,,光明日报·理论版,https://theory.gmw.cn/2026-08/24/content_38959939.htm,2026-08-24 23:33:34
news,光明日报·理论版,光明日报·理论版,,“五位一体”总体布局的宪法保障,,光明日报·理论版,https://theory.gmw.cn/2026-08/21/content_38955736.htm,2026-08-24 23:33:34
news,光明日报·理论版,光明日报·理论版,,把干部自律与组织教育管理结合起来,,光明日报·理论版,https://theory.gmw.cn/2026-08/21/content_38955606.htm,2026-08-24 23:33:34
news,光明日报·理论版,光明日报·理论版,,从群众期盼中找准工作着力点,,光明日报·理论版,https://theory.gmw.cn/2026-08/19/content_38950946.htm,2026-08-24 23:33:34
news,光明日报·理论版,光明日报·理论版,,以政治建军高质量保证国防和军队现代化建设高质量,,光明日报·理论版,https://theory.gmw.cn/2026-08/19/content_38950485.htm,2026-08-24 23:33:34
news,光明日报·理论版,光明日报·理论版,,决策如何做到科学合理,,光明日报·理论版,https://theory.gmw.cn/2026-08/19/content_38950413.htm,2026-08-24 23:33:34
news,光明日报·理论版,光明日报·理论版,,深刻把握投资于物和投资于人的辩证统一,,光明日报·理论版,https://theory.gmw.cn/2026-08/24/content_38959676.htm,2026-08-24 23:33:34
news,光明日报·理论版,光明日报·理论版,,聚焦生动实践回应理论关切,,光明日报·理论版,https://theory.gmw.cn/2026-08/19/content_38950639.htm,2026-08-24 23:33:34
news,光明日报·理论版,光明日报·理论版,,支持基础研究贵在长期稳定,,光明日报·理论版,https://theory.gmw.cn/2026-08/19/content_38950570.htm,2026-08-24 23:33:34
news,光明日报·理论版,光明日报·理论版,,如何构建适应国际秩序重塑的自主知识体系,,光明日报·理论版,https://theory.gmw.cn/2026-08/17/content_38946969.htm,2026-08-24 23:33:34
news,光明日报·理论版,光明日报·理论版,,构建自主完备、开放高效的国家创新体系,,光明日报·理论版,https://theory.gmw.cn/2026-08/17/content_38946687.htm,2026-08-24 23:33:34
news,光明日报·理论版,光明日报·理论版,,不断提升中国哲学社会科学的主体性和原创性,,光明日报·理论版,https://theory.gmw.cn/2026-08/14/content_38943425.htm,2026-08-24 23:33:34
news,光明日报·理论版,光明日报·理论版,,微视频：“村”字号火爆全球魅力何在,,光明日报·理论版,https://theory.gmw.cn/2026-01/02/content_38554039.htm,2026-08-24 23:33:34
news,光明日报·理论版,光明日报·理论版,,微视频：文明交响曲：每个声部都精彩,,光明日报·理论版,https://theory.gmw.cn/2026-01/01/content_38553863.htm,2026-08-24 23:33:34
news,光明日报·理论版,光明日报·理论版,,微视频：China Travel为啥成了流量密码？,,光明日报·理论版,https://theory.gmw.cn/2025-12/23/content_38492948.htm,2026-08-24 23:33:34
news,光明日报·理论版,光明日报·理论版,,微视频：中国故事怎么讲？,,光明日报·理论版,https://theory.gmw.cn/2025-12/22/content_38490383.htm,2026-08-24 23:33:34
news,光明日报·理论版,光明日报·理论版,,微视频：宋锦如何“活”在当下？,,光明日报·理论版,https://theory.gmw.cn/2025-12/19/content_38486600.htm,2026-08-24 23:33:34
news,光明日报·理论版,光明日报·理论版,,微视频：千年文脉何以生生不息？,,光明日报·理论版,http://theory.gmw.cn/2025-12/18/content_38484219.htm,2026-08-24 23:33:34
news,光明日报·理论版,光明日报·理论版,,微视频：图书馆何以成为城市的心灵港湾？,,光明日报·理论版,http://theory.gmw.cn/2025-12/17/content_38482014.htm,2026-08-24 23:33:34
news,光明日报·理论版,光明日报·理论版,,微视频：10元票价的苏超为何成为全民派对,,光明日报·理论版,http://theory.gmw.cn/2025-12/16/content_38479459.htm,2026-08-24 23:33:34
news,光明日报·理论版,光明日报·理论版,,世界第一！40亿千瓦家底铸牢中国能源底座,,光明日报·理论版,https://theory.gmw.cn/2026-07/31/content_38919621.htm,2026-08-24 23:33:34
news,光明日报·理论版,光明日报·理论版,,数字福建探新路，乘“数”而上正当时,,光明日报·理论版,https://theory.gmw.cn/2026-07/23/content_38902786.htm,2026-08-24 23:33:34
news,光明日报·理论版,光明日报·理论版,,解码数字福建，乘势而上正青春,,光明日报·理论版,https://theory.gmw.cn/2026-07/09/content_38875718.htm,2026-08-24 23:33:34
news,光明日报·理论版,光明日报·理论版,,房子“升级” 日子“上新”,,光明日报·理论版,https://theory.gmw.cn/2026-06/26/content_38850082.htm,2026-08-24 23:33:34
news,光明日报·理论版,光明日报·理论版,,你的钱花在体验上了吗？,,光明日报·理论版,https://theory.gmw.cn/2026-06/11/content_38823502.htm,2026-08-24 23:33:34
news,光明日报·理论版,光明日报·理论版,,看“苏超”，逛“烟火”，换个花样游江苏,,光明日报·理论版,https://theory.gmw.cn/2026-06/05/content_38813506.htm,2026-08-24 23:33:34
news,光明日报·理论版,光明日报·理论版,,这碗米背后，是中国农业的“硬核实力”,,光明日报·理论版,https://theory.gmw.cn/2026-06/05/content_38813504.htm,2026-08-24 23:33:34
news,光明日报·理论版,光明日报·理论版,,假日经济“热”力全开,,光明日报·理论版,https://theory.gmw.cn/2026-05/15/content_38765000.htm,2026-08-24 23:33:34
news,光明日报·理论版,光明日报·理论版,,“苏超”如何吹响消费集结号,,光明日报·理论版,https://theory.gmw.cn/2026-05/14/content_38764018.htm,2026-08-24 23:33:34
news,光明日报·理论版,光明日报·理论版,,《习近平关于民政工作论述摘编》出版发行,,光明日报·理论版,https://theory.gmw.cn/2025-10/29/content_38376774.htm,2026-08-24 23:33:34
news,光明日报·理论版,光明日报·理论版,,习近平同志《论坚持全面深化改革》第一卷、第二卷出版发行,,光明日报·理论版,https://theory.gmw.cn/2025-10/29/content_38376742.htm,2026-08-24 23:33:34
news,光明日报·理论版,光明日报·理论版,,《习近平生态文明文选》第一卷出版发行,,光明日报·理论版,https://theory.gmw.cn/2025-10/29/content_38376771.htm,2026-08-24 23:33:34
news,光明日报·理论版,光明日报·理论版,,《习近平新时代中国特色社会主义思想学习论丛》第十一辑至第十五辑出版发行,,光明日报·理论版,https://theory.gmw.cn/2025-10/29/content_38376733.htm,2026-08-24 23:33:34
news,光明日报·理论版,光明日报·理论版,,经济学如何塑造我们的生活,,光明日报·理论版,https://theory.gmw.cn/2025-10/29/content_38373967.htm,2026-08-24 23:33:34
news,光明日报·理论版,光明日报·理论版,,《中国共产党精神史》总序,,光明日报·理论版,https://theory.gmw.cn/2026-05/29/content_38798145.htm,2026-08-24 23:33:34
news,光明日报·理论版,光明日报·理论版,,《树牢正确政绩观》出版发行,,光明日报·理论版,https://theory.gmw.cn/2026-03/01/content_38620547.htm,2026-08-24 23:33:34
news,光明日报·理论版,光明日报·理论版,,中国国际关系史研究百年,,光明日报·理论版,https://theory.gmw.cn/2025-12/01/content_38451281.htm,2026-08-24 23:33:34
news,光明日报·理论版,光明日报·理论版,,习近平党建思想理论研讨会,,光明日报·理论版,https://theory.gmw.cn/2026-07/10/content_38878904.htm,2026-08-24 23:33:34
news,光明日报·理论版,光明日报·理论版,,发展中国家国家治理高端智库论坛举办,,光明日报·理论版,https://theory.gmw.cn/2026-06/26/content_38851339.htm,2026-08-24 23:33:34
news,光明日报·理论版,光明日报·理论版,,深化党的创新理论的原理性成果研究,,光明日报·理论版,https://theory.gmw.cn/2026-06/12/content_38825126.htm,2026-08-24 23:33:34
news,光明日报·理论版,光明日报·理论版,,马克思主义理论学科自主知识体系建设,,光明日报·理论版,https://theory.gmw.cn/2026-06/10/content_38821382.htm,2026-08-24 23:33:34
news,光明日报·理论版,光明日报·理论版,,“生态文明学术周2026”系列学术活动,,光明日报·理论版,https://theory.gmw.cn/2026-06/05/content_38813860.htm,2026-08-24 23:33:34
news,光明日报·理论版,光明日报·理论版,,不断开创新时代中国史学新局面,,光明日报·理论版,https://theory.gmw.cn/2026-06/04/content_38811912.htm,2026-08-24 23:33:34
news,光明日报·理论版,光明日报·理论版,,“自主知识体系与文化自信”理论研讨会,,光明日报·理论版,https://theory.gmw.cn/2026-05/20/content_38777585.htm,2026-08-24 23:33:34
news,光明日报·理论版,光明日报·理论版,,理响中国·薪火“燃”青春,,光明日报·理论版,https://topics.gmw.cn/node_168473.htm,2026-08-24 23:33:34
news,光明日报·理论版,光明日报·理论版,,“理响中国·铿锵有理|在改革开放中开辟广阔前景暨党校公开课第十二季”,,光明日报·理论版,https://topics.gmw.cn/node_161185.htm,2026-08-24 23:33:34
news,光明日报·理论版,光明日报·理论版,,“理响中国”理论融媒体精品征集展播活动,,光明日报·理论版,https://topics.gmw.cn/node_157830.htm,2026-08-24 23:33:34
news,光明日报·理论版,光明日报·理论版,,把中国式现代化的美好图景变为现实,,光明日报·理论版,https://topics.gmw.cn/node_161019.htm,2026-08-24 23:33:34
news,光明日报·理论版,光明日报·理论版,,理响中国·实践新论,,光明日报·理论版,https://topics.gmw.cn/node_155991.htm,2026-08-24 23:33:34
news,光明日报·理论版,光明日报·理论版,,理响中国之理响新征程,,光明日报·理论版,https://topics.gmw.cn/node_153434.htm,2026-08-24 23:33:34
news,光明日报·理论版,光明日报·理论版,,时代青音·理论学者助力计划,,光明日报·理论版,https://topics.gmw.cn/node_153372.htm,2026-08-24 23:33:34
news,光明日报·理论版,光明日报·理论版,,人民网理论频道,,光明日报·理论版,http://theory.people.com.cn/,2026-08-24 23:33:34
news,光明日报·理论版,光明日报·理论版,,新华网理论频道,,光明日报·理论版,http://www.xinhuanet.com/politics/xhll.htm,2026-08-24 23:33:34
news,光明日报·理论版,光明日报·理论版,,中国社会科学网,,光明日报·理论版,http://www.cssn.cn/,2026-08-24 23:33:34
news,光明日报·理论版,光明日报·理论版,,南方网理论频道,,光明日报·理论版,http://theory.southcn.com/,2026-08-24 23:33:34
news,光明日报·理论版,光明日报·理论版,,齐鲁网理论频道,,光明日报·理论版,http://theory.iqilu.com/,2026-08-24 23:33:34
news,光明日报·理论版,光明日报·理论版,,宣讲家网,,光明日报·理论版,http://www.71.cn/,2026-08-24 23:33:34
news,光明日报·理论版,光明日报·理论版,,大众网理论频道,,光明日报·理论版,http://www.dzllzg.com/,2026-08-24 23:33:34
news,光明日报·理论版,光明日报·理论版,,https://iwaes.gmw.cn,,光明日报·理论版,https://iwaes.gmw.cn,2026-08-24 23:33:34
news,光明日报·理论版,光明日报·理论版,,gmwll@gmw.cn,,光明日报·理论版,mailto:gmwll@gmw.cn,2026-08-24 23:33:34
news,光明日报·理论版,光明日报·理论版,,手机光明网,,光明日报·理论版,https://m.gmw.cn/,2026-08-24 23:33:34
news,光明日报·理论版,光明日报·理论版,,光明日报社概况,,光明日报·理论版,https://about.gmw.cn/node_21441.htm,2026-08-24 23:33:34
news,光明日报·理论版,光明日报·理论版,,光明网邮箱,,光明日报·理论版,https://mail.gmw.cn/,2026-08-24 23:33:34
news,光明日报·理论版,光明日报·理论版,,光明网专论,,光明日报·理论版,https://theory.gmw.cn/node_97034.htm,2026-08-25 23:41:09
news,光明日报·理论版,光明日报·理论版,,江泽民有关社会建设系列论述的理论内涵与时代价值,,光明日报·理论版,http://theory.gmw.cn/2026-08/19/content_38951390.htm,2026-08-25 23:41:09
news,光明日报·理论版,光明日报·理论版,,抢抓人工智能发展历史机遇,,光明日报·理论版,https://news.gmw.cn/2026-08/25/content_38961569.htm,2026-08-25 23:41:09
news,光明日报·理论版,光明日报·理论版,,加快推进数智技术赋能高校文化出海,,光明日报·理论版,https://news.gmw.cn/2026-08/25/content_38961689.htm,2026-08-25 23:41:09
news,光明日报·理论版,光明日报·理论版,,数智技术赋能文化遗产保护传承,,光明日报·理论版,https://news.gmw.cn/2026-08/25/content_38961720.htm,2026-08-25 23:41:09
news,光明日报·理论版,光明日报·理论版,,江泽民有关社会建设系列论述的理论内涵与时代价值,,光明日报·理论版,https://theory.gmw.cn/2026-08/19/content_38951390.htm,2026-08-25 23:41:09
news,光明日报·理论版,光明日报·理论版,,首份消费领域国家级专项规划的战略深意,,光明日报·理论版,https://theory.gmw.cn/2026-08/04/content_38925645.htm,2026-08-25 23:41:09
news,光明日报·理论版,光明日报·理论版,,跨越文化间距 全面提升国际传播效能,,光明日报·理论版,https://theory.gmw.cn/2026-04/09/content_38697892.htm,2026-08-25 23:41:09
news,光明日报·理论版,光明日报·理论版,,“理响中国·文化旗帜”党校公开课第14季,,光明日报·理论版,https://topics.gmw.cn/node_166993.htm,2026-08-25 23:41:09
news,光明日报·理论版,光明日报·理论版,,理响中国·铿锵有理|经济向好有底气,,光明日报·理论版,https://topics.gmw.cn/node_166533.htm,2026-08-25 23:41:09
news,光明日报·理论版,光明日报·理论版,,人文经济学,,光明日报·理论版,https://topics.gmw.cn/node_165153.htm,2026-08-25 23:41:09
news,光明日报·理论版,光明日报·理论版,,理响中国·春江水暖鸭先知,,光明日报·理论版,https://topics.gmw.cn/node_164576.htm,2026-08-25 23:41:09
news,光明日报·理论版,光明日报·理论版,,把中国式现代化美好图景变为现实,,光明日报·理论版,https://topics.gmw.cn/node_161019.htm,2026-08-25 23:41:09
news,光明日报·理论版,光明日报·理论版,,在改革开放中开辟广阔前景,,光明日报·理论版,https://topics.gmw.cn/node_161185.htm,2026-08-25 23:41:09
news,光明日报·理论版,光明日报·理论版,,从“一出戏”到“一座城”，演艺新空间培育消费新动能,,光明日报·理论版,https://theory.gmw.cn/2026-08/14/content_38943596.htm,2026-08-25 23:41:09
news,光明日报·理论版,光明日报·理论版,,高标准劳动力市场体系支撑未来产业培育,,光明日报·理论版,https://theory.gmw.cn/2026-06/23/content_38843308.htm,2026-08-25 23:41:09
news,光明日报·理论版,光明日报·理论版,,AI时代的就业政策重在“组合拳”,,光明日报·理论版,https://theory.gmw.cn/2026-06/10/content_38821275.htm,2026-08-25 23:41:09
news,光明日报·理论版,光明日报·理论版,,推动城市低空经济安全可持续发展,,光明日报·理论版,https://theory.gmw.cn/2026-06/01/content_38804681.htm,2026-08-25 23:41:09
news,光明日报·理论版,光明日报·理论版,,旅居热潮背后的消费新蓝海,,光明日报·理论版,https://theory.gmw.cn/2026-05/20/content_38777128.htm,2026-08-25 23:41:09
news,光明日报·理论版,光明日报·理论版,,要深刻领会习近平党建思想,,光明日报·理论版,https://theory.gmw.cn/2026-08/25/content_38963204.htm,2026-08-25 23:41:09
news,光明日报·理论版,光明日报·理论版,,[详情],,光明日报·理论版,https://theory.gmw.cn/2026-08/25/content_38963204.htm,2026-08-25 23:41:09
news,光明日报·理论版,光明日报·理论版,,学习宣传贯彻习近平党建思想,,光明日报·理论版,https://theory.gmw.cn/2026-08/24/content_38960128.htm,2026-08-25 23:41:09
news,光明日报·理论版,光明日报·理论版,,完善城市高质量发展的政策制度体系,,光明日报·理论版,https://theory.gmw.cn/2026-08/21/content_38956687.htm,2026-08-25 23:41:09
news,光明日报·理论版,光明日报·理论版,,固根基守正道 破藩篱开新局,,光明日报·理论版,https://theory.gmw.cn/2026-08/12/content_38940220.htm,2026-08-25 23:41:09
news,光明日报·理论版,光明日报·理论版,,[详情],,光明日报·理论版,https://theory.gmw.cn/2026-08/12/content_38940220.htm,2026-08-25 23:41:09
news,光明日报·理论版,光明日报·理论版,,什么样的选题能“出圈”,,光明日报·理论版,https://theory.gmw.cn/2026-08/25/content_38963283.htm,2026-08-25 23:41:09
news,光明日报·理论版,光明日报·理论版,,“十五五”看着大，其实就在身边,,光明日报·理论版,https://theory.gmw.cn/2026-08/21/content_38954309.htm,2026-08-25 23:41:09
news,光明日报·理论版,光明日报·理论版,,探索网上理论传播新路径,,光明日报·理论版,https://theory.gmw.cn/2026-08/21/content_38955338.htm,2026-08-25 23:41:09
news,光明日报·理论版,光明日报·理论版,,“妈祖”赋能全球气象预警,,光明日报·理论版,https://theory.gmw.cn/2026-08/20/content_38953145.htm,2026-08-25 23:41:09
news,光明日报·理论版,光明日报·理论版,,数智技术赋能城市现代化治理,,光明日报·理论版,https://theory.gmw.cn/2026-08/18/content_38949481.htm,2026-08-25 23:41:09
news,光明日报·理论版,光明日报·理论版,,以治理创新提升宏观经济治理效能,,光明日报·理论版,https://theory.gmw.cn/2026-08/14/content_38944130.htm,2026-08-25 23:41:09
news,光明日报·理论版,光明日报·理论版,,优化东西部协作方式,,光明日报·理论版,https://news.gmw.cn/2026-08/25/content_38961721.htm,2026-08-25 23:41:09
news,光明日报·理论版,光明日报·理论版,,加快促进平台经济大中小企业协同发展,,光明日报·理论版,https://news.gmw.cn/2026-08/25/content_38961568.htm,2026-08-25 23:41:09
news,光明日报·理论版,光明日报·理论版,,以系统观念统筹推进扩大内需,,光明日报·理论版,https://news.gmw.cn/2026-08/25/content_38961567.htm,2026-08-25 23:41:09
news,光明日报·理论版,光明日报·理论版,,深刻把握“投资于人”的人文经济学意蕴,,光明日报·理论版,https://news.gmw.cn/2026-08/24/content_38958838.htm,2026-08-25 23:41:09
news,光明日报·理论版,光明日报·理论版,,推动乡村生态产品价值实现,,光明日报·理论版,https://news.gmw.cn/2026-08/24/content_38958837.htm,2026-08-25 23:41:09
news,光明日报·理论版,光明日报·理论版,,党的创新理论传播的实践体悟,,光明日报·理论版,https://theory.gmw.cn/2026-08/10/content_38935450.htm,2026-08-25 23:41:09
news,光明日报·理论版,光明日报·理论版,,共建美美与共的文明百花园,,光明日报·理论版,http://theory.gmw.cn/2025-11/18/content_38406071.htm,2026-08-25 23:41:09
news,光明日报·理论版,光明日报·理论版,,展现可信、可爱、可敬的中国形象,,光明日报·理论版,http://theory.gmw.cn/2025-11/17/content_38406072.htm,2026-08-25 23:41:09
news,光明日报·理论版,光明日报·理论版,,守护好中华民族的文化瑰宝,,光明日报·理论版,http://theory.gmw.cn/2025-11/14/content_38406067.htm,2026-08-25 23:41:09
news,光明日报·理论版,光明日报·理论版,,把最好的精神食粮奉献给人民,,光明日报·理论版,http://theory.gmw.cn/2025-11/13/content_38406038.htm,2026-08-25 23:41:09
news,光明日报·理论版,光明日报·理论版,,唱响主旋律、弘扬正能量,,光明日报·理论版,http://theory.gmw.cn/2025-11/12/content_38406039.htm,2026-08-25 23:41:09
news,光明日报·理论版,光明日报·理论版,,像石榴籽一样紧紧抱在一起,,光明日报·理论版,http://theory.gmw.cn/2025-11/11/content_38403981.htm,2026-08-25 23:41:09
news,光明日报·理论版,光明日报·理论版,,王延中：弘扬社会主义核心价值观 铸牢中华民族共同体意识,,光明日报·理论版,https://news.gmw.cn/2026-08/16/content_38945716.htm,2026-08-25 23:41:09
news,光明日报·理论版,光明日报·理论版,,刘景凤：大力弘扬工匠精神 勇担技能报国使命,,光明日报·理论版,https://news.gmw.cn/2026-07/01/content_38860037.htm,2026-08-25 23:41:09
news,光明日报·理论版,光明日报·理论版,,彭凤莲：从六尺巷看中国传统礼让文化的当代价值,,光明日报·理论版,https://news.gmw.cn/2026-05/29/content_38796471.htm,2026-08-25 23:41:09
news,光明日报·理论版,光明日报·理论版,,朱杰人：从“第二个结合”看朱子理学的敬业之道,,光明日报·理论版,https://news.gmw.cn/2026-03/28/content_38675961.htm,2026-08-25 23:41:09
news,光明日报·理论版,光明日报·理论版,,蒋乾麟：以雷锋精神引导青少年成长成才,,光明日报·理论版,https://news.gmw.cn/2026-03/21/content_38660607.htm,2026-08-25 23:41:09
news,光明日报·理论版,光明日报·理论版,,向 勇：坚持以核心价值观为引领 推动文化和科技融合发展,,光明日报·理论版,https://news.gmw.cn/2026-01/06/content_38520301.htm,2026-08-25 23:41:09
news,光明日报·理论版,光明日报·理论版,,文史科教,,光明日报·理论版,https://theory.gmw.cn/node_10141.htm,2026-08-25 23:41:09
news,光明日报·理论版,光明日报·理论版,,国际关系,,光明日报·理论版,https://theory.gmw.cn/node_10139.htm,2026-08-25 23:41:09
news,光明日报·理论版,光明日报·理论版,,经济社会,,光明日报·理论版,https://theory.gmw.cn/node_10145.htm,2026-08-25 23:41:09
news,光明日报·理论版,光明日报·理论版,,党建政治,,光明日报·理论版,https://theory.gmw.cn/node_4227.htm,2026-08-25 23:41:09
news,光明日报·理论版,光明日报·理论版,,理论综合,,光明日报·理论版,https://theory.gmw.cn/node_4403.htm,2026-08-25 23:41:09
news,光明日报·理论版,光明日报·理论版,,以丰富国际公共产品供给引领人工智能全球治理,,光明日报·理论版,https://theory.gmw.cn/2026-08/20/content_38952708.htm,2026-08-25 23:41:09
news,光明日报·理论版,光明日报·理论版,,为携手构建公正合理的全球人工智能治理体系贡献中国方案,,光明日报·理论版,https://theory.gmw.cn/2026-08/20/content_38952620.htm,2026-08-25 23:41:09
news,光明日报·理论版,光明日报·理论版,,人工智能何以向上向善,,光明日报·理论版,https://theory.gmw.cn/2026-08/19/content_38950749.htm,2026-08-25 23:41:09
news,光明日报·理论版,光明日报·理论版,,深化对“第二个结合”的理解与把握,,光明日报·理论版,https://theory.gmw.cn/2026-08/19/content_38950608.htm,2026-08-25 23:41:09
news,光明日报·理论版,光明日报·理论版,,中华民族共同体的历史演进,,光明日报·理论版,https://theory.gmw.cn/2026-08/19/content_38950478.htm,2026-08-25 23:41:09
news,光明日报·理论版,光明日报·理论版,,系统推动传统村落活化传承,,光明日报·理论版,https://theory.gmw.cn/2026-08/18/content_38949820.htm,2026-08-25 23:41:09
news,光明日报·理论版,光明日报·理论版,,持续稳步推进金砖合作机制建设,,光明日报·理论版,https://theory.gmw.cn/2026-08/21/content_38955689.htm,2026-08-25 23:41:09
news,光明日报·理论版,光明日报·理论版,,跨域共构：破除国际关系本土概念传播羁绊,,光明日报·理论版,https://theory.gmw.cn/2026-08/20/content_38953942.htm,2026-08-25 23:41:09
news,光明日报·理论版,光明日报·理论版,,全球文明倡议的内涵与底蕴,,光明日报·理论版,https://theory.gmw.cn/2026-08/20/content_38952749.htm,2026-08-25 23:41:09
news,光明日报·理论版,光明日报·理论版,,推动中美深度协作赋能全球人工智能治理,,光明日报·理论版,https://theory.gmw.cn/2026-08/14/content_38943496.htm,2026-08-25 23:41:09
news,光明日报·理论版,光明日报·理论版,,深学笃行习近平外交思想 奋力开创中国特色大国外交新局面,,光明日报·理论版,https://theory.gmw.cn/2026-08/12/content_38939063.htm,2026-08-25 23:41:09
news,光明日报·理论版,光明日报·理论版,,谱写习近平外交思想研究新篇章,,光明日报·理论版,https://theory.gmw.cn/2026-08/11/content_38936814.htm,2026-08-25 23:41:09
news,光明日报·理论版,光明日报·理论版,,如何提振有效需求,,光明日报·理论版,https://theory.gmw.cn/2026-08/25/content_38962689.htm,2026-08-25 23:41:09
news,光明日报·理论版,光明日报·理论版,,多措并举提振乡村消费,,光明日报·理论版,https://theory.gmw.cn/2026-08/25/content_38962509.htm,2026-08-25 23:41:09
news,光明日报·理论版,光明日报·理论版,,依托统一大市场深化区域产业协同,,光明日报·理论版,https://theory.gmw.cn/2026-08/25/content_38962349.htm,2026-08-25 23:41:09
news,光明日报·理论版,光明日报·理论版,,“让城市留住记忆，让人们记住乡愁”,,光明日报·理论版,https://theory.gmw.cn/2026-08/24/content_38959933.htm,2026-08-25 23:41:09
news,光明日报·理论版,光明日报·理论版,,构建中国特色企业社会责任自主知识体系,,光明日报·理论版,https://theory.gmw.cn/2026-08/24/content_38959802.htm,2026-08-25 23:41:09
news,光明日报·理论版,光明日报·理论版,,如何提振有效需求,,光明日报·理论版,https://theory.gmw.cn/2026-08/24/content_38959763.htm,2026-08-25 23:41:09
news,光明日报·理论版,光明日报·理论版,,以高度历史主动加强新时代党的建设,,光明日报·理论版,https://theory.gmw.cn/2026-08/25/content_38962341.htm,2026-08-25 23:41:09
news,光明日报·理论版,光明日报·理论版,,持之以恒推进全面从严治党,,光明日报·理论版,https://theory.gmw.cn/2026-08/25/content_38962344.htm,2026-08-25 23:41:09
news,光明日报·理论版,光明日报·理论版,,把握好民生工作的“尽力”与“量力”,,光明日报·理论版,https://theory.gmw.cn/2026-08/25/content_38962301.htm,2026-08-25 23:41:09
news,光明日报·理论版,光明日报·理论版,,以树立和践行正确政绩观新成效开创中国式现代化新局面,,光明日报·理论版,https://theory.gmw.cn/2026-08/25/content_38962288.htm,2026-08-25 23:41:09
news,光明日报·理论版,光明日报·理论版,,以习近平党建思想引领新时代高校党建工作,,光明日报·理论版,https://theory.gmw.cn/2026-08/24/content_38959939.htm,2026-08-25 23:41:09
news,光明日报·理论版,光明日报·理论版,,“五位一体”总体布局的宪法保障,,光明日报·理论版,https://theory.gmw.cn/2026-08/21/content_38955736.htm,2026-08-25 23:41:09
news,光明日报·理论版,光明日报·理论版,,深刻把握投资于物和投资于人的辩证统一,,光明日报·理论版,https://theory.gmw.cn/2026-08/24/content_38959676.htm,2026-08-25 23:41:09
news,光明日报·理论版,光明日报·理论版,,聚焦生动实践回应理论关切,,光明日报·理论版,https://theory.gmw.cn/2026-08/19/content_38950639.htm,2026-08-25 23:41:09
news,光明日报·理论版,光明日报·理论版,,支持基础研究贵在长期稳定,,光明日报·理论版,https://theory.gmw.cn/2026-08/19/content_38950570.htm,2026-08-25 23:41:09
news,光明日报·理论版,光明日报·理论版,,如何构建适应国际秩序重塑的自主知识体系,,光明日报·理论版,https://theory.gmw.cn/2026-08/17/content_38946969.htm,2026-08-25 23:41:09
news,光明日报·理论版,光明日报·理论版,,构建自主完备、开放高效的国家创新体系,,光明日报·理论版,https://theory.gmw.cn/2026-08/17/content_38946687.htm,2026-08-25 23:41:09
news,光明日报·理论版,光明日报·理论版,,不断提升中国哲学社会科学的主体性和原创性,,光明日报·理论版,https://theory.gmw.cn/2026-08/14/content_38943425.htm,2026-08-25 23:41:09
news,光明日报·理论版,光明日报·理论版,,微视频：“村”字号火爆全球魅力何在,,光明日报·理论版,https://theory.gmw.cn/2026-01/02/content_38554039.htm,2026-08-25 23:41:09
news,光明日报·理论版,光明日报·理论版,,微视频：文明交响曲：每个声部都精彩,,光明日报·理论版,https://theory.gmw.cn/2026-01/01/content_38553863.htm,2026-08-25 23:41:09
news,光明日报·理论版,光明日报·理论版,,微视频：China Travel为啥成了流量密码？,,光明日报·理论版,https://theory.gmw.cn/2025-12/23/content_38492948.htm,2026-08-25 23:41:09
news,光明日报·理论版,光明日报·理论版,,微视频：中国故事怎么讲？,,光明日报·理论版,https://theory.gmw.cn/2025-12/22/content_38490383.htm,2026-08-25 23:41:09
news,光明日报·理论版,光明日报·理论版,,微视频：宋锦如何“活”在当下？,,光明日报·理论版,https://theory.gmw.cn/2025-12/19/content_38486600.htm,2026-08-25 23:41:09
news,光明日报·理论版,光明日报·理论版,,微视频：千年文脉何以生生不息？,,光明日报·理论版,http://theory.gmw.cn/2025-12/18/content_38484219.htm,2026-08-25 23:41:09
news,光明日报·理论版,光明日报·理论版,,微视频：图书馆何以成为城市的心灵港湾？,,光明日报·理论版,http://theory.gmw.cn/2025-12/17/content_38482014.htm,2026-08-25 23:41:09
news,光明日报·理论版,光明日报·理论版,,微视频：10元票价的苏超为何成为全民派对,,光明日报·理论版,http://theory.gmw.cn/2025-12/16/content_38479459.htm,2026-08-25 23:41:09
news,光明日报·理论版,光明日报·理论版,,世界第一！40亿千瓦家底铸牢中国能源底座,,光明日报·理论版,https://theory.gmw.cn/2026-07/31/content_38919621.htm,2026-08-25 23:41:09
news,光明日报·理论版,光明日报·理论版,,数字福建探新路，乘“数”而上正当时,,光明日报·理论版,https://theory.gmw.cn/2026-07/23/content_38902786.htm,2026-08-25 23:41:09
news,光明日报·理论版,光明日报·理论版,,解码数字福建，乘势而上正青春,,光明日报·理论版,https://theory.gmw.cn/2026-07/09/content_38875718.htm,2026-08-25 23:41:09
news,光明日报·理论版,光明日报·理论版,,房子“升级” 日子“上新”,,光明日报·理论版,https://theory.gmw.cn/2026-06/26/content_38850082.htm,2026-08-25 23:41:09
news,光明日报·理论版,光明日报·理论版,,你的钱花在体验上了吗？,,光明日报·理论版,https://theory.gmw.cn/2026-06/11/content_38823502.htm,2026-08-25 23:41:09
news,光明日报·理论版,光明日报·理论版,,看“苏超”，逛“烟火”，换个花样游江苏,,光明日报·理论版,https://theory.gmw.cn/2026-06/05/content_38813506.htm,2026-08-25 23:41:09
news,光明日报·理论版,光明日报·理论版,,这碗米背后，是中国农业的“硬核实力”,,光明日报·理论版,https://theory.gmw.cn/2026-06/05/content_38813504.htm,2026-08-25 23:41:09
news,光明日报·理论版,光明日报·理论版,,假日经济“热”力全开,,光明日报·理论版,https://theory.gmw.cn/2026-05/15/content_38765000.htm,2026-08-25 23:41:09
news,光明日报·理论版,光明日报·理论版,,“苏超”如何吹响消费集结号,,光明日报·理论版,https://theory.gmw.cn/2026-05/14/content_38764018.htm,2026-08-25 23:41:09
news,光明日报·理论版,光明日报·理论版,,《习近平关于民政工作论述摘编》出版发行,,光明日报·理论版,https://theory.gmw.cn/2025-10/29/content_38376774.htm,2026-08-25 23:41:09
news,光明日报·理论版,光明日报·理论版,,习近平同志《论坚持全面深化改革》第一卷、第二卷出版发行,,光明日报·理论版,https://theory.gmw.cn/2025-10/29/content_38376742.htm,2026-08-25 23:41:09
news,光明日报·理论版,光明日报·理论版,,《习近平生态文明文选》第一卷出版发行,,光明日报·理论版,https://theory.gmw.cn/2025-10/29/content_38376771.htm,2026-08-25 23:41:09
news,光明日报·理论版,光明日报·理论版,,《习近平新时代中国特色社会主义思想学习论丛》第十一辑至第十五辑出版发行,,光明日报·理论版,https://theory.gmw.cn/2025-10/29/content_38376733.htm,2026-08-25 23:41:09
news,光明日报·理论版,光明日报·理论版,,经济学如何塑造我们的生活,,光明日报·理论版,https://theory.gmw.cn/2025-10/29/content_38373967.htm,2026-08-25 23:41:09
news,光明日报·理论版,光明日报·理论版,,《中国共产党精神史》总序,,光明日报·理论版,https://theory.gmw.cn/2026-05/29/content_38798145.htm,2026-08-25 23:41:09
news,光明日报·理论版,光明日报·理论版,,《树牢正确政绩观》出版发行,,光明日报·理论版,https://theory.gmw.cn/2026-03/01/content_38620547.htm,2026-08-25 23:41:09
news,光明日报·理论版,光明日报·理论版,,中国国际关系史研究百年,,光明日报·理论版,https://theory.gmw.cn/2025-12/01/content_38451281.htm,2026-08-25 23:41:09
news,光明日报·理论版,光明日报·理论版,,习近平党建思想理论研讨会,,光明日报·理论版,https://theory.gmw.cn/2026-07/10/content_38878904.htm,2026-08-25 23:41:09
news,光明日报·理论版,光明日报·理论版,,发展中国家国家治理高端智库论坛举办,,光明日报·理论版,https://theory.gmw.cn/2026-06/26/content_38851339.htm,2026-08-25 23:41:09
news,光明日报·理论版,光明日报·理论版,,深化党的创新理论的原理性成果研究,,光明日报·理论版,https://theory.gmw.cn/2026-06/12/content_38825126.htm,2026-08-25 23:41:09
news,光明日报·理论版,光明日报·理论版,,马克思主义理论学科自主知识体系建设,,光明日报·理论版,https://theory.gmw.cn/2026-06/10/content_38821382.htm,2026-08-25 23:41:09
news,光明日报·理论版,光明日报·理论版,,“生态文明学术周2026”系列学术活动,,光明日报·理论版,https://theory.gmw.cn/2026-06/05/content_38813860.htm,2026-08-25 23:41:09
news,光明日报·理论版,光明日报·理论版,,不断开创新时代中国史学新局面,,光明日报·理论版,https://theory.gmw.cn/2026-06/04/content_38811912.htm,2026-08-25 23:41:09
news,光明日报·理论版,光明日报·理论版,,“自主知识体系与文化自信”理论研讨会,,光明日报·理论版,https://theory.gmw.cn/2026-05/20/content_38777585.htm,2026-08-25 23:41:09
news,光明日报·理论版,光明日报·理论版,,理响中国·薪火“燃”青春,,光明日报·理论版,https://topics.gmw.cn/node_168473.htm,2026-08-25 23:41:09
news,光明日报·理论版,光明日报·理论版,,“理响中国·铿锵有理|在改革开放中开辟广阔前景暨党校公开课第十二季”,,光明日报·理论版,https://topics.gmw.cn/node_161185.htm,2026-08-25 23:41:09
news,光明日报·理论版,光明日报·理论版,,“理响中国”理论融媒体精品征集展播活动,,光明日报·理论版,https://topics.gmw.cn/node_157830.htm,2026-08-25 23:41:09
news,光明日报·理论版,光明日报·理论版,,把中国式现代化的美好图景变为现实,,光明日报·理论版,https://topics.gmw.cn/node_161019.htm,2026-08-25 23:41:09
news,光明日报·理论版,光明日报·理论版,,理响中国·实践新论,,光明日报·理论版,https://topics.gmw.cn/node_155991.htm,2026-08-25 23:41:09
news,光明日报·理论版,光明日报·理论版,,理响中国之理响新征程,,光明日报·理论版,https://topics.gmw.cn/node_153434.htm,2026-08-25 23:41:09
news,光明日报·理论版,光明日报·理论版,,时代青音·理论学者助力计划,,光明日报·理论版,https://topics.gmw.cn/node_153372.htm,2026-08-25 23:41:09
news,光明日报·理论版,光明日报·理论版,,人民网理论频道,,光明日报·理论版,http://theory.people.com.cn/,2026-08-25 23:41:09
news,光明日报·理论版,光明日报·理论版,,新华网理论频道,,光明日报·理论版,http://www.xinhuanet.com/politics/xhll.htm,2026-08-25 23:41:09
news,光明日报·理论版,光明日报·理论版,,中国社会科学网,,光明日报·理论版,http://www.cssn.cn/,2026-08-25 23:41:09
news,光明日报·理论版,光明日报·理论版,,南方网理论频道,,光明日报·理论版,http://theory.southcn.com/,2026-08-25 23:41:09
news,光明日报·理论版,光明日报·理论版,,齐鲁网理论频道,,光明日报·理论版,http://theory.iqilu.com/,2026-08-25 23:41:09
news,光明日报·理论版,光明日报·理论版,,宣讲家网,,光明日报·理论版,http://www.71.cn/,2026-08-25 23:41:09
news,光明日报·理论版,光明日报·理论版,,大众网理论频道,,光明日报·理论版,http://www.dzllzg.com/,2026-08-25 23:41:09
news,光明日报·理论版,光明日报·理论版,,https://iwaes.gmw.cn,,光明日报·理论版,https://iwaes.gmw.cn,2026-08-25 23:41:09
news,光明日报·理论版,光明日报·理论版,,gmwll@gmw.cn,,光明日报·理论版,mailto:gmwll@gmw.cn,2026-08-25 23:41:09
news,光明日报·理论版,光明日报·理论版,,手机光明网,,光明日报·理论版,https://m.gmw.cn/,2026-08-25 23:41:09
news,光明日报·理论版,光明日报·理论版,,光明日报社概况,,光明日报·理论版,https://about.gmw.cn/node_21441.htm,2026-08-25 23:41:09
news,光明日报·理论版,光明日报·理论版,,光明网邮箱,,光明日报·理论版,https://mail.gmw.cn/,2026-08-25 23:41:09
news,光明日报·理论版,光明日报·理论版,,光明网专论,,光明日报·理论版,https://theory.gmw.cn/node_97034.htm,2026-08-28 06:04:14
news,光明日报·理论版,光明日报·理论版,,大力推进科技创新 积极培育和发展新质生产力,,光明日报·理论版,https://news.gmw.cn/2026-08/27/content_38966316.htm,2026-08-28 06:04:14
news,光明日报·理论版,光明日报·理论版,,抢抓人工智能发展历史机遇,,光明日报·理论版,https://news.gmw.cn/2026-08/25/content_38961569.htm,2026-08-28 06:04:14
news,光明日报·理论版,光明日报·理论版,,加快推进数智技术赋能高校文化出海,,光明日报·理论版,https://news.gmw.cn/2026-08/25/content_38961689.htm,2026-08-28 06:04:14
news,光明日报·理论版,光明日报·理论版,,数智技术赋能文化遗产保护传承,,光明日报·理论版,https://news.gmw.cn/2026-08/25/content_38961720.htm,2026-08-28 06:04:14
news,光明日报·理论版,光明日报·理论版,,江泽民有关社会建设系列论述的理论内涵与时代价值,,光明日报·理论版,https://theory.gmw.cn/2026-08/19/content_38951390.htm,2026-08-28 06:04:14
news,光明日报·理论版,光明日报·理论版,,首份消费领域国家级专项规划的战略深意,,光明日报·理论版,https://theory.gmw.cn/2026-08/04/content_38925645.htm,2026-08-28 06:04:14
news,光明日报·理论版,光明日报·理论版,,跨越文化间距 全面提升国际传播效能,,光明日报·理论版,https://theory.gmw.cn/2026-04/09/content_38697892.htm,2026-08-28 06:04:14
news,光明日报·理论版,光明日报·理论版,,“理响中国·文化旗帜”党校公开课第14季,,光明日报·理论版,https://topics.gmw.cn/node_166993.htm,2026-08-28 06:04:14
news,光明日报·理论版,光明日报·理论版,,理响中国·铿锵有理|经济向好有底气,,光明日报·理论版,https://topics.gmw.cn/node_166533.htm,2026-08-28 06:04:14
news,光明日报·理论版,光明日报·理论版,,人文经济学,,光明日报·理论版,https://topics.gmw.cn/node_165153.htm,2026-08-28 06:04:14
news,光明日报·理论版,光明日报·理论版,,理响中国·春江水暖鸭先知,,光明日报·理论版,https://topics.gmw.cn/node_164576.htm,2026-08-28 06:04:14
news,光明日报·理论版,光明日报·理论版,,把中国式现代化美好图景变为现实,,光明日报·理论版,https://topics.gmw.cn/node_161019.htm,2026-08-28 06:04:14
news,光明日报·理论版,光明日报·理论版,,在改革开放中开辟广阔前景,,光明日报·理论版,https://topics.gmw.cn/node_161185.htm,2026-08-28 06:04:14
news,光明日报·理论版,光明日报·理论版,,从“一出戏”到“一座城”，演艺新空间培育消费新动能,,光明日报·理论版,https://theory.gmw.cn/2026-08/14/content_38943596.htm,2026-08-28 06:04:14
news,光明日报·理论版,光明日报·理论版,,高标准劳动力市场体系支撑未来产业培育,,光明日报·理论版,https://theory.gmw.cn/2026-06/23/content_38843308.htm,2026-08-28 06:04:14
news,光明日报·理论版,光明日报·理论版,,AI时代的就业政策重在“组合拳”,,光明日报·理论版,https://theory.gmw.cn/2026-06/10/content_38821275.htm,2026-08-28 06:04:14
news,光明日报·理论版,光明日报·理论版,,推动城市低空经济安全可持续发展,,光明日报·理论版,https://theory.gmw.cn/2026-06/01/content_38804681.htm,2026-08-28 06:04:14
news,光明日报·理论版,光明日报·理论版,,旅居热潮背后的消费新蓝海,,光明日报·理论版,https://theory.gmw.cn/2026-05/20/content_38777128.htm,2026-08-28 06:04:14
news,光明日报·理论版,光明日报·理论版,,我国经济转入高质量发展轨道,,光明日报·理论版,https://theory.gmw.cn/2026-08/28/content_38969959.htm,2026-08-28 06:04:14
news,光明日报·理论版,光明日报·理论版,,[详情],,光明日报·理论版,https://theory.gmw.cn/2026-08/28/content_38969959.htm,2026-08-28 06:04:14
news,光明日报·理论版,光明日报·理论版,,要促进新质生产力发展,,光明日报·理论版,https://theory.gmw.cn/2026-08/27/content_38967509.htm,2026-08-28 06:04:14
news,光明日报·理论版,光明日报·理论版,,中国引领人工智能全球治理进程,,光明日报·理论版,https://theory.gmw.cn/2026-08/26/content_38965132.htm,2026-08-28 06:04:14
news,光明日报·理论版,光明日报·理论版,,固根基守正道 破藩篱开新局,,光明日报·理论版,https://theory.gmw.cn/2026-08/12/content_38940220.htm,2026-08-28 06:04:14
news,光明日报·理论版,光明日报·理论版,,[详情],,光明日报·理论版,https://theory.gmw.cn/2026-08/12/content_38940220.htm,2026-08-28 06:04:14
news,光明日报·理论版,光明日报·理论版,,“新新三样”扬帆出海,,光明日报·理论版,https://theory.gmw.cn/2026-08/28/content_38969243.htm,2026-08-28 06:04:14
news,光明日报·理论版,光明日报·理论版,,政治话语如何“转译”成大众话语,,光明日报·理论版,https://theory.gmw.cn/2026-08/28/content_38968059.htm,2026-08-28 06:04:14
news,光明日报·理论版,光明日报·理论版,,党的创新理论阐释的新大众文艺路径,,光明日报·理论版,https://theory.gmw.cn/2026-08/26/content_38965300.htm,2026-08-28 06:04:14
news,光明日报·理论版,光明日报·理论版,,什么样的选题能“出圈”,,光明日报·理论版,https://theory.gmw.cn/2026-08/25/content_38963283.htm,2026-08-28 06:04:14
news,光明日报·理论版,光明日报·理论版,,“十五五”看着大，其实就在身边,,光明日报·理论版,https://theory.gmw.cn/2026-08/21/content_38954309.htm,2026-08-28 06:04:14
news,光明日报·理论版,光明日报·理论版,,探索网上理论传播新路径,,光明日报·理论版,https://theory.gmw.cn/2026-08/21/content_38955338.htm,2026-08-28 06:04:14
news,光明日报·理论版,光明日报·理论版,,百年变局下的帝国主义发展新态势,,光明日报·理论版,https://news.gmw.cn/2026-08/28/content_38968848.htm,2026-08-28 06:04:14
news,光明日报·理论版,光明日报·理论版,,数字帝国主义资本输出的政治经济学批判,,光明日报·理论版,https://news.gmw.cn/2026-08/28/content_38968847.htm,2026-08-28 06:04:14
news,光明日报·理论版,光明日报·理论版,,列宁《帝国主义论》的理论贡献与当代价值,,光明日报·理论版,https://news.gmw.cn/2026-08/28/content_38968846.htm,2026-08-28 06:04:14
news,光明日报·理论版,光明日报·理论版,,推进国家治理学知识体系构建,,光明日报·理论版,https://news.gmw.cn/2026-08/28/content_38968845.htm,2026-08-28 06:04:14
news,光明日报·理论版,光明日报·理论版,,推动文化服务业优质高效发展,,光明日报·理论版,https://news.gmw.cn/2026-08/28/content_38968791.htm,2026-08-28 06:04:14
news,光明日报·理论版,光明日报·理论版,,优化东西部协作方式,,光明日报·理论版,https://news.gmw.cn/2026-08/25/content_38961721.htm,2026-08-28 06:04:14
news,光明日报·理论版,光明日报·理论版,,聚力优势产业，打造北京“运河水岸经济带”,,光明日报·理论版,https://theory.gmw.cn/2026-08/26/content_38965057.htm,2026-08-28 06:04:14
news,光明日报·理论版,光明日报·理论版,,什么样的选题能“出圈”,,光明日报·理论版,https://theory.gmw.cn/2026-08/27/content_38967933.htm,2026-08-28 06:04:14
news,光明日报·理论版,光明日报·理论版,,共建美美与共的文明百花园,,光明日报·理论版,http://theory.gmw.cn/2025-11/18/content_38406071.htm,2026-08-28 06:04:14
news,光明日报·理论版,光明日报·理论版,,展现可信、可爱、可敬的中国形象,,光明日报·理论版,http://theory.gmw.cn/2025-11/17/content_38406072.htm,2026-08-28 06:04:14
news,光明日报·理论版,光明日报·理论版,,守护好中华民族的文化瑰宝,,光明日报·理论版,http://theory.gmw.cn/2025-11/14/content_38406067.htm,2026-08-28 06:04:14
news,光明日报·理论版,光明日报·理论版,,把最好的精神食粮奉献给人民,,光明日报·理论版,http://theory.gmw.cn/2025-11/13/content_38406038.htm,2026-08-28 06:04:14
news,光明日报·理论版,光明日报·理论版,,唱响主旋律、弘扬正能量,,光明日报·理论版,http://theory.gmw.cn/2025-11/12/content_38406039.htm,2026-08-28 06:04:14
news,光明日报·理论版,光明日报·理论版,,王延中：弘扬社会主义核心价值观 铸牢中华民族共同体意识,,光明日报·理论版,https://news.gmw.cn/2026-08/16/content_38945716.htm,2026-08-28 06:04:14
news,光明日报·理论版,光明日报·理论版,,刘景凤：大力弘扬工匠精神 勇担技能报国使命,,光明日报·理论版,https://news.gmw.cn/2026-07/01/content_38860037.htm,2026-08-28 06:04:14
news,光明日报·理论版,光明日报·理论版,,彭凤莲：从六尺巷看中国传统礼让文化的当代价值,,光明日报·理论版,https://news.gmw.cn/2026-05/29/content_38796471.htm,2026-08-28 06:04:14
news,光明日报·理论版,光明日报·理论版,,朱杰人：从“第二个结合”看朱子理学的敬业之道,,光明日报·理论版,https://news.gmw.cn/2026-03/28/content_38675961.htm,2026-08-28 06:04:14
news,光明日报·理论版,光明日报·理论版,,蒋乾麟：以雷锋精神引导青少年成长成才,,光明日报·理论版,https://news.gmw.cn/2026-03/21/content_38660607.htm,2026-08-28 06:04:14
news,光明日报·理论版,光明日报·理论版,,向 勇：坚持以核心价值观为引领 推动文化和科技融合发展,,光明日报·理论版,https://news.gmw.cn/2026-01/06/content_38520301.htm,2026-08-28 06:04:14
news,光明日报·理论版,光明日报·理论版,,文史科教,,光明日报·理论版,https://theory.gmw.cn/node_10141.htm,2026-08-28 06:04:14
news,光明日报·理论版,光明日报·理论版,,国际关系,,光明日报·理论版,https://theory.gmw.cn/node_10139.htm,2026-08-28 06:04:14
news,光明日报·理论版,光明日报·理论版,,经济社会,,光明日报·理论版,https://theory.gmw.cn/node_10145.htm,2026-08-28 06:04:14
news,光明日报·理论版,光明日报·理论版,,党建政治,,光明日报·理论版,https://theory.gmw.cn/node_4227.htm,2026-08-28 06:04:14
news,光明日报·理论版,光明日报·理论版,,理论综合,,光明日报·理论版,https://theory.gmw.cn/node_4403.htm,2026-08-28 06:04:14
news,光明日报·理论版,光明日报·理论版,,为强国建设培养更多“会创造的人”,,光明日报·理论版,https://theory.gmw.cn/2026-08/28/content_38969271.htm,2026-08-28 06:04:14
news,光明日报·理论版,光明日报·理论版,,以丰富国际公共产品供给引领人工智能全球治理,,光明日报·理论版,https://theory.gmw.cn/2026-08/20/content_38952708.htm,2026-08-28 06:04:14
news,光明日报·理论版,光明日报·理论版,,为携手构建公正合理的全球人工智能治理体系贡献中国方案,,光明日报·理论版,https://theory.gmw.cn/2026-08/20/content_38952620.htm,2026-08-28 06:04:14
news,光明日报·理论版,光明日报·理论版,,人工智能何以向上向善,,光明日报·理论版,https://theory.gmw.cn/2026-08/19/content_38950749.htm,2026-08-28 06:04:14
news,光明日报·理论版,光明日报·理论版,,深化对“第二个结合”的理解与把握,,光明日报·理论版,https://theory.gmw.cn/2026-08/19/content_38950608.htm,2026-08-28 06:04:14
news,光明日报·理论版,光明日报·理论版,,中华民族共同体的历史演进,,光明日报·理论版,https://theory.gmw.cn/2026-08/19/content_38950478.htm,2026-08-28 06:04:14
news,光明日报·理论版,光明日报·理论版,,文明互鉴助力人类共同发展,,光明日报·理论版,https://theory.gmw.cn/2026-08/28/content_38969226.htm,2026-08-28 06:04:14
news,光明日报·理论版,光明日报·理论版,,落实四大全球倡议 推进人工智能全球治理,,光明日报·理论版,https://theory.gmw.cn/2026-08/26/content_38964530.htm,2026-08-28 06:04:14
news,光明日报·理论版,光明日报·理论版,,中国引领人工智能全球治理的三重路径,,光明日报·理论版,https://theory.gmw.cn/2026-08/26/content_38964343.htm,2026-08-28 06:04:14
news,光明日报·理论版,光明日报·理论版,,持续稳步推进金砖合作机制建设,,光明日报·理论版,https://theory.gmw.cn/2026-08/21/content_38955689.htm,2026-08-28 06:04:14
news,光明日报·理论版,光明日报·理论版,,跨域共构：破除国际关系本土概念传播羁绊,,光明日报·理论版,https://theory.gmw.cn/2026-08/20/content_38953942.htm,2026-08-28 06:04:14
news,光明日报·理论版,光明日报·理论版,,全球文明倡议的内涵与底蕴,,光明日报·理论版,https://theory.gmw.cn/2026-08/20/content_38952749.htm,2026-08-28 06:04:14
news,光明日报·理论版,光明日报·理论版,,观察中国经济需要长周期视角,,光明日报·理论版,https://theory.gmw.cn/2026-08/28/content_38969552.htm,2026-08-28 06:04:14
news,光明日报·理论版,光明日报·理论版,,推动人文经济高质量发展,,光明日报·理论版,https://theory.gmw.cn/2026-08/28/content_38969241.htm,2026-08-28 06:04:14
news,光明日报·理论版,光明日报·理论版,,推进以县城为重要载体的城镇化建设,,光明日报·理论版,https://theory.gmw.cn/2026-08/28/content_38969217.htm,2026-08-28 06:04:14
news,光明日报·理论版,光明日报·理论版,,丰富优质体育产品和服务供给,,光明日报·理论版,https://theory.gmw.cn/2026-08/27/content_38966747.htm,2026-08-28 06:04:14
news,光明日报·理论版,光明日报·理论版,,加快推动新旧动能平稳接续转换,,光明日报·理论版,https://theory.gmw.cn/2026-08/27/content_38966776.htm,2026-08-28 06:04:14
news,光明日报·理论版,光明日报·理论版,,为生态文明建设提供坚实法治保障,,光明日报·理论版,https://theory.gmw.cn/2026-08/27/content_38966771.htm,2026-08-28 06:04:14
news,光明日报·理论版,光明日报·理论版,,在国际比较中把握全过程人民民主的实践特征与实践绩效,,光明日报·理论版,https://theory.gmw.cn/2026-08/28/content_38969233.htm,2026-08-28 06:04:14
news,光明日报·理论版,光明日报·理论版,,生态环境法典蕴含深邃的辩证思维,,光明日报·理论版,https://theory.gmw.cn/2026-08/28/content_38969249.htm,2026-08-28 06:04:14
news,光明日报·理论版,光明日报·理论版,,以大历史观破除历史虚无主义思想迷雾,,光明日报·理论版,https://theory.gmw.cn/2026-08/27/content_38966790.htm,2026-08-28 06:04:14
news,光明日报·理论版,光明日报·理论版,,推进“丝路海运”港航贸一体化发展,,光明日报·理论版,https://theory.gmw.cn/2026-08/27/content_38966768.htm,2026-08-28 06:04:14
news,光明日报·理论版,光明日报·理论版,,搭建中国刑事诉讼法学自主知识体系的“四梁八柱”,,光明日报·理论版,https://theory.gmw.cn/2026-08/27/content_38966765.htm,2026-08-28 06:04:14
news,光明日报·理论版,光明日报·理论版,,以高度历史主动加强新时代党的建设,,光明日报·理论版,https://theory.gmw.cn/2026-08/25/content_38962341.htm,2026-08-28 06:04:14
news,光明日报·理论版,光明日报·理论版,,发挥廉洁文化浸润作用的路径选择,,光明日报·理论版,https://theory.gmw.cn/2026-08/28/content_38969869.htm,2026-08-28 06:04:14
news,光明日报·理论版,光明日报·理论版,,深刻把握投资于物和投资于人的辩证统一,,光明日报·理论版,https://theory.gmw.cn/2026-08/24/content_38959676.htm,2026-08-28 06:04:14
news,光明日报·理论版,光明日报·理论版,,聚焦生动实践回应理论关切,,光明日报·理论版,https://theory.gmw.cn/2026-08/19/content_38950639.htm,2026-08-28 06:04:14
news,光明日报·理论版,光明日报·理论版,,支持基础研究贵在长期稳定,,光明日报·理论版,https://theory.gmw.cn/2026-08/19/content_38950570.htm,2026-08-28 06:04:14
news,光明日报·理论版,光明日报·理论版,,如何构建适应国际秩序重塑的自主知识体系,,光明日报·理论版,https://theory.gmw.cn/2026-08/17/content_38946969.htm,2026-08-28 06:04:14
news,光明日报·理论版,光明日报·理论版,,构建自主完备、开放高效的国家创新体系,,光明日报·理论版,https://theory.gmw.cn/2026-08/17/content_38946687.htm,2026-08-28 06:04:14
news,光明日报·理论版,光明日报·理论版,,微视频：“村”字号火爆全球魅力何在,,光明日报·理论版,https://theory.gmw.cn/2026-01/02/content_38554039.htm,2026-08-28 06:04:14
news,光明日报·理论版,光明日报·理论版,,微视频：文明交响曲：每个声部都精彩,,光明日报·理论版,https://theory.gmw.cn/2026-01/01/content_38553863.htm,2026-08-28 06:04:14
news,光明日报·理论版,光明日报·理论版,,微视频：China Travel为啥成了流量密码？,,光明日报·理论版,https://theory.gmw.cn/2025-12/23/content_38492948.htm,2026-08-28 06:04:14
news,光明日报·理论版,光明日报·理论版,,微视频：中国故事怎么讲？,,光明日报·理论版,https://theory.gmw.cn/2025-12/22/content_38490383.htm,2026-08-28 06:04:14
news,光明日报·理论版,光明日报·理论版,,微视频：宋锦如何“活”在当下？,,光明日报·理论版,https://theory.gmw.cn/2025-12/19/content_38486600.htm,2026-08-28 06:04:14
news,光明日报·理论版,光明日报·理论版,,微视频：千年文脉何以生生不息？,,光明日报·理论版,http://theory.gmw.cn/2025-12/18/content_38484219.htm,2026-08-28 06:04:14
news,光明日报·理论版,光明日报·理论版,,微视频：图书馆何以成为城市的心灵港湾？,,光明日报·理论版,http://theory.gmw.cn/2025-12/17/content_38482014.htm,2026-08-28 06:04:14
news,光明日报·理论版,光明日报·理论版,,微视频：10元票价的苏超为何成为全民派对,,光明日报·理论版,http://theory.gmw.cn/2025-12/16/content_38479459.htm,2026-08-28 06:04:14
news,光明日报·理论版,光明日报·理论版,,“妈祖”赋能全球气象预警,,光明日报·理论版,https://theory.gmw.cn/2026-08/20/content_38953145.htm,2026-08-28 06:04:14
news,光明日报·理论版,光明日报·理论版,,世界第一！40亿千瓦家底铸牢中国能源底座,,光明日报·理论版,https://theory.gmw.cn/2026-07/31/content_38919621.htm,2026-08-28 06:04:14
news,光明日报·理论版,光明日报·理论版,,数字福建探新路，乘“数”而上正当时,,光明日报·理论版,https://theory.gmw.cn/2026-07/23/content_38902786.htm,2026-08-28 06:04:14
news,光明日报·理论版,光明日报·理论版,,解码数字福建，乘势而上正青春,,光明日报·理论版,https://theory.gmw.cn/2026-07/09/content_38875718.htm,2026-08-28 06:04:14
news,光明日报·理论版,光明日报·理论版,,房子“升级” 日子“上新”,,光明日报·理论版,https://theory.gmw.cn/2026-06/26/content_38850082.htm,2026-08-28 06:04:14
news,光明日报·理论版,光明日报·理论版,,你的钱花在体验上了吗？,,光明日报·理论版,https://theory.gmw.cn/2026-06/11/content_38823502.htm,2026-08-28 06:04:14
news,光明日报·理论版,光明日报·理论版,,看“苏超”，逛“烟火”，换个花样游江苏,,光明日报·理论版,https://theory.gmw.cn/2026-06/05/content_38813506.htm,2026-08-28 06:04:14
news,光明日报·理论版,光明日报·理论版,,这碗米背后，是中国农业的“硬核实力”,,光明日报·理论版,https://theory.gmw.cn/2026-06/05/content_38813504.htm,2026-08-28 06:04:14
news,光明日报·理论版,光明日报·理论版,,假日经济“热”力全开,,光明日报·理论版,https://theory.gmw.cn/2026-05/15/content_38765000.htm,2026-08-28 06:04:14
news,光明日报·理论版,光明日报·理论版,,“苏超”如何吹响消费集结号,,光明日报·理论版,https://theory.gmw.cn/2026-05/14/content_38764018.htm,2026-08-28 06:04:14
news,光明日报·理论版,光明日报·理论版,,《习近平关于民政工作论述摘编》出版发行,,光明日报·理论版,https://theory.gmw.cn/2025-10/29/content_38376774.htm,2026-08-28 06:04:14
news,光明日报·理论版,光明日报·理论版,,习近平同志《论坚持全面深化改革》第一卷、第二卷出版发行,,光明日报·理论版,https://theory.gmw.cn/2025-10/29/content_38376742.htm,2026-08-28 06:04:14
news,光明日报·理论版,光明日报·理论版,,《习近平生态文明文选》第一卷出版发行,,光明日报·理论版,https://theory.gmw.cn/2025-10/29/content_38376771.htm,2026-08-28 06:04:14
news,光明日报·理论版,光明日报·理论版,,《习近平新时代中国特色社会主义思想学习论丛》第十一辑至第十五辑出版发行,,光明日报·理论版,https://theory.gmw.cn/2025-10/29/content_38376733.htm,2026-08-28 06:04:14
news,光明日报·理论版,光明日报·理论版,,经济学如何塑造我们的生活,,光明日报·理论版,https://theory.gmw.cn/2025-10/29/content_38373967.htm,2026-08-28 06:04:14
news,光明日报·理论版,光明日报·理论版,,《中国共产党精神史》总序,,光明日报·理论版,https://theory.gmw.cn/2026-05/29/content_38798145.htm,2026-08-28 06:04:14
news,光明日报·理论版,光明日报·理论版,,《树牢正确政绩观》出版发行,,光明日报·理论版,https://theory.gmw.cn/2026-03/01/content_38620547.htm,2026-08-28 06:04:14
news,光明日报·理论版,光明日报·理论版,,中国国际关系史研究百年,,光明日报·理论版,https://theory.gmw.cn/2025-12/01/content_38451281.htm,2026-08-28 06:04:14
news,光明日报·理论版,光明日报·理论版,,习近平党建思想理论研讨会,,光明日报·理论版,https://theory.gmw.cn/2026-07/10/content_38878904.htm,2026-08-28 06:04:14
news,光明日报·理论版,光明日报·理论版,,发展中国家国家治理高端智库论坛举办,,光明日报·理论版,https://theory.gmw.cn/2026-06/26/content_38851339.htm,2026-08-28 06:04:14
news,光明日报·理论版,光明日报·理论版,,深化党的创新理论的原理性成果研究,,光明日报·理论版,https://theory.gmw.cn/2026-06/12/content_38825126.htm,2026-08-28 06:04:14
news,光明日报·理论版,光明日报·理论版,,马克思主义理论学科自主知识体系建设,,光明日报·理论版,https://theory.gmw.cn/2026-06/10/content_38821382.htm,2026-08-28 06:04:14
news,光明日报·理论版,光明日报·理论版,,“生态文明学术周2026”系列学术活动,,光明日报·理论版,https://theory.gmw.cn/2026-06/05/content_38813860.htm,2026-08-28 06:04:14
news,光明日报·理论版,光明日报·理论版,,不断开创新时代中国史学新局面,,光明日报·理论版,https://theory.gmw.cn/2026-06/04/content_38811912.htm,2026-08-28 06:04:14
news,光明日报·理论版,光明日报·理论版,,“自主知识体系与文化自信”理论研讨会,,光明日报·理论版,https://theory.gmw.cn/2026-05/20/content_38777585.htm,2026-08-28 06:04:14
news,光明日报·理论版,光明日报·理论版,,理响中国·薪火“燃”青春,,光明日报·理论版,https://topics.gmw.cn/node_168473.htm,2026-08-28 06:04:14
news,光明日报·理论版,光明日报·理论版,,“理响中国·铿锵有理|在改革开放中开辟广阔前景暨党校公开课第十二季”,,光明日报·理论版,https://topics.gmw.cn/node_161185.htm,2026-08-28 06:04:14
news,光明日报·理论版,光明日报·理论版,,“理响中国”理论融媒体精品征集展播活动,,光明日报·理论版,https://topics.gmw.cn/node_157830.htm,2026-08-28 06:04:14
news,光明日报·理论版,光明日报·理论版,,把中国式现代化的美好图景变为现实,,光明日报·理论版,https://topics.gmw.cn/node_161019.htm,2026-08-28 06:04:14
news,光明日报·理论版,光明日报·理论版,,理响中国·实践新论,,光明日报·理论版,https://topics.gmw.cn/node_155991.htm,2026-08-28 06:04:14
news,光明日报·理论版,光明日报·理论版,,理响中国之理响新征程,,光明日报·理论版,https://topics.gmw.cn/node_153434.htm,2026-08-28 06:04:14
news,光明日报·理论版,光明日报·理论版,,时代青音·理论学者助力计划,,光明日报·理论版,https://topics.gmw.cn/node_153372.htm,2026-08-28 06:04:14
news,光明日报·理论版,光明日报·理论版,,人民网理论频道,,光明日报·理论版,http://theory.people.com.cn/,2026-08-28 06:04:14
news,光明日报·理论版,光明日报·理论版,,新华网理论频道,,光明日报·理论版,http://www.xinhuanet.com/politics/xhll.htm,2026-08-28 06:04:14
news,光明日报·理论版,光明日报·理论版,,中国社会科学网,,光明日报·理论版,http://www.cssn.cn/,2026-08-28 06:04:14
news,光明日报·理论版,光明日报·理论版,,南方网理论频道,,光明日报·理论版,http://theory.southcn.com/,2026-08-28 06:04:14
news,光明日报·理论版,光明日报·理论版,,齐鲁网理论频道,,光明日报·理论版,http://theory.iqilu.com/,2026-08-28 06:04:14
news,光明日报·理论版,光明日报·理论版,,宣讲家网,,光明日报·理论版,http://www.71.cn/,2026-08-28 06:04:14
news,光明日报·理论版,光明日报·理论版,,大众网理论频道,,光明日报·理论版,http://www.dzllzg.com/,2026-08-28 06:04:14
news,光明日报·理论版,光明日报·理论版,,https://iwaes.gmw.cn,,光明日报·理论版,https://iwaes.gmw.cn,2026-08-28 06:04:14
news,光明日报·理论版,光明日报·理论版,,gmwll@gmw.cn,,光明日报·理论版,mailto:gmwll@gmw.cn,2026-08-28 06:04:14
news,光明日报·理论版,光明日报·理论版,,手机光明网,,光明日报·理论版,https://m.gmw.cn/,2026-08-28 06:04:14
news,光明日报·理论版,光明日报·理论版,,光明日报社概况,,光明日报·理论版,https://about.gmw.cn/node_21441.htm,2026-08-28 06:04:14
news,光明日报·理论版,光明日报·理论版,,光明网邮箱,,光明日报·理论版,https://mail.gmw.cn/,2026-08-28 06:04:14
news,光明日报·理论版,光明日报·理论版,,光明网专论,,光明日报·理论版,https://theory.gmw.cn/node_97034.htm,2026-08-28 22:32:14
news,光明日报·理论版,光明日报·理论版,,大力推进科技创新 积极培育和发展新质生产力,,光明日报·理论版,https://news.gmw.cn/2026-08/27/content_38966316.htm,2026-08-28 22:32:14
news,光明日报·理论版,光明日报·理论版,,抢抓人工智能发展历史机遇,,光明日报·理论版,https://news.gmw.cn/2026-08/25/content_38961569.htm,2026-08-28 22:32:14
news,光明日报·理论版,光明日报·理论版,,加快推进数智技术赋能高校文化出海,,光明日报·理论版,https://news.gmw.cn/2026-08/25/content_38961689.htm,2026-08-28 22:32:14
news,光明日报·理论版,光明日报·理论版,,数智技术赋能文化遗产保护传承,,光明日报·理论版,https://news.gmw.cn/2026-08/25/content_38961720.htm,2026-08-28 22:32:14
news,光明日报·理论版,光明日报·理论版,,江泽民有关社会建设系列论述的理论内涵与时代价值,,光明日报·理论版,https://theory.gmw.cn/2026-08/19/content_38951390.htm,2026-08-28 22:32:14
news,光明日报·理论版,光明日报·理论版,,首份消费领域国家级专项规划的战略深意,,光明日报·理论版,https://theory.gmw.cn/2026-08/04/content_38925645.htm,2026-08-28 22:32:14
news,光明日报·理论版,光明日报·理论版,,跨越文化间距 全面提升国际传播效能,,光明日报·理论版,https://theory.gmw.cn/2026-04/09/content_38697892.htm,2026-08-28 22:32:14
news,光明日报·理论版,光明日报·理论版,,“理响中国·文化旗帜”党校公开课第14季,,光明日报·理论版,https://topics.gmw.cn/node_166993.htm,2026-08-28 22:32:14
news,光明日报·理论版,光明日报·理论版,,理响中国·铿锵有理|经济向好有底气,,光明日报·理论版,https://topics.gmw.cn/node_166533.htm,2026-08-28 22:32:14
news,光明日报·理论版,光明日报·理论版,,人文经济学,,光明日报·理论版,https://topics.gmw.cn/node_165153.htm,2026-08-28 22:32:14
news,光明日报·理论版,光明日报·理论版,,理响中国·春江水暖鸭先知,,光明日报·理论版,https://topics.gmw.cn/node_164576.htm,2026-08-28 22:32:14
news,光明日报·理论版,光明日报·理论版,,把中国式现代化美好图景变为现实,,光明日报·理论版,https://topics.gmw.cn/node_161019.htm,2026-08-28 22:32:14
news,光明日报·理论版,光明日报·理论版,,在改革开放中开辟广阔前景,,光明日报·理论版,https://topics.gmw.cn/node_161185.htm,2026-08-28 22:32:14
news,光明日报·理论版,光明日报·理论版,,从“一出戏”到“一座城”，演艺新空间培育消费新动能,,光明日报·理论版,https://theory.gmw.cn/2026-08/14/content_38943596.htm,2026-08-28 22:32:14
news,光明日报·理论版,光明日报·理论版,,高标准劳动力市场体系支撑未来产业培育,,光明日报·理论版,https://theory.gmw.cn/2026-06/23/content_38843308.htm,2026-08-28 22:32:14
news,光明日报·理论版,光明日报·理论版,,AI时代的就业政策重在“组合拳”,,光明日报·理论版,https://theory.gmw.cn/2026-06/10/content_38821275.htm,2026-08-28 22:32:14
news,光明日报·理论版,光明日报·理论版,,推动城市低空经济安全可持续发展,,光明日报·理论版,https://theory.gmw.cn/2026-06/01/content_38804681.htm,2026-08-28 22:32:14
news,光明日报·理论版,光明日报·理论版,,旅居热潮背后的消费新蓝海,,光明日报·理论版,https://theory.gmw.cn/2026-05/20/content_38777128.htm,2026-08-28 22:32:14
news,光明日报·理论版,光明日报·理论版,,我国经济转入高质量发展轨道,,光明日报·理论版,https://theory.gmw.cn/2026-08/28/content_38969959.htm,2026-08-28 22:32:14
news,光明日报·理论版,光明日报·理论版,,[详情],,光明日报·理论版,https://theory.gmw.cn/2026-08/28/content_38969959.htm,2026-08-28 22:32:14
news,光明日报·理论版,光明日报·理论版,,要促进新质生产力发展,,光明日报·理论版,https://theory.gmw.cn/2026-08/27/content_38967509.htm,2026-08-28 22:32:14
news,光明日报·理论版,光明日报·理论版,,中国引领人工智能全球治理进程,,光明日报·理论版,https://theory.gmw.cn/2026-08/26/content_38965132.htm,2026-08-28 22:32:14
news,光明日报·理论版,光明日报·理论版,,固根基守正道 破藩篱开新局,,光明日报·理论版,https://theory.gmw.cn/2026-08/12/content_38940220.htm,2026-08-28 22:32:14
news,光明日报·理论版,光明日报·理论版,,[详情],,光明日报·理论版,https://theory.gmw.cn/2026-08/12/content_38940220.htm,2026-08-28 22:32:14
news,光明日报·理论版,光明日报·理论版,,“新新三样”扬帆出海,,光明日报·理论版,https://theory.gmw.cn/2026-08/28/content_38969243.htm,2026-08-28 22:32:14
news,光明日报·理论版,光明日报·理论版,,政治话语如何“转译”成大众话语,,光明日报·理论版,https://theory.gmw.cn/2026-08/28/content_38968059.htm,2026-08-28 22:32:14
news,光明日报·理论版,光明日报·理论版,,党的创新理论阐释的新大众文艺路径,,光明日报·理论版,https://theory.gmw.cn/2026-08/26/content_38965300.htm,2026-08-28 22:32:14
news,光明日报·理论版,光明日报·理论版,,什么样的选题能“出圈”,,光明日报·理论版,https://theory.gmw.cn/2026-08/25/content_38963283.htm,2026-08-28 22:32:14
news,光明日报·理论版,光明日报·理论版,,“十五五”看着大，其实就在身边,,光明日报·理论版,https://theory.gmw.cn/2026-08/21/content_38954309.htm,2026-08-28 22:32:14
news,光明日报·理论版,光明日报·理论版,,探索网上理论传播新路径,,光明日报·理论版,https://theory.gmw.cn/2026-08/21/content_38955338.htm,2026-08-28 22:32:14
news,光明日报·理论版,光明日报·理论版,,百年变局下的帝国主义发展新态势,,光明日报·理论版,https://news.gmw.cn/2026-08/28/content_38968848.htm,2026-08-28 22:32:14
news,光明日报·理论版,光明日报·理论版,,数字帝国主义资本输出的政治经济学批判,,光明日报·理论版,https://news.gmw.cn/2026-08/28/content_38968847.htm,2026-08-28 22:32:14
news,光明日报·理论版,光明日报·理论版,,列宁《帝国主义论》的理论贡献与当代价值,,光明日报·理论版,https://news.gmw.cn/2026-08/28/content_38968846.htm,2026-08-28 22:32:14
news,光明日报·理论版,光明日报·理论版,,推进国家治理学知识体系构建,,光明日报·理论版,https://news.gmw.cn/2026-08/28/content_38968845.htm,2026-08-28 22:32:14
news,光明日报·理论版,光明日报·理论版,,推动文化服务业优质高效发展,,光明日报·理论版,https://news.gmw.cn/2026-08/28/content_38968791.htm,2026-08-28 22:32:14
news,光明日报·理论版,光明日报·理论版,,优化东西部协作方式,,光明日报·理论版,https://news.gmw.cn/2026-08/25/content_38961721.htm,2026-08-28 22:32:14
news,光明日报·理论版,光明日报·理论版,,聚力优势产业，打造北京“运河水岸经济带”,,光明日报·理论版,https://theory.gmw.cn/2026-08/26/content_38965057.htm,2026-08-28 22:32:14
news,光明日报·理论版,光明日报·理论版,,什么样的选题能“出圈”,,光明日报·理论版,https://theory.gmw.cn/2026-08/27/content_38967933.htm,2026-08-28 22:32:14
news,光明日报·理论版,光明日报·理论版,,共建美美与共的文明百花园,,光明日报·理论版,http://theory.gmw.cn/2025-11/18/content_38406071.htm,2026-08-28 22:32:14
news,光明日报·理论版,光明日报·理论版,,展现可信、可爱、可敬的中国形象,,光明日报·理论版,http://theory.gmw.cn/2025-11/17/content_38406072.htm,2026-08-28 22:32:14
news,光明日报·理论版,光明日报·理论版,,守护好中华民族的文化瑰宝,,光明日报·理论版,http://theory.gmw.cn/2025-11/14/content_38406067.htm,2026-08-28 22:32:14
news,光明日报·理论版,光明日报·理论版,,把最好的精神食粮奉献给人民,,光明日报·理论版,http://theory.gmw.cn/2025-11/13/content_38406038.htm,2026-08-28 22:32:14
news,光明日报·理论版,光明日报·理论版,,唱响主旋律、弘扬正能量,,光明日报·理论版,http://theory.gmw.cn/2025-11/12/content_38406039.htm,2026-08-28 22:32:14
news,光明日报·理论版,光明日报·理论版,,王延中：弘扬社会主义核心价值观 铸牢中华民族共同体意识,,光明日报·理论版,https://news.gmw.cn/2026-08/16/content_38945716.htm,2026-08-28 22:32:14
news,光明日报·理论版,光明日报·理论版,,刘景凤：大力弘扬工匠精神 勇担技能报国使命,,光明日报·理论版,https://news.gmw.cn/2026-07/01/content_38860037.htm,2026-08-28 22:32:14
news,光明日报·理论版,光明日报·理论版,,彭凤莲：从六尺巷看中国传统礼让文化的当代价值,,光明日报·理论版,https://news.gmw.cn/2026-05/29/content_38796471.htm,2026-08-28 22:32:14
news,光明日报·理论版,光明日报·理论版,,朱杰人：从“第二个结合”看朱子理学的敬业之道,,光明日报·理论版,https://news.gmw.cn/2026-03/28/content_38675961.htm,2026-08-28 22:32:14
news,光明日报·理论版,光明日报·理论版,,蒋乾麟：以雷锋精神引导青少年成长成才,,光明日报·理论版,https://news.gmw.cn/2026-03/21/content_38660607.htm,2026-08-28 22:32:14
news,光明日报·理论版,光明日报·理论版,,向 勇：坚持以核心价值观为引领 推动文化和科技融合发展,,光明日报·理论版,https://news.gmw.cn/2026-01/06/content_38520301.htm,2026-08-28 22:32:14
news,光明日报·理论版,光明日报·理论版,,文史科教,,光明日报·理论版,https://theory.gmw.cn/node_10141.htm,2026-08-28 22:32:14
news,光明日报·理论版,光明日报·理论版,,国际关系,,光明日报·理论版,https://theory.gmw.cn/node_10139.htm,2026-08-28 22:32:14
news,光明日报·理论版,光明日报·理论版,,经济社会,,光明日报·理论版,https://theory.gmw.cn/node_10145.htm,2026-08-28 22:32:14
news,光明日报·理论版,光明日报·理论版,,党建政治,,光明日报·理论版,https://theory.gmw.cn/node_4227.htm,2026-08-28 22:32:14
news,光明日报·理论版,光明日报·理论版,,理论综合,,光明日报·理论版,https://theory.gmw.cn/node_4403.htm,2026-08-28 22:32:14
news,光明日报·理论版,光明日报·理论版,,为强国建设培养更多“会创造的人”,,光明日报·理论版,https://theory.gmw.cn/2026-08/28/content_38969271.htm,2026-08-28 22:32:14
news,光明日报·理论版,光明日报·理论版,,以丰富国际公共产品供给引领人工智能全球治理,,光明日报·理论版,https://theory.gmw.cn/2026-08/20/content_38952708.htm,2026-08-28 22:32:14
news,光明日报·理论版,光明日报·理论版,,为携手构建公正合理的全球人工智能治理体系贡献中国方案,,光明日报·理论版,https://theory.gmw.cn/2026-08/20/content_38952620.htm,2026-08-28 22:32:14
news,光明日报·理论版,光明日报·理论版,,人工智能何以向上向善,,光明日报·理论版,https://theory.gmw.cn/2026-08/19/content_38950749.htm,2026-08-28 22:32:14
news,光明日报·理论版,光明日报·理论版,,深化对“第二个结合”的理解与把握,,光明日报·理论版,https://theory.gmw.cn/2026-08/19/content_38950608.htm,2026-08-28 22:32:14
news,光明日报·理论版,光明日报·理论版,,中华民族共同体的历史演进,,光明日报·理论版,https://theory.gmw.cn/2026-08/19/content_38950478.htm,2026-08-28 22:32:14
news,光明日报·理论版,光明日报·理论版,,文明互鉴助力人类共同发展,,光明日报·理论版,https://theory.gmw.cn/2026-08/28/content_38969226.htm,2026-08-28 22:32:14
news,光明日报·理论版,光明日报·理论版,,落实四大全球倡议 推进人工智能全球治理,,光明日报·理论版,https://theory.gmw.cn/2026-08/26/content_38964530.htm,2026-08-28 22:32:14
news,光明日报·理论版,光明日报·理论版,,中国引领人工智能全球治理的三重路径,,光明日报·理论版,https://theory.gmw.cn/2026-08/26/content_38964343.htm,2026-08-28 22:32:14
news,光明日报·理论版,光明日报·理论版,,持续稳步推进金砖合作机制建设,,光明日报·理论版,https://theory.gmw.cn/2026-08/21/content_38955689.htm,2026-08-28 22:32:14
news,光明日报·理论版,光明日报·理论版,,跨域共构：破除国际关系本土概念传播羁绊,,光明日报·理论版,https://theory.gmw.cn/2026-08/20/content_38953942.htm,2026-08-28 22:32:14
news,光明日报·理论版,光明日报·理论版,,全球文明倡议的内涵与底蕴,,光明日报·理论版,https://theory.gmw.cn/2026-08/20/content_38952749.htm,2026-08-28 22:32:14
news,光明日报·理论版,光明日报·理论版,,观察中国经济需要长周期视角,,光明日报·理论版,https://theory.gmw.cn/2026-08/28/content_38969552.htm,2026-08-28 22:32:14
news,光明日报·理论版,光明日报·理论版,,推动人文经济高质量发展,,光明日报·理论版,https://theory.gmw.cn/2026-08/28/content_38969241.htm,2026-08-28 22:32:14
news,光明日报·理论版,光明日报·理论版,,推进以县城为重要载体的城镇化建设,,光明日报·理论版,https://theory.gmw.cn/2026-08/28/content_38969217.htm,2026-08-28 22:32:14
news,光明日报·理论版,光明日报·理论版,,丰富优质体育产品和服务供给,,光明日报·理论版,https://theory.gmw.cn/2026-08/27/content_38966747.htm,2026-08-28 22:32:14
news,光明日报·理论版,光明日报·理论版,,加快推动新旧动能平稳接续转换,,光明日报·理论版,https://theory.gmw.cn/2026-08/27/content_38966776.htm,2026-08-28 22:32:14
news,光明日报·理论版,光明日报·理论版,,为生态文明建设提供坚实法治保障,,光明日报·理论版,https://theory.gmw.cn/2026-08/27/content_38966771.htm,2026-08-28 22:32:14
news,光明日报·理论版,光明日报·理论版,,在国际比较中把握全过程人民民主的实践特征与实践绩效,,光明日报·理论版,https://theory.gmw.cn/2026-08/28/content_38969233.htm,2026-08-28 22:32:14
news,光明日报·理论版,光明日报·理论版,,生态环境法典蕴含深邃的辩证思维,,光明日报·理论版,https://theory.gmw.cn/2026-08/28/content_38969249.htm,2026-08-28 22:32:14
news,光明日报·理论版,光明日报·理论版,,以大历史观破除历史虚无主义思想迷雾,,光明日报·理论版,https://theory.gmw.cn/2026-08/27/content_38966790.htm,2026-08-28 22:32:14
news,光明日报·理论版,光明日报·理论版,,推进“丝路海运”港航贸一体化发展,,光明日报·理论版,https://theory.gmw.cn/2026-08/27/content_38966768.htm,2026-08-28 22:32:14
news,光明日报·理论版,光明日报·理论版,,搭建中国刑事诉讼法学自主知识体系的“四梁八柱”,,光明日报·理论版,https://theory.gmw.cn/2026-08/27/content_38966765.htm,2026-08-28 22:32:14
news,光明日报·理论版,光明日报·理论版,,以高度历史主动加强新时代党的建设,,光明日报·理论版,https://theory.gmw.cn/2026-08/25/content_38962341.htm,2026-08-28 22:32:14
news,光明日报·理论版,光明日报·理论版,,发挥廉洁文化浸润作用的路径选择,,光明日报·理论版,https://theory.gmw.cn/2026-08/28/content_38969869.htm,2026-08-28 22:32:14
news,光明日报·理论版,光明日报·理论版,,深刻把握投资于物和投资于人的辩证统一,,光明日报·理论版,https://theory.gmw.cn/2026-08/24/content_38959676.htm,2026-08-28 22:32:14
news,光明日报·理论版,光明日报·理论版,,聚焦生动实践回应理论关切,,光明日报·理论版,https://theory.gmw.cn/2026-08/19/content_38950639.htm,2026-08-28 22:32:14
news,光明日报·理论版,光明日报·理论版,,支持基础研究贵在长期稳定,,光明日报·理论版,https://theory.gmw.cn/2026-08/19/content_38950570.htm,2026-08-28 22:32:14
news,光明日报·理论版,光明日报·理论版,,如何构建适应国际秩序重塑的自主知识体系,,光明日报·理论版,https://theory.gmw.cn/2026-08/17/content_38946969.htm,2026-08-28 22:32:14
news,光明日报·理论版,光明日报·理论版,,构建自主完备、开放高效的国家创新体系,,光明日报·理论版,https://theory.gmw.cn/2026-08/17/content_38946687.htm,2026-08-28 22:32:14
news,光明日报·理论版,光明日报·理论版,,微视频：“村”字号火爆全球魅力何在,,光明日报·理论版,https://theory.gmw.cn/2026-01/02/content_38554039.htm,2026-08-28 22:32:14
news,光明日报·理论版,光明日报·理论版,,微视频：文明交响曲：每个声部都精彩,,光明日报·理论版,https://theory.gmw.cn/2026-01/01/content_38553863.htm,2026-08-28 22:32:14
news,光明日报·理论版,光明日报·理论版,,微视频：China Travel为啥成了流量密码？,,光明日报·理论版,https://theory.gmw.cn/2025-12/23/content_38492948.htm,2026-08-28 22:32:14
news,光明日报·理论版,光明日报·理论版,,微视频：中国故事怎么讲？,,光明日报·理论版,https://theory.gmw.cn/2025-12/22/content_38490383.htm,2026-08-28 22:32:14
news,光明日报·理论版,光明日报·理论版,,微视频：宋锦如何“活”在当下？,,光明日报·理论版,https://theory.gmw.cn/2025-12/19/content_38486600.htm,2026-08-28 22:32:14
news,光明日报·理论版,光明日报·理论版,,微视频：千年文脉何以生生不息？,,光明日报·理论版,http://theory.gmw.cn/2025-12/18/content_38484219.htm,2026-08-28 22:32:14
news,光明日报·理论版,光明日报·理论版,,微视频：图书馆何以成为城市的心灵港湾？,,光明日报·理论版,http://theory.gmw.cn/2025-12/17/content_38482014.htm,2026-08-28 22:32:14
news,光明日报·理论版,光明日报·理论版,,微视频：10元票价的苏超为何成为全民派对,,光明日报·理论版,http://theory.gmw.cn/2025-12/16/content_38479459.htm,2026-08-28 22:32:14
news,光明日报·理论版,光明日报·理论版,,“新新三样”扬帆出海,,光明日报·理论版,http://theory.gmw.cn/2026-08/28/content_38969243.htm,2026-08-28 22:32:14
news,光明日报·理论版,光明日报·理论版,,“妈祖”赋能全球气象预警,,光明日报·理论版,https://theory.gmw.cn/2026-08/20/content_38953145.htm,2026-08-28 22:32:14
news,光明日报·理论版,光明日报·理论版,,世界第一！40亿千瓦家底铸牢中国能源底座,,光明日报·理论版,https://theory.gmw.cn/2026-07/31/content_38919621.htm,2026-08-28 22:32:14
news,光明日报·理论版,光明日报·理论版,,数字福建探新路，乘“数”而上正当时,,光明日报·理论版,https://theory.gmw.cn/2026-07/23/content_38902786.htm,2026-08-28 22:32:14
news,光明日报·理论版,光明日报·理论版,,解码数字福建，乘势而上正青春,,光明日报·理论版,https://theory.gmw.cn/2026-07/09/content_38875718.htm,2026-08-28 22:32:14
news,光明日报·理论版,光明日报·理论版,,房子“升级” 日子“上新”,,光明日报·理论版,https://theory.gmw.cn/2026-06/26/content_38850082.htm,2026-08-28 22:32:14
news,光明日报·理论版,光明日报·理论版,,你的钱花在体验上了吗？,,光明日报·理论版,https://theory.gmw.cn/2026-06/11/content_38823502.htm,2026-08-28 22:32:14
news,光明日报·理论版,光明日报·理论版,,看“苏超”，逛“烟火”，换个花样游江苏,,光明日报·理论版,https://theory.gmw.cn/2026-06/05/content_38813506.htm,2026-08-28 22:32:14
news,光明日报·理论版,光明日报·理论版,,这碗米背后，是中国农业的“硬核实力”,,光明日报·理论版,https://theory.gmw.cn/2026-06/05/content_38813504.htm,2026-08-28 22:32:14
news,光明日报·理论版,光明日报·理论版,,假日经济“热”力全开,,光明日报·理论版,https://theory.gmw.cn/2026-05/15/content_38765000.htm,2026-08-28 22:32:14
news,光明日报·理论版,光明日报·理论版,,《习近平关于民政工作论述摘编》出版发行,,光明日报·理论版,https://theory.gmw.cn/2025-10/29/content_38376774.htm,2026-08-28 22:32:14
news,光明日报·理论版,光明日报·理论版,,习近平同志《论坚持全面深化改革》第一卷、第二卷出版发行,,光明日报·理论版,https://theory.gmw.cn/2025-10/29/content_38376742.htm,2026-08-28 22:32:14
news,光明日报·理论版,光明日报·理论版,,《习近平生态文明文选》第一卷出版发行,,光明日报·理论版,https://theory.gmw.cn/2025-10/29/content_38376771.htm,2026-08-28 22:32:14
news,光明日报·理论版,光明日报·理论版,,《习近平新时代中国特色社会主义思想学习论丛》第十一辑至第十五辑出版发行,,光明日报·理论版,https://theory.gmw.cn/2025-10/29/content_38376733.htm,2026-08-28 22:32:14
news,光明日报·理论版,光明日报·理论版,,经济学如何塑造我们的生活,,光明日报·理论版,https://theory.gmw.cn/2025-10/29/content_38373967.htm,2026-08-28 22:32:14
news,光明日报·理论版,光明日报·理论版,,《中国共产党精神史》总序,,光明日报·理论版,https://theory.gmw.cn/2026-05/29/content_38798145.htm,2026-08-28 22:32:14
news,光明日报·理论版,光明日报·理论版,,《树牢正确政绩观》出版发行,,光明日报·理论版,https://theory.gmw.cn/2026-03/01/content_38620547.htm,2026-08-28 22:32:14
news,光明日报·理论版,光明日报·理论版,,中国国际关系史研究百年,,光明日报·理论版,https://theory.gmw.cn/2025-12/01/content_38451281.htm,2026-08-28 22:32:14
news,光明日报·理论版,光明日报·理论版,,习近平党建思想理论研讨会,,光明日报·理论版,https://theory.gmw.cn/2026-07/10/content_38878904.htm,2026-08-28 22:32:14
news,光明日报·理论版,光明日报·理论版,,发展中国家国家治理高端智库论坛举办,,光明日报·理论版,https://theory.gmw.cn/2026-06/26/content_38851339.htm,2026-08-28 22:32:14
news,光明日报·理论版,光明日报·理论版,,深化党的创新理论的原理性成果研究,,光明日报·理论版,https://theory.gmw.cn/2026-06/12/content_38825126.htm,2026-08-28 22:32:14
news,光明日报·理论版,光明日报·理论版,,马克思主义理论学科自主知识体系建设,,光明日报·理论版,https://theory.gmw.cn/2026-06/10/content_38821382.htm,2026-08-28 22:32:14
news,光明日报·理论版,光明日报·理论版,,“生态文明学术周2026”系列学术活动,,光明日报·理论版,https://theory.gmw.cn/2026-06/05/content_38813860.htm,2026-08-28 22:32:14
news,光明日报·理论版,光明日报·理论版,,不断开创新时代中国史学新局面,,光明日报·理论版,https://theory.gmw.cn/2026-06/04/content_38811912.htm,2026-08-28 22:32:14
news,光明日报·理论版,光明日报·理论版,,“自主知识体系与文化自信”理论研讨会,,光明日报·理论版,https://theory.gmw.cn/2026-05/20/content_38777585.htm,2026-08-28 22:32:14
news,光明日报·理论版,光明日报·理论版,,理响中国·薪火“燃”青春,,光明日报·理论版,https://topics.gmw.cn/node_168473.htm,2026-08-28 22:32:14
news,光明日报·理论版,光明日报·理论版,,“理响中国·铿锵有理|在改革开放中开辟广阔前景暨党校公开课第十二季”,,光明日报·理论版,https://topics.gmw.cn/node_161185.htm,2026-08-28 22:32:14
news,光明日报·理论版,光明日报·理论版,,“理响中国”理论融媒体精品征集展播活动,,光明日报·理论版,https://topics.gmw.cn/node_157830.htm,2026-08-28 22:32:14
news,光明日报·理论版,光明日报·理论版,,把中国式现代化的美好图景变为现实,,光明日报·理论版,https://topics.gmw.cn/node_161019.htm,2026-08-28 22:32:14
news,光明日报·理论版,光明日报·理论版,,理响中国·实践新论,,光明日报·理论版,https://topics.gmw.cn/node_155991.htm,2026-08-28 22:32:14
news,光明日报·理论版,光明日报·理论版,,理响中国之理响新征程,,光明日报·理论版,https://topics.gmw.cn/node_153434.htm,2026-08-28 22:32:14
news,光明日报·理论版,光明日报·理论版,,时代青音·理论学者助力计划,,光明日报·理论版,https://topics.gmw.cn/node_153372.htm,2026-08-28 22:32:14
news,光明日报·理论版,光明日报·理论版,,人民网理论频道,,光明日报·理论版,http://theory.people.com.cn/,2026-08-28 22:32:14
news,光明日报·理论版,光明日报·理论版,,新华网理论频道,,光明日报·理论版,http://www.xinhuanet.com/politics/xhll.htm,2026-08-28 22:32:14
news,光明日报·理论版,光明日报·理论版,,中国社会科学网,,光明日报·理论版,http://www.cssn.cn/,2026-08-28 22:32:14
news,光明日报·理论版,光明日报·理论版,,南方网理论频道,,光明日报·理论版,http://theory.southcn.com/,2026-08-28 22:32:14
news,光明日报·理论版,光明日报·理论版,,齐鲁网理论频道,,光明日报·理论版,http://theory.iqilu.com/,2026-08-28 22:32:14
news,光明日报·理论版,光明日报·理论版,,宣讲家网,,光明日报·理论版,http://www.71.cn/,2026-08-28 22:32:14
news,光明日报·理论版,光明日报·理论版,,大众网理论频道,,光明日报·理论版,http://www.dzllzg.com/,2026-08-28 22:32:14
news,光明日报·理论版,光明日报·理论版,,https://iwaes.gmw.cn,,光明日报·理论版,https://iwaes.gmw.cn,2026-08-28 22:32:14
news,光明日报·理论版,光明日报·理论版,,gmwll@gmw.cn,,光明日报·理论版,mailto:gmwll@gmw.cn,2026-08-28 22:32:14
news,光明日报·理论版,光明日报·理论版,,手机光明网,,光明日报·理论版,https://m.gmw.cn/,2026-08-28 22:32:14
news,光明日报·理论版,光明日报·理论版,,光明日报社概况,,光明日报·理论版,https://about.gmw.cn/node_21441.htm,2026-08-28 22:32:14
news,光明日报·理论版,光明日报·理论版,,光明网邮箱,,光明日报·理论版,https://mail.gmw.cn/,2026-08-28 22:32:14
news,光明日报·理论版,光明日报·理论版,,光明网专论,,光明日报·理论版,https://theory.gmw.cn/node_97034.htm,2026-08-29 22:32:15
news,光明日报·理论版,光明日报·理论版,,大力推进科技创新 积极培育和发展新质生产力,,光明日报·理论版,https://news.gmw.cn/2026-08/27/content_38966316.htm,2026-08-29 22:32:15
news,光明日报·理论版,光明日报·理论版,,抢抓人工智能发展历史机遇,,光明日报·理论版,https://news.gmw.cn/2026-08/25/content_38961569.htm,2026-08-29 22:32:15
news,光明日报·理论版,光明日报·理论版,,加快推进数智技术赋能高校文化出海,,光明日报·理论版,https://news.gmw.cn/2026-08/25/content_38961689.htm,2026-08-29 22:32:15
news,光明日报·理论版,光明日报·理论版,,数智技术赋能文化遗产保护传承,,光明日报·理论版,https://news.gmw.cn/2026-08/25/content_38961720.htm,2026-08-29 22:32:15
news,光明日报·理论版,光明日报·理论版,,江泽民有关社会建设系列论述的理论内涵与时代价值,,光明日报·理论版,https://theory.gmw.cn/2026-08/19/content_38951390.htm,2026-08-29 22:32:15
news,光明日报·理论版,光明日报·理论版,,首份消费领域国家级专项规划的战略深意,,光明日报·理论版,https://theory.gmw.cn/2026-08/04/content_38925645.htm,2026-08-29 22:32:15
news,光明日报·理论版,光明日报·理论版,,跨越文化间距 全面提升国际传播效能,,光明日报·理论版,https://theory.gmw.cn/2026-04/09/content_38697892.htm,2026-08-29 22:32:15
news,光明日报·理论版,光明日报·理论版,,“理响中国·文化旗帜”党校公开课第14季,,光明日报·理论版,https://topics.gmw.cn/node_166993.htm,2026-08-29 22:32:15
news,光明日报·理论版,光明日报·理论版,,理响中国·铿锵有理|经济向好有底气,,光明日报·理论版,https://topics.gmw.cn/node_166533.htm,2026-08-29 22:32:15
news,光明日报·理论版,光明日报·理论版,,人文经济学,,光明日报·理论版,https://topics.gmw.cn/node_165153.htm,2026-08-29 22:32:15
news,光明日报·理论版,光明日报·理论版,,理响中国·春江水暖鸭先知,,光明日报·理论版,https://topics.gmw.cn/node_164576.htm,2026-08-29 22:32:15
news,光明日报·理论版,光明日报·理论版,,把中国式现代化美好图景变为现实,,光明日报·理论版,https://topics.gmw.cn/node_161019.htm,2026-08-29 22:32:15
news,光明日报·理论版,光明日报·理论版,,在改革开放中开辟广阔前景,,光明日报·理论版,https://topics.gmw.cn/node_161185.htm,2026-08-29 22:32:15
news,光明日报·理论版,光明日报·理论版,,从“一出戏”到“一座城”，演艺新空间培育消费新动能,,光明日报·理论版,https://theory.gmw.cn/2026-08/14/content_38943596.htm,2026-08-29 22:32:15
news,光明日报·理论版,光明日报·理论版,,高标准劳动力市场体系支撑未来产业培育,,光明日报·理论版,https://theory.gmw.cn/2026-06/23/content_38843308.htm,2026-08-29 22:32:15
news,光明日报·理论版,光明日报·理论版,,AI时代的就业政策重在“组合拳”,,光明日报·理论版,https://theory.gmw.cn/2026-06/10/content_38821275.htm,2026-08-29 22:32:15
news,光明日报·理论版,光明日报·理论版,,推动城市低空经济安全可持续发展,,光明日报·理论版,https://theory.gmw.cn/2026-06/01/content_38804681.htm,2026-08-29 22:32:15
news,光明日报·理论版,光明日报·理论版,,旅居热潮背后的消费新蓝海,,光明日报·理论版,https://theory.gmw.cn/2026-05/20/content_38777128.htm,2026-08-29 22:32:15
news,光明日报·理论版,光明日报·理论版,,我国经济转入高质量发展轨道,,光明日报·理论版,https://theory.gmw.cn/2026-08/28/content_38969959.htm,2026-08-29 22:32:15
news,光明日报·理论版,光明日报·理论版,,[详情],,光明日报·理论版,https://theory.gmw.cn/2026-08/28/content_38969959.htm,2026-08-29 22:32:15
news,光明日报·理论版,光明日报·理论版,,要促进新质生产力发展,,光明日报·理论版,https://theory.gmw.cn/2026-08/27/content_38967509.htm,2026-08-29 22:32:15
news,光明日报·理论版,光明日报·理论版,,中国引领人工智能全球治理进程,,光明日报·理论版,https://theory.gmw.cn/2026-08/26/content_38965132.htm,2026-08-29 22:32:15
news,光明日报·理论版,光明日报·理论版,,固根基守正道 破藩篱开新局,,光明日报·理论版,https://theory.gmw.cn/2026-08/12/content_38940220.htm,2026-08-29 22:32:15
news,光明日报·理论版,光明日报·理论版,,[详情],,光明日报·理论版,https://theory.gmw.cn/2026-08/12/content_38940220.htm,2026-08-29 22:32:15
news,光明日报·理论版,光明日报·理论版,,“新新三样”扬帆出海,,光明日报·理论版,https://theory.gmw.cn/2026-08/28/content_38969243.htm,2026-08-29 22:32:15
news,光明日报·理论版,光明日报·理论版,,政治话语如何“转译”成大众话语,,光明日报·理论版,https://theory.gmw.cn/2026-08/28/content_38968059.htm,2026-08-29 22:32:15
news,光明日报·理论版,光明日报·理论版,,党的创新理论阐释的新大众文艺路径,,光明日报·理论版,https://theory.gmw.cn/2026-08/26/content_38965300.htm,2026-08-29 22:32:15
news,光明日报·理论版,光明日报·理论版,,什么样的选题能“出圈”,,光明日报·理论版,https://theory.gmw.cn/2026-08/25/content_38963283.htm,2026-08-29 22:32:15
news,光明日报·理论版,光明日报·理论版,,“十五五”看着大，其实就在身边,,光明日报·理论版,https://theory.gmw.cn/2026-08/21/content_38954309.htm,2026-08-29 22:32:15
news,光明日报·理论版,光明日报·理论版,,探索网上理论传播新路径,,光明日报·理论版,https://theory.gmw.cn/2026-08/21/content_38955338.htm,2026-08-29 22:32:15
news,光明日报·理论版,光明日报·理论版,,百年变局下的帝国主义发展新态势,,光明日报·理论版,https://news.gmw.cn/2026-08/28/content_38968848.htm,2026-08-29 22:32:15
news,光明日报·理论版,光明日报·理论版,,数字帝国主义资本输出的政治经济学批判,,光明日报·理论版,https://news.gmw.cn/2026-08/28/content_38968847.htm,2026-08-29 22:32:15
news,光明日报·理论版,光明日报·理论版,,列宁《帝国主义论》的理论贡献与当代价值,,光明日报·理论版,https://news.gmw.cn/2026-08/28/content_38968846.htm,2026-08-29 22:32:15
news,光明日报·理论版,光明日报·理论版,,推进国家治理学知识体系构建,,光明日报·理论版,https://news.gmw.cn/2026-08/28/content_38968845.htm,2026-08-29 22:32:15
news,光明日报·理论版,光明日报·理论版,,推动文化服务业优质高效发展,,光明日报·理论版,https://news.gmw.cn/2026-08/28/content_38968791.htm,2026-08-29 22:32:15
news,光明日报·理论版,光明日报·理论版,,优化东西部协作方式,,光明日报·理论版,https://news.gmw.cn/2026-08/25/content_38961721.htm,2026-08-29 22:32:15
news,光明日报·理论版,光明日报·理论版,,聚力优势产业，打造北京“运河水岸经济带”,,光明日报·理论版,https://theory.gmw.cn/2026-08/26/content_38965057.htm,2026-08-29 22:32:15
news,光明日报·理论版,光明日报·理论版,,什么样的选题能“出圈”,,光明日报·理论版,https://theory.gmw.cn/2026-08/27/content_38967933.htm,2026-08-29 22:32:15
news,光明日报·理论版,光明日报·理论版,,共建美美与共的文明百花园,,光明日报·理论版,http://theory.gmw.cn/2025-11/18/content_38406071.htm,2026-08-29 22:32:15
news,光明日报·理论版,光明日报·理论版,,展现可信、可爱、可敬的中国形象,,光明日报·理论版,http://theory.gmw.cn/2025-11/17/content_38406072.htm,2026-08-29 22:32:15
news,光明日报·理论版,光明日报·理论版,,守护好中华民族的文化瑰宝,,光明日报·理论版,http://theory.gmw.cn/2025-11/14/content_38406067.htm,2026-08-29 22:32:15
news,光明日报·理论版,光明日报·理论版,,把最好的精神食粮奉献给人民,,光明日报·理论版,http://theory.gmw.cn/2025-11/13/content_38406038.htm,2026-08-29 22:32:15
news,光明日报·理论版,光明日报·理论版,,唱响主旋律、弘扬正能量,,光明日报·理论版,http://theory.gmw.cn/2025-11/12/content_38406039.htm,2026-08-29 22:32:15
news,光明日报·理论版,光明日报·理论版,,王延中：弘扬社会主义核心价值观 铸牢中华民族共同体意识,,光明日报·理论版,https://news.gmw.cn/2026-08/16/content_38945716.htm,2026-08-29 22:32:15
news,光明日报·理论版,光明日报·理论版,,刘景凤：大力弘扬工匠精神 勇担技能报国使命,,光明日报·理论版,https://news.gmw.cn/2026-07/01/content_38860037.htm,2026-08-29 22:32:15
news,光明日报·理论版,光明日报·理论版,,彭凤莲：从六尺巷看中国传统礼让文化的当代价值,,光明日报·理论版,https://news.gmw.cn/2026-05/29/content_38796471.htm,2026-08-29 22:32:15
news,光明日报·理论版,光明日报·理论版,,朱杰人：从“第二个结合”看朱子理学的敬业之道,,光明日报·理论版,https://news.gmw.cn/2026-03/28/content_38675961.htm,2026-08-29 22:32:15
news,光明日报·理论版,光明日报·理论版,,蒋乾麟：以雷锋精神引导青少年成长成才,,光明日报·理论版,https://news.gmw.cn/2026-03/21/content_38660607.htm,2026-08-29 22:32:15
news,光明日报·理论版,光明日报·理论版,,向 勇：坚持以核心价值观为引领 推动文化和科技融合发展,,光明日报·理论版,https://news.gmw.cn/2026-01/06/content_38520301.htm,2026-08-29 22:32:15
news,光明日报·理论版,光明日报·理论版,,文史科教,,光明日报·理论版,https://theory.gmw.cn/node_10141.htm,2026-08-29 22:32:15
news,光明日报·理论版,光明日报·理论版,,国际关系,,光明日报·理论版,https://theory.gmw.cn/node_10139.htm,2026-08-29 22:32:15
news,光明日报·理论版,光明日报·理论版,,经济社会,,光明日报·理论版,https://theory.gmw.cn/node_10145.htm,2026-08-29 22:32:15
news,光明日报·理论版,光明日报·理论版,,党建政治,,光明日报·理论版,https://theory.gmw.cn/node_4227.htm,2026-08-29 22:32:15
news,光明日报·理论版,光明日报·理论版,,理论综合,,光明日报·理论版,https://theory.gmw.cn/node_4403.htm,2026-08-29 22:32:15
news,光明日报·理论版,光明日报·理论版,,为强国建设培养更多“会创造的人”,,光明日报·理论版,https://theory.gmw.cn/2026-08/28/content_38969271.htm,2026-08-29 22:32:15
news,光明日报·理论版,光明日报·理论版,,以丰富国际公共产品供给引领人工智能全球治理,,光明日报·理论版,https://theory.gmw.cn/2026-08/20/content_38952708.htm,2026-08-29 22:32:15
news,光明日报·理论版,光明日报·理论版,,为携手构建公正合理的全球人工智能治理体系贡献中国方案,,光明日报·理论版,https://theory.gmw.cn/2026-08/20/content_38952620.htm,2026-08-29 22:32:15
news,光明日报·理论版,光明日报·理论版,,人工智能何以向上向善,,光明日报·理论版,https://theory.gmw.cn/2026-08/19/content_38950749.htm,2026-08-29 22:32:15
news,光明日报·理论版,光明日报·理论版,,深化对“第二个结合”的理解与把握,,光明日报·理论版,https://theory.gmw.cn/2026-08/19/content_38950608.htm,2026-08-29 22:32:15
news,光明日报·理论版,光明日报·理论版,,中华民族共同体的历史演进,,光明日报·理论版,https://theory.gmw.cn/2026-08/19/content_38950478.htm,2026-08-29 22:32:15
news,光明日报·理论版,光明日报·理论版,,文明互鉴助力人类共同发展,,光明日报·理论版,https://theory.gmw.cn/2026-08/28/content_38969226.htm,2026-08-29 22:32:15
news,光明日报·理论版,光明日报·理论版,,落实四大全球倡议 推进人工智能全球治理,,光明日报·理论版,https://theory.gmw.cn/2026-08/26/content_38964530.htm,2026-08-29 22:32:15
news,光明日报·理论版,光明日报·理论版,,中国引领人工智能全球治理的三重路径,,光明日报·理论版,https://theory.gmw.cn/2026-08/26/content_38964343.htm,2026-08-29 22:32:15
news,光明日报·理论版,光明日报·理论版,,持续稳步推进金砖合作机制建设,,光明日报·理论版,https://theory.gmw.cn/2026-08/21/content_38955689.htm,2026-08-29 22:32:15
news,光明日报·理论版,光明日报·理论版,,跨域共构：破除国际关系本土概念传播羁绊,,光明日报·理论版,https://theory.gmw.cn/2026-08/20/content_38953942.htm,2026-08-29 22:32:15
news,光明日报·理论版,光明日报·理论版,,全球文明倡议的内涵与底蕴,,光明日报·理论版,https://theory.gmw.cn/2026-08/20/content_38952749.htm,2026-08-29 22:32:15
news,光明日报·理论版,光明日报·理论版,,观察中国经济需要长周期视角,,光明日报·理论版,https://theory.gmw.cn/2026-08/28/content_38969552.htm,2026-08-29 22:32:15
news,光明日报·理论版,光明日报·理论版,,推动人文经济高质量发展,,光明日报·理论版,https://theory.gmw.cn/2026-08/28/content_38969241.htm,2026-08-29 22:32:15
news,光明日报·理论版,光明日报·理论版,,推进以县城为重要载体的城镇化建设,,光明日报·理论版,https://theory.gmw.cn/2026-08/28/content_38969217.htm,2026-08-29 22:32:15
news,光明日报·理论版,光明日报·理论版,,丰富优质体育产品和服务供给,,光明日报·理论版,https://theory.gmw.cn/2026-08/27/content_38966747.htm,2026-08-29 22:32:15
news,光明日报·理论版,光明日报·理论版,,加快推动新旧动能平稳接续转换,,光明日报·理论版,https://theory.gmw.cn/2026-08/27/content_38966776.htm,2026-08-29 22:32:15
news,光明日报·理论版,光明日报·理论版,,为生态文明建设提供坚实法治保障,,光明日报·理论版,https://theory.gmw.cn/2026-08/27/content_38966771.htm,2026-08-29 22:32:15
news,光明日报·理论版,光明日报·理论版,,在国际比较中把握全过程人民民主的实践特征与实践绩效,,光明日报·理论版,https://theory.gmw.cn/2026-08/28/content_38969233.htm,2026-08-29 22:32:15
news,光明日报·理论版,光明日报·理论版,,生态环境法典蕴含深邃的辩证思维,,光明日报·理论版,https://theory.gmw.cn/2026-08/28/content_38969249.htm,2026-08-29 22:32:15
news,光明日报·理论版,光明日报·理论版,,以大历史观破除历史虚无主义思想迷雾,,光明日报·理论版,https://theory.gmw.cn/2026-08/27/content_38966790.htm,2026-08-29 22:32:15
news,光明日报·理论版,光明日报·理论版,,推进“丝路海运”港航贸一体化发展,,光明日报·理论版,https://theory.gmw.cn/2026-08/27/content_38966768.htm,2026-08-29 22:32:15
news,光明日报·理论版,光明日报·理论版,,搭建中国刑事诉讼法学自主知识体系的“四梁八柱”,,光明日报·理论版,https://theory.gmw.cn/2026-08/27/content_38966765.htm,2026-08-29 22:32:15
news,光明日报·理论版,光明日报·理论版,,以高度历史主动加强新时代党的建设,,光明日报·理论版,https://theory.gmw.cn/2026-08/25/content_38962341.htm,2026-08-29 22:32:15
news,光明日报·理论版,光明日报·理论版,,发挥廉洁文化浸润作用的路径选择,,光明日报·理论版,https://theory.gmw.cn/2026-08/28/content_38969869.htm,2026-08-29 22:32:15
news,光明日报·理论版,光明日报·理论版,,深刻把握投资于物和投资于人的辩证统一,,光明日报·理论版,https://theory.gmw.cn/2026-08/24/content_38959676.htm,2026-08-29 22:32:15
news,光明日报·理论版,光明日报·理论版,,聚焦生动实践回应理论关切,,光明日报·理论版,https://theory.gmw.cn/2026-08/19/content_38950639.htm,2026-08-29 22:32:15
news,光明日报·理论版,光明日报·理论版,,支持基础研究贵在长期稳定,,光明日报·理论版,https://theory.gmw.cn/2026-08/19/content_38950570.htm,2026-08-29 22:32:15
news,光明日报·理论版,光明日报·理论版,,如何构建适应国际秩序重塑的自主知识体系,,光明日报·理论版,https://theory.gmw.cn/2026-08/17/content_38946969.htm,2026-08-29 22:32:15
news,光明日报·理论版,光明日报·理论版,,构建自主完备、开放高效的国家创新体系,,光明日报·理论版,https://theory.gmw.cn/2026-08/17/content_38946687.htm,2026-08-29 22:32:15
news,光明日报·理论版,光明日报·理论版,,微视频：“村”字号火爆全球魅力何在,,光明日报·理论版,https://theory.gmw.cn/2026-01/02/content_38554039.htm,2026-08-29 22:32:15
news,光明日报·理论版,光明日报·理论版,,微视频：文明交响曲：每个声部都精彩,,光明日报·理论版,https://theory.gmw.cn/2026-01/01/content_38553863.htm,2026-08-29 22:32:15
news,光明日报·理论版,光明日报·理论版,,微视频：China Travel为啥成了流量密码？,,光明日报·理论版,https://theory.gmw.cn/2025-12/23/content_38492948.htm,2026-08-29 22:32:15
news,光明日报·理论版,光明日报·理论版,,微视频：中国故事怎么讲？,,光明日报·理论版,https://theory.gmw.cn/2025-12/22/content_38490383.htm,2026-08-29 22:32:15
news,光明日报·理论版,光明日报·理论版,,微视频：宋锦如何“活”在当下？,,光明日报·理论版,https://theory.gmw.cn/2025-12/19/content_38486600.htm,2026-08-29 22:32:15
news,光明日报·理论版,光明日报·理论版,,微视频：千年文脉何以生生不息？,,光明日报·理论版,http://theory.gmw.cn/2025-12/18/content_38484219.htm,2026-08-29 22:32:15
news,光明日报·理论版,光明日报·理论版,,微视频：图书馆何以成为城市的心灵港湾？,,光明日报·理论版,http://theory.gmw.cn/2025-12/17/content_38482014.htm,2026-08-29 22:32:15
news,光明日报·理论版,光明日报·理论版,,微视频：10元票价的苏超为何成为全民派对,,光明日报·理论版,http://theory.gmw.cn/2025-12/16/content_38479459.htm,2026-08-29 22:32:15
news,光明日报·理论版,光明日报·理论版,,“新新三样”扬帆出海,,光明日报·理论版,http://theory.gmw.cn/2026-08/28/content_38969243.htm,2026-08-29 22:32:15
news,光明日报·理论版,光明日报·理论版,,“妈祖”赋能全球气象预警,,光明日报·理论版,https://theory.gmw.cn/2026-08/20/content_38953145.htm,2026-08-29 22:32:15
news,光明日报·理论版,光明日报·理论版,,世界第一！40亿千瓦家底铸牢中国能源底座,,光明日报·理论版,https://theory.gmw.cn/2026-07/31/content_38919621.htm,2026-08-29 22:32:15
news,光明日报·理论版,光明日报·理论版,,数字福建探新路，乘“数”而上正当时,,光明日报·理论版,https://theory.gmw.cn/2026-07/23/content_38902786.htm,2026-08-29 22:32:15
news,光明日报·理论版,光明日报·理论版,,解码数字福建，乘势而上正青春,,光明日报·理论版,https://theory.gmw.cn/2026-07/09/content_38875718.htm,2026-08-29 22:32:15
news,光明日报·理论版,光明日报·理论版,,房子“升级” 日子“上新”,,光明日报·理论版,https://theory.gmw.cn/2026-06/26/content_38850082.htm,2026-08-29 22:32:15
news,光明日报·理论版,光明日报·理论版,,你的钱花在体验上了吗？,,光明日报·理论版,https://theory.gmw.cn/2026-06/11/content_38823502.htm,2026-08-29 22:32:15
news,光明日报·理论版,光明日报·理论版,,看“苏超”，逛“烟火”，换个花样游江苏,,光明日报·理论版,https://theory.gmw.cn/2026-06/05/content_38813506.htm,2026-08-29 22:32:15
news,光明日报·理论版,光明日报·理论版,,这碗米背后，是中国农业的“硬核实力”,,光明日报·理论版,https://theory.gmw.cn/2026-06/05/content_38813504.htm,2026-08-29 22:32:15
news,光明日报·理论版,光明日报·理论版,,假日经济“热”力全开,,光明日报·理论版,https://theory.gmw.cn/2026-05/15/content_38765000.htm,2026-08-29 22:32:15
news,光明日报·理论版,光明日报·理论版,,《习近平关于民政工作论述摘编》出版发行,,光明日报·理论版,https://theory.gmw.cn/2025-10/29/content_38376774.htm,2026-08-29 22:32:15
news,光明日报·理论版,光明日报·理论版,,习近平同志《论坚持全面深化改革》第一卷、第二卷出版发行,,光明日报·理论版,https://theory.gmw.cn/2025-10/29/content_38376742.htm,2026-08-29 22:32:15
news,光明日报·理论版,光明日报·理论版,,《习近平生态文明文选》第一卷出版发行,,光明日报·理论版,https://theory.gmw.cn/2025-10/29/content_38376771.htm,2026-08-29 22:32:15
news,光明日报·理论版,光明日报·理论版,,《习近平新时代中国特色社会主义思想学习论丛》第十一辑至第十五辑出版发行,,光明日报·理论版,https://theory.gmw.cn/2025-10/29/content_38376733.htm,2026-08-29 22:32:15
news,光明日报·理论版,光明日报·理论版,,经济学如何塑造我们的生活,,光明日报·理论版,https://theory.gmw.cn/2025-10/29/content_38373967.htm,2026-08-29 22:32:15
news,光明日报·理论版,光明日报·理论版,,《中国共产党精神史》总序,,光明日报·理论版,https://theory.gmw.cn/2026-05/29/content_38798145.htm,2026-08-29 22:32:15
news,光明日报·理论版,光明日报·理论版,,《树牢正确政绩观》出版发行,,光明日报·理论版,https://theory.gmw.cn/2026-03/01/content_38620547.htm,2026-08-29 22:32:15
news,光明日报·理论版,光明日报·理论版,,中国国际关系史研究百年,,光明日报·理论版,https://theory.gmw.cn/2025-12/01/content_38451281.htm,2026-08-29 22:32:15
news,光明日报·理论版,光明日报·理论版,,习近平党建思想理论研讨会,,光明日报·理论版,https://theory.gmw.cn/2026-07/10/content_38878904.htm,2026-08-29 22:32:15
news,光明日报·理论版,光明日报·理论版,,发展中国家国家治理高端智库论坛举办,,光明日报·理论版,https://theory.gmw.cn/2026-06/26/content_38851339.htm,2026-08-29 22:32:15
news,光明日报·理论版,光明日报·理论版,,深化党的创新理论的原理性成果研究,,光明日报·理论版,https://theory.gmw.cn/2026-06/12/content_38825126.htm,2026-08-29 22:32:15
news,光明日报·理论版,光明日报·理论版,,马克思主义理论学科自主知识体系建设,,光明日报·理论版,https://theory.gmw.cn/2026-06/10/content_38821382.htm,2026-08-29 22:32:15
news,光明日报·理论版,光明日报·理论版,,“生态文明学术周2026”系列学术活动,,光明日报·理论版,https://theory.gmw.cn/2026-06/05/content_38813860.htm,2026-08-29 22:32:15
news,光明日报·理论版,光明日报·理论版,,不断开创新时代中国史学新局面,,光明日报·理论版,https://theory.gmw.cn/2026-06/04/content_38811912.htm,2026-08-29 22:32:15
news,光明日报·理论版,光明日报·理论版,,“自主知识体系与文化自信”理论研讨会,,光明日报·理论版,https://theory.gmw.cn/2026-05/20/content_38777585.htm,2026-08-29 22:32:15
news,光明日报·理论版,光明日报·理论版,,理响中国·薪火“燃”青春,,光明日报·理论版,https://topics.gmw.cn/node_168473.htm,2026-08-29 22:32:15
news,光明日报·理论版,光明日报·理论版,,“理响中国·铿锵有理|在改革开放中开辟广阔前景暨党校公开课第十二季”,,光明日报·理论版,https://topics.gmw.cn/node_161185.htm,2026-08-29 22:32:15
news,光明日报·理论版,光明日报·理论版,,“理响中国”理论融媒体精品征集展播活动,,光明日报·理论版,https://topics.gmw.cn/node_157830.htm,2026-08-29 22:32:15
news,光明日报·理论版,光明日报·理论版,,把中国式现代化的美好图景变为现实,,光明日报·理论版,https://topics.gmw.cn/node_161019.htm,2026-08-29 22:32:15
news,光明日报·理论版,光明日报·理论版,,理响中国·实践新论,,光明日报·理论版,https://topics.gmw.cn/node_155991.htm,2026-08-29 22:32:15
news,光明日报·理论版,光明日报·理论版,,理响中国之理响新征程,,光明日报·理论版,https://topics.gmw.cn/node_153434.htm,2026-08-29 22:32:15
news,光明日报·理论版,光明日报·理论版,,时代青音·理论学者助力计划,,光明日报·理论版,https://topics.gmw.cn/node_153372.htm,2026-08-29 22:32:15
news,光明日报·理论版,光明日报·理论版,,人民网理论频道,,光明日报·理论版,http://theory.people.com.cn/,2026-08-29 22:32:15
news,光明日报·理论版,光明日报·理论版,,新华网理论频道,,光明日报·理论版,http://www.xinhuanet.com/politics/xhll.htm,2026-08-29 22:32:15
news,光明日报·理论版,光明日报·理论版,,中国社会科学网,,光明日报·理论版,http://www.cssn.cn/,2026-08-29 22:32:15
news,光明日报·理论版,光明日报·理论版,,南方网理论频道,,光明日报·理论版,http://theory.southcn.com/,2026-08-29 22:32:15
news,光明日报·理论版,光明日报·理论版,,齐鲁网理论频道,,光明日报·理论版,http://theory.iqilu.com/,2026-08-29 22:32:15
news,光明日报·理论版,光明日报·理论版,,宣讲家网,,光明日报·理论版,http://www.71.cn/,2026-08-29 22:32:15
news,光明日报·理论版,光明日报·理论版,,大众网理论频道,,光明日报·理论版,http://www.dzllzg.com/,2026-08-29 22:32:15
news,光明日报·理论版,光明日报·理论版,,https://iwaes.gmw.cn,,光明日报·理论版,https://iwaes.gmw.cn,2026-08-29 22:32:15
news,光明日报·理论版,光明日报·理论版,,gmwll@gmw.cn,,光明日报·理论版,mailto:gmwll@gmw.cn,2026-08-29 22:32:15
news,光明日报·理论版,光明日报·理论版,,手机光明网,,光明日报·理论版,https://m.gmw.cn/,2026-08-29 22:32:15
news,光明日报·理论版,光明日报·理论版,,光明日报社概况,,光明日报·理论版,https://about.gmw.cn/node_21441.htm,2026-08-29 22:32:15
news,光明日报·理论版,光明日报·理论版,,光明网邮箱,,光明日报·理论版,https://mail.gmw.cn/,2026-08-29 22:32:15
news,光明日报·理论版,光明日报·理论版,,光明网专论,,光明日报·理论版,https://theory.gmw.cn/node_97034.htm,2026-08-30 22:32:27
news,光明日报·理论版,光明日报·理论版,,大力推进科技创新 积极培育和发展新质生产力,,光明日报·理论版,https://news.gmw.cn/2026-08/27/content_38966316.htm,2026-08-30 22:32:27
news,光明日报·理论版,光明日报·理论版,,抢抓人工智能发展历史机遇,,光明日报·理论版,https://news.gmw.cn/2026-08/25/content_38961569.htm,2026-08-30 22:32:27
news,光明日报·理论版,光明日报·理论版,,加快推进数智技术赋能高校文化出海,,光明日报·理论版,https://news.gmw.cn/2026-08/25/content_38961689.htm,2026-08-30 22:32:27
news,光明日报·理论版,光明日报·理论版,,数智技术赋能文化遗产保护传承,,光明日报·理论版,https://news.gmw.cn/2026-08/25/content_38961720.htm,2026-08-30 22:32:27
news,光明日报·理论版,光明日报·理论版,,江泽民有关社会建设系列论述的理论内涵与时代价值,,光明日报·理论版,https://theory.gmw.cn/2026-08/19/content_38951390.htm,2026-08-30 22:32:27
news,光明日报·理论版,光明日报·理论版,,首份消费领域国家级专项规划的战略深意,,光明日报·理论版,https://theory.gmw.cn/2026-08/04/content_38925645.htm,2026-08-30 22:32:27
news,光明日报·理论版,光明日报·理论版,,跨越文化间距 全面提升国际传播效能,,光明日报·理论版,https://theory.gmw.cn/2026-04/09/content_38697892.htm,2026-08-30 22:32:27
news,光明日报·理论版,光明日报·理论版,,“理响中国·文化旗帜”党校公开课第14季,,光明日报·理论版,https://topics.gmw.cn/node_166993.htm,2026-08-30 22:32:27
news,光明日报·理论版,光明日报·理论版,,理响中国·铿锵有理|经济向好有底气,,光明日报·理论版,https://topics.gmw.cn/node_166533.htm,2026-08-30 22:32:27
news,光明日报·理论版,光明日报·理论版,,人文经济学,,光明日报·理论版,https://topics.gmw.cn/node_165153.htm,2026-08-30 22:32:27
news,光明日报·理论版,光明日报·理论版,,理响中国·春江水暖鸭先知,,光明日报·理论版,https://topics.gmw.cn/node_164576.htm,2026-08-30 22:32:27
news,光明日报·理论版,光明日报·理论版,,把中国式现代化美好图景变为现实,,光明日报·理论版,https://topics.gmw.cn/node_161019.htm,2026-08-30 22:32:27
news,光明日报·理论版,光明日报·理论版,,在改革开放中开辟广阔前景,,光明日报·理论版,https://topics.gmw.cn/node_161185.htm,2026-08-30 22:32:27
news,光明日报·理论版,光明日报·理论版,,从“一出戏”到“一座城”，演艺新空间培育消费新动能,,光明日报·理论版,https://theory.gmw.cn/2026-08/14/content_38943596.htm,2026-08-30 22:32:27
news,光明日报·理论版,光明日报·理论版,,高标准劳动力市场体系支撑未来产业培育,,光明日报·理论版,https://theory.gmw.cn/2026-06/23/content_38843308.htm,2026-08-30 22:32:27
news,光明日报·理论版,光明日报·理论版,,AI时代的就业政策重在“组合拳”,,光明日报·理论版,https://theory.gmw.cn/2026-06/10/content_38821275.htm,2026-08-30 22:32:27
news,光明日报·理论版,光明日报·理论版,,推动城市低空经济安全可持续发展,,光明日报·理论版,https://theory.gmw.cn/2026-06/01/content_38804681.htm,2026-08-30 22:32:27
news,光明日报·理论版,光明日报·理论版,,旅居热潮背后的消费新蓝海,,光明日报·理论版,https://theory.gmw.cn/2026-05/20/content_38777128.htm,2026-08-30 22:32:27
news,光明日报·理论版,光明日报·理论版,,我国经济转入高质量发展轨道,,光明日报·理论版,https://theory.gmw.cn/2026-08/28/content_38969959.htm,2026-08-30 22:32:27
news,光明日报·理论版,光明日报·理论版,,[详情],,光明日报·理论版,https://theory.gmw.cn/2026-08/28/content_38969959.htm,2026-08-30 22:32:27
news,光明日报·理论版,光明日报·理论版,,要促进新质生产力发展,,光明日报·理论版,https://theory.gmw.cn/2026-08/27/content_38967509.htm,2026-08-30 22:32:27
news,光明日报·理论版,光明日报·理论版,,中国引领人工智能全球治理进程,,光明日报·理论版,https://theory.gmw.cn/2026-08/26/content_38965132.htm,2026-08-30 22:32:27
news,光明日报·理论版,光明日报·理论版,,固根基守正道 破藩篱开新局,,光明日报·理论版,https://theory.gmw.cn/2026-08/12/content_38940220.htm,2026-08-30 22:32:27
news,光明日报·理论版,光明日报·理论版,,[详情],,光明日报·理论版,https://theory.gmw.cn/2026-08/12/content_38940220.htm,2026-08-30 22:32:27
news,光明日报·理论版,光明日报·理论版,,“新新三样”扬帆出海,,光明日报·理论版,https://theory.gmw.cn/2026-08/28/content_38969243.htm,2026-08-30 22:32:27
news,光明日报·理论版,光明日报·理论版,,政治话语如何“转译”成大众话语,,光明日报·理论版,https://theory.gmw.cn/2026-08/28/content_38968059.htm,2026-08-30 22:32:27
news,光明日报·理论版,光明日报·理论版,,党的创新理论阐释的新大众文艺路径,,光明日报·理论版,https://theory.gmw.cn/2026-08/26/content_38965300.htm,2026-08-30 22:32:27
news,光明日报·理论版,光明日报·理论版,,什么样的选题能“出圈”,,光明日报·理论版,https://theory.gmw.cn/2026-08/25/content_38963283.htm,2026-08-30 22:32:27
news,光明日报·理论版,光明日报·理论版,,“十五五”看着大，其实就在身边,,光明日报·理论版,https://theory.gmw.cn/2026-08/21/content_38954309.htm,2026-08-30 22:32:27
news,光明日报·理论版,光明日报·理论版,,探索网上理论传播新路径,,光明日报·理论版,https://theory.gmw.cn/2026-08/21/content_38955338.htm,2026-08-30 22:32:27
news,光明日报·理论版,光明日报·理论版,,百年变局下的帝国主义发展新态势,,光明日报·理论版,https://news.gmw.cn/2026-08/28/content_38968848.htm,2026-08-30 22:32:27
news,光明日报·理论版,光明日报·理论版,,数字帝国主义资本输出的政治经济学批判,,光明日报·理论版,https://news.gmw.cn/2026-08/28/content_38968847.htm,2026-08-30 22:32:27
news,光明日报·理论版,光明日报·理论版,,列宁《帝国主义论》的理论贡献与当代价值,,光明日报·理论版,https://news.gmw.cn/2026-08/28/content_38968846.htm,2026-08-30 22:32:27
news,光明日报·理论版,光明日报·理论版,,推进国家治理学知识体系构建,,光明日报·理论版,https://news.gmw.cn/2026-08/28/content_38968845.htm,2026-08-30 22:32:27
news,光明日报·理论版,光明日报·理论版,,推动文化服务业优质高效发展,,光明日报·理论版,https://news.gmw.cn/2026-08/28/content_38968791.htm,2026-08-30 22:32:27
news,光明日报·理论版,光明日报·理论版,,优化东西部协作方式,,光明日报·理论版,https://news.gmw.cn/2026-08/25/content_38961721.htm,2026-08-30 22:32:27
news,光明日报·理论版,光明日报·理论版,,聚力优势产业，打造北京“运河水岸经济带”,,光明日报·理论版,https://theory.gmw.cn/2026-08/26/content_38965057.htm,2026-08-30 22:32:27
news,光明日报·理论版,光明日报·理论版,,什么样的选题能“出圈”,,光明日报·理论版,https://theory.gmw.cn/2026-08/27/content_38967933.htm,2026-08-30 22:32:27
news,光明日报·理论版,光明日报·理论版,,共建美美与共的文明百花园,,光明日报·理论版,http://theory.gmw.cn/2025-11/18/content_38406071.htm,2026-08-30 22:32:27
news,光明日报·理论版,光明日报·理论版,,展现可信、可爱、可敬的中国形象,,光明日报·理论版,http://theory.gmw.cn/2025-11/17/content_38406072.htm,2026-08-30 22:32:27
news,光明日报·理论版,光明日报·理论版,,守护好中华民族的文化瑰宝,,光明日报·理论版,http://theory.gmw.cn/2025-11/14/content_38406067.htm,2026-08-30 22:32:27
news,光明日报·理论版,光明日报·理论版,,把最好的精神食粮奉献给人民,,光明日报·理论版,http://theory.gmw.cn/2025-11/13/content_38406038.htm,2026-08-30 22:32:27
news,光明日报·理论版,光明日报·理论版,,唱响主旋律、弘扬正能量,,光明日报·理论版,http://theory.gmw.cn/2025-11/12/content_38406039.htm,2026-08-30 22:32:27
news,光明日报·理论版,光明日报·理论版,,王延中：弘扬社会主义核心价值观 铸牢中华民族共同体意识,,光明日报·理论版,https://news.gmw.cn/2026-08/16/content_38945716.htm,2026-08-30 22:32:27
news,光明日报·理论版,光明日报·理论版,,刘景凤：大力弘扬工匠精神 勇担技能报国使命,,光明日报·理论版,https://news.gmw.cn/2026-07/01/content_38860037.htm,2026-08-30 22:32:27
news,光明日报·理论版,光明日报·理论版,,彭凤莲：从六尺巷看中国传统礼让文化的当代价值,,光明日报·理论版,https://news.gmw.cn/2026-05/29/content_38796471.htm,2026-08-30 22:32:27
news,光明日报·理论版,光明日报·理论版,,朱杰人：从“第二个结合”看朱子理学的敬业之道,,光明日报·理论版,https://news.gmw.cn/2026-03/28/content_38675961.htm,2026-08-30 22:32:27
news,光明日报·理论版,光明日报·理论版,,蒋乾麟：以雷锋精神引导青少年成长成才,,光明日报·理论版,https://news.gmw.cn/2026-03/21/content_38660607.htm,2026-08-30 22:32:27
news,光明日报·理论版,光明日报·理论版,,向 勇：坚持以核心价值观为引领 推动文化和科技融合发展,,光明日报·理论版,https://news.gmw.cn/2026-01/06/content_38520301.htm,2026-08-30 22:32:27
news,光明日报·理论版,光明日报·理论版,,文史科教,,光明日报·理论版,https://theory.gmw.cn/node_10141.htm,2026-08-30 22:32:27
news,光明日报·理论版,光明日报·理论版,,国际关系,,光明日报·理论版,https://theory.gmw.cn/node_10139.htm,2026-08-30 22:32:27
news,光明日报·理论版,光明日报·理论版,,经济社会,,光明日报·理论版,https://theory.gmw.cn/node_10145.htm,2026-08-30 22:32:27
news,光明日报·理论版,光明日报·理论版,,党建政治,,光明日报·理论版,https://theory.gmw.cn/node_4227.htm,2026-08-30 22:32:27
news,光明日报·理论版,光明日报·理论版,,理论综合,,光明日报·理论版,https://theory.gmw.cn/node_4403.htm,2026-08-30 22:32:27
news,光明日报·理论版,光明日报·理论版,,为强国建设培养更多“会创造的人”,,光明日报·理论版,https://theory.gmw.cn/2026-08/28/content_38969271.htm,2026-08-30 22:32:27
news,光明日报·理论版,光明日报·理论版,,以丰富国际公共产品供给引领人工智能全球治理,,光明日报·理论版,https://theory.gmw.cn/2026-08/20/content_38952708.htm,2026-08-30 22:32:27
news,光明日报·理论版,光明日报·理论版,,为携手构建公正合理的全球人工智能治理体系贡献中国方案,,光明日报·理论版,https://theory.gmw.cn/2026-08/20/content_38952620.htm,2026-08-30 22:32:27
news,光明日报·理论版,光明日报·理论版,,人工智能何以向上向善,,光明日报·理论版,https://theory.gmw.cn/2026-08/19/content_38950749.htm,2026-08-30 22:32:27
news,光明日报·理论版,光明日报·理论版,,深化对“第二个结合”的理解与把握,,光明日报·理论版,https://theory.gmw.cn/2026-08/19/content_38950608.htm,2026-08-30 22:32:27
news,光明日报·理论版,光明日报·理论版,,中华民族共同体的历史演进,,光明日报·理论版,https://theory.gmw.cn/2026-08/19/content_38950478.htm,2026-08-30 22:32:27
news,光明日报·理论版,光明日报·理论版,,文明互鉴助力人类共同发展,,光明日报·理论版,https://theory.gmw.cn/2026-08/28/content_38969226.htm,2026-08-30 22:32:27
news,光明日报·理论版,光明日报·理论版,,落实四大全球倡议 推进人工智能全球治理,,光明日报·理论版,https://theory.gmw.cn/2026-08/26/content_38964530.htm,2026-08-30 22:32:27
news,光明日报·理论版,光明日报·理论版,,中国引领人工智能全球治理的三重路径,,光明日报·理论版,https://theory.gmw.cn/2026-08/26/content_38964343.htm,2026-08-30 22:32:27
news,光明日报·理论版,光明日报·理论版,,持续稳步推进金砖合作机制建设,,光明日报·理论版,https://theory.gmw.cn/2026-08/21/content_38955689.htm,2026-08-30 22:32:27
news,光明日报·理论版,光明日报·理论版,,跨域共构：破除国际关系本土概念传播羁绊,,光明日报·理论版,https://theory.gmw.cn/2026-08/20/content_38953942.htm,2026-08-30 22:32:27
news,光明日报·理论版,光明日报·理论版,,全球文明倡议的内涵与底蕴,,光明日报·理论版,https://theory.gmw.cn/2026-08/20/content_38952749.htm,2026-08-30 22:32:27
news,光明日报·理论版,光明日报·理论版,,观察中国经济需要长周期视角,,光明日报·理论版,https://theory.gmw.cn/2026-08/28/content_38969552.htm,2026-08-30 22:32:27
news,光明日报·理论版,光明日报·理论版,,推动人文经济高质量发展,,光明日报·理论版,https://theory.gmw.cn/2026-08/28/content_38969241.htm,2026-08-30 22:32:27
news,光明日报·理论版,光明日报·理论版,,推进以县城为重要载体的城镇化建设,,光明日报·理论版,https://theory.gmw.cn/2026-08/28/content_38969217.htm,2026-08-30 22:32:27
news,光明日报·理论版,光明日报·理论版,,丰富优质体育产品和服务供给,,光明日报·理论版,https://theory.gmw.cn/2026-08/27/content_38966747.htm,2026-08-30 22:32:27
news,光明日报·理论版,光明日报·理论版,,加快推动新旧动能平稳接续转换,,光明日报·理论版,https://theory.gmw.cn/2026-08/27/content_38966776.htm,2026-08-30 22:32:27
news,光明日报·理论版,光明日报·理论版,,为生态文明建设提供坚实法治保障,,光明日报·理论版,https://theory.gmw.cn/2026-08/27/content_38966771.htm,2026-08-30 22:32:27
news,光明日报·理论版,光明日报·理论版,,在国际比较中把握全过程人民民主的实践特征与实践绩效,,光明日报·理论版,https://theory.gmw.cn/2026-08/28/content_38969233.htm,2026-08-30 22:32:27
news,光明日报·理论版,光明日报·理论版,,生态环境法典蕴含深邃的辩证思维,,光明日报·理论版,https://theory.gmw.cn/2026-08/28/content_38969249.htm,2026-08-30 22:32:27
news,光明日报·理论版,光明日报·理论版,,以大历史观破除历史虚无主义思想迷雾,,光明日报·理论版,https://theory.gmw.cn/2026-08/27/content_38966790.htm,2026-08-30 22:32:27
news,光明日报·理论版,光明日报·理论版,,推进“丝路海运”港航贸一体化发展,,光明日报·理论版,https://theory.gmw.cn/2026-08/27/content_38966768.htm,2026-08-30 22:32:27
news,光明日报·理论版,光明日报·理论版,,搭建中国刑事诉讼法学自主知识体系的“四梁八柱”,,光明日报·理论版,https://theory.gmw.cn/2026-08/27/content_38966765.htm,2026-08-30 22:32:27
news,光明日报·理论版,光明日报·理论版,,以高度历史主动加强新时代党的建设,,光明日报·理论版,https://theory.gmw.cn/2026-08/25/content_38962341.htm,2026-08-30 22:32:27
news,光明日报·理论版,光明日报·理论版,,发挥廉洁文化浸润作用的路径选择,,光明日报·理论版,https://theory.gmw.cn/2026-08/28/content_38969869.htm,2026-08-30 22:32:27
news,光明日报·理论版,光明日报·理论版,,深刻把握投资于物和投资于人的辩证统一,,光明日报·理论版,https://theory.gmw.cn/2026-08/24/content_38959676.htm,2026-08-30 22:32:27
news,光明日报·理论版,光明日报·理论版,,聚焦生动实践回应理论关切,,光明日报·理论版,https://theory.gmw.cn/2026-08/19/content_38950639.htm,2026-08-30 22:32:27
news,光明日报·理论版,光明日报·理论版,,支持基础研究贵在长期稳定,,光明日报·理论版,https://theory.gmw.cn/2026-08/19/content_38950570.htm,2026-08-30 22:32:27
news,光明日报·理论版,光明日报·理论版,,如何构建适应国际秩序重塑的自主知识体系,,光明日报·理论版,https://theory.gmw.cn/2026-08/17/content_38946969.htm,2026-08-30 22:32:27
news,光明日报·理论版,光明日报·理论版,,构建自主完备、开放高效的国家创新体系,,光明日报·理论版,https://theory.gmw.cn/2026-08/17/content_38946687.htm,2026-08-30 22:32:27
news,光明日报·理论版,光明日报·理论版,,微视频：“村”字号火爆全球魅力何在,,光明日报·理论版,https://theory.gmw.cn/2026-01/02/content_38554039.htm,2026-08-30 22:32:27
news,光明日报·理论版,光明日报·理论版,,微视频：文明交响曲：每个声部都精彩,,光明日报·理论版,https://theory.gmw.cn/2026-01/01/content_38553863.htm,2026-08-30 22:32:27
news,光明日报·理论版,光明日报·理论版,,微视频：China Travel为啥成了流量密码？,,光明日报·理论版,https://theory.gmw.cn/2025-12/23/content_38492948.htm,2026-08-30 22:32:27
news,光明日报·理论版,光明日报·理论版,,微视频：中国故事怎么讲？,,光明日报·理论版,https://theory.gmw.cn/2025-12/22/content_38490383.htm,2026-08-30 22:32:27
news,光明日报·理论版,光明日报·理论版,,微视频：宋锦如何“活”在当下？,,光明日报·理论版,https://theory.gmw.cn/2025-12/19/content_38486600.htm,2026-08-30 22:32:27
news,光明日报·理论版,光明日报·理论版,,微视频：千年文脉何以生生不息？,,光明日报·理论版,http://theory.gmw.cn/2025-12/18/content_38484219.htm,2026-08-30 22:32:27
news,光明日报·理论版,光明日报·理论版,,微视频：图书馆何以成为城市的心灵港湾？,,光明日报·理论版,http://theory.gmw.cn/2025-12/17/content_38482014.htm,2026-08-30 22:32:27
news,光明日报·理论版,光明日报·理论版,,微视频：10元票价的苏超为何成为全民派对,,光明日报·理论版,http://theory.gmw.cn/2025-12/16/content_38479459.htm,2026-08-30 22:32:27
news,光明日报·理论版,光明日报·理论版,,“新新三样”扬帆出海,,光明日报·理论版,http://theory.gmw.cn/2026-08/28/content_38969243.htm,2026-08-30 22:32:27
news,光明日报·理论版,光明日报·理论版,,“妈祖”赋能全球气象预警,,光明日报·理论版,https://theory.gmw.cn/2026-08/20/content_38953145.htm,2026-08-30 22:32:27
news,光明日报·理论版,光明日报·理论版,,世界第一！40亿千瓦家底铸牢中国能源底座,,光明日报·理论版,https://theory.gmw.cn/2026-07/31/content_38919621.htm,2026-08-30 22:32:27
news,光明日报·理论版,光明日报·理论版,,数字福建探新路，乘“数”而上正当时,,光明日报·理论版,https://theory.gmw.cn/2026-07/23/content_38902786.htm,2026-08-30 22:32:27
news,光明日报·理论版,光明日报·理论版,,解码数字福建，乘势而上正青春,,光明日报·理论版,https://theory.gmw.cn/2026-07/09/content_38875718.htm,2026-08-30 22:32:27
news,光明日报·理论版,光明日报·理论版,,房子“升级” 日子“上新”,,光明日报·理论版,https://theory.gmw.cn/2026-06/26/content_38850082.htm,2026-08-30 22:32:27
news,光明日报·理论版,光明日报·理论版,,你的钱花在体验上了吗？,,光明日报·理论版,https://theory.gmw.cn/2026-06/11/content_38823502.htm,2026-08-30 22:32:27
news,光明日报·理论版,光明日报·理论版,,看“苏超”，逛“烟火”，换个花样游江苏,,光明日报·理论版,https://theory.gmw.cn/2026-06/05/content_38813506.htm,2026-08-30 22:32:27
news,光明日报·理论版,光明日报·理论版,,这碗米背后，是中国农业的“硬核实力”,,光明日报·理论版,https://theory.gmw.cn/2026-06/05/content_38813504.htm,2026-08-30 22:32:27
news,光明日报·理论版,光明日报·理论版,,假日经济“热”力全开,,光明日报·理论版,https://theory.gmw.cn/2026-05/15/content_38765000.htm,2026-08-30 22:32:27
news,光明日报·理论版,光明日报·理论版,,《习近平关于民政工作论述摘编》出版发行,,光明日报·理论版,https://theory.gmw.cn/2025-10/29/content_38376774.htm,2026-08-30 22:32:27
news,光明日报·理论版,光明日报·理论版,,习近平同志《论坚持全面深化改革》第一卷、第二卷出版发行,,光明日报·理论版,https://theory.gmw.cn/2025-10/29/content_38376742.htm,2026-08-30 22:32:27
news,光明日报·理论版,光明日报·理论版,,《习近平生态文明文选》第一卷出版发行,,光明日报·理论版,https://theory.gmw.cn/2025-10/29/content_38376771.htm,2026-08-30 22:32:27
news,光明日报·理论版,光明日报·理论版,,《习近平新时代中国特色社会主义思想学习论丛》第十一辑至第十五辑出版发行,,光明日报·理论版,https://theory.gmw.cn/2025-10/29/content_38376733.htm,2026-08-30 22:32:27
news,光明日报·理论版,光明日报·理论版,,经济学如何塑造我们的生活,,光明日报·理论版,https://theory.gmw.cn/2025-10/29/content_38373967.htm,2026-08-30 22:32:27
news,光明日报·理论版,光明日报·理论版,,《中国共产党精神史》总序,,光明日报·理论版,https://theory.gmw.cn/2026-05/29/content_38798145.htm,2026-08-30 22:32:27
news,光明日报·理论版,光明日报·理论版,,《树牢正确政绩观》出版发行,,光明日报·理论版,https://theory.gmw.cn/2026-03/01/content_38620547.htm,2026-08-30 22:32:27
news,光明日报·理论版,光明日报·理论版,,中国国际关系史研究百年,,光明日报·理论版,https://theory.gmw.cn/2025-12/01/content_38451281.htm,2026-08-30 22:32:27
news,光明日报·理论版,光明日报·理论版,,习近平党建思想理论研讨会,,光明日报·理论版,https://theory.gmw.cn/2026-07/10/content_38878904.htm,2026-08-30 22:32:27
news,光明日报·理论版,光明日报·理论版,,发展中国家国家治理高端智库论坛举办,,光明日报·理论版,https://theory.gmw.cn/2026-06/26/content_38851339.htm,2026-08-30 22:32:27
news,光明日报·理论版,光明日报·理论版,,深化党的创新理论的原理性成果研究,,光明日报·理论版,https://theory.gmw.cn/2026-06/12/content_38825126.htm,2026-08-30 22:32:27
news,光明日报·理论版,光明日报·理论版,,马克思主义理论学科自主知识体系建设,,光明日报·理论版,https://theory.gmw.cn/2026-06/10/content_38821382.htm,2026-08-30 22:32:27
news,光明日报·理论版,光明日报·理论版,,“生态文明学术周2026”系列学术活动,,光明日报·理论版,https://theory.gmw.cn/2026-06/05/content_38813860.htm,2026-08-30 22:32:27
news,光明日报·理论版,光明日报·理论版,,不断开创新时代中国史学新局面,,光明日报·理论版,https://theory.gmw.cn/2026-06/04/content_38811912.htm,2026-08-30 22:32:27
news,光明日报·理论版,光明日报·理论版,,“自主知识体系与文化自信”理论研讨会,,光明日报·理论版,https://theory.gmw.cn/2026-05/20/content_38777585.htm,2026-08-30 22:32:27
news,光明日报·理论版,光明日报·理论版,,理响中国·薪火“燃”青春,,光明日报·理论版,https://topics.gmw.cn/node_168473.htm,2026-08-30 22:32:27
news,光明日报·理论版,光明日报·理论版,,“理响中国·铿锵有理|在改革开放中开辟广阔前景暨党校公开课第十二季”,,光明日报·理论版,https://topics.gmw.cn/node_161185.htm,2026-08-30 22:32:27
news,光明日报·理论版,光明日报·理论版,,“理响中国”理论融媒体精品征集展播活动,,光明日报·理论版,https://topics.gmw.cn/node_157830.htm,2026-08-30 22:32:27
news,光明日报·理论版,光明日报·理论版,,把中国式现代化的美好图景变为现实,,光明日报·理论版,https://topics.gmw.cn/node_161019.htm,2026-08-30 22:32:27
news,光明日报·理论版,光明日报·理论版,,理响中国·实践新论,,光明日报·理论版,https://topics.gmw.cn/node_155991.htm,2026-08-30 22:32:27
news,光明日报·理论版,光明日报·理论版,,理响中国之理响新征程,,光明日报·理论版,https://topics.gmw.cn/node_153434.htm,2026-08-30 22:32:27
news,光明日报·理论版,光明日报·理论版,,时代青音·理论学者助力计划,,光明日报·理论版,https://topics.gmw.cn/node_153372.htm,2026-08-30 22:32:27
news,光明日报·理论版,光明日报·理论版,,人民网理论频道,,光明日报·理论版,http://theory.people.com.cn/,2026-08-30 22:32:27
news,光明日报·理论版,光明日报·理论版,,新华网理论频道,,光明日报·理论版,http://www.xinhuanet.com/politics/xhll.htm,2026-08-30 22:32:27
news,光明日报·理论版,光明日报·理论版,,中国社会科学网,,光明日报·理论版,http://www.cssn.cn/,2026-08-30 22:32:27
news,光明日报·理论版,光明日报·理论版,,南方网理论频道,,光明日报·理论版,http://theory.southcn.com/,2026-08-30 22:32:27
news,光明日报·理论版,光明日报·理论版,,齐鲁网理论频道,,光明日报·理论版,http://theory.iqilu.com/,2026-08-30 22:32:27
news,光明日报·理论版,光明日报·理论版,,宣讲家网,,光明日报·理论版,http://www.71.cn/,2026-08-30 22:32:27
news,光明日报·理论版,光明日报·理论版,,大众网理论频道,,光明日报·理论版,http://www.dzllzg.com/,2026-08-30 22:32:27
news,光明日报·理论版,光明日报·理论版,,https://iwaes.gmw.cn,,光明日报·理论版,https://iwaes.gmw.cn,2026-08-30 22:32:27
news,光明日报·理论版,光明日报·理论版,,gmwll@gmw.cn,,光明日报·理论版,mailto:gmwll@gmw.cn,2026-08-30 22:32:27
news,光明日报·理论版,光明日报·理论版,,手机光明网,,光明日报·理论版,https://m.gmw.cn/,2026-08-30 22:32:27
news,光明日报·理论版,光明日报·理论版,,光明日报社概况,,光明日报·理论版,https://about.gmw.cn/node_21441.htm,2026-08-30 22:32:27
news,光明日报·理论版,光明日报·理论版,,光明网邮箱,,光明日报·理论版,https://mail.gmw.cn/,2026-08-30 22:32:27
news,光明日报·理论版,光明日报·理论版,,光明网专论,,光明日报·理论版,https://theory.gmw.cn/node_97034.htm,2026-08-31 22:32:17
news,光明日报·理论版,光明日报·理论版,,大力推进科技创新 积极培育和发展新质生产力,,光明日报·理论版,https://news.gmw.cn/2026-08/27/content_38966316.htm,2026-08-31 22:32:17
news,光明日报·理论版,光明日报·理论版,,抢抓人工智能发展历史机遇,,光明日报·理论版,https://news.gmw.cn/2026-08/25/content_38961569.htm,2026-08-31 22:32:17
news,光明日报·理论版,光明日报·理论版,,加快推进数智技术赋能高校文化出海,,光明日报·理论版,https://news.gmw.cn/2026-08/25/content_38961689.htm,2026-08-31 22:32:17
news,光明日报·理论版,光明日报·理论版,,数智技术赋能文化遗产保护传承,,光明日报·理论版,https://news.gmw.cn/2026-08/25/content_38961720.htm,2026-08-31 22:32:17
news,光明日报·理论版,光明日报·理论版,,江泽民有关社会建设系列论述的理论内涵与时代价值,,光明日报·理论版,https://theory.gmw.cn/2026-08/19/content_38951390.htm,2026-08-31 22:32:17
news,光明日报·理论版,光明日报·理论版,,首份消费领域国家级专项规划的战略深意,,光明日报·理论版,https://theory.gmw.cn/2026-08/04/content_38925645.htm,2026-08-31 22:32:17
news,光明日报·理论版,光明日报·理论版,,跨越文化间距 全面提升国际传播效能,,光明日报·理论版,https://theory.gmw.cn/2026-04/09/content_38697892.htm,2026-08-31 22:32:17
news,光明日报·理论版,光明日报·理论版,,“理响中国·文化旗帜”党校公开课第14季,,光明日报·理论版,https://topics.gmw.cn/node_166993.htm,2026-08-31 22:32:17
news,光明日报·理论版,光明日报·理论版,,理响中国·铿锵有理|经济向好有底气,,光明日报·理论版,https://topics.gmw.cn/node_166533.htm,2026-08-31 22:32:17
news,光明日报·理论版,光明日报·理论版,,人文经济学,,光明日报·理论版,https://topics.gmw.cn/node_165153.htm,2026-08-31 22:32:17
news,光明日报·理论版,光明日报·理论版,,理响中国·春江水暖鸭先知,,光明日报·理论版,https://topics.gmw.cn/node_164576.htm,2026-08-31 22:32:17
news,光明日报·理论版,光明日报·理论版,,把中国式现代化美好图景变为现实,,光明日报·理论版,https://topics.gmw.cn/node_161019.htm,2026-08-31 22:32:17
news,光明日报·理论版,光明日报·理论版,,在改革开放中开辟广阔前景,,光明日报·理论版,https://topics.gmw.cn/node_161185.htm,2026-08-31 22:32:17
news,光明日报·理论版,光明日报·理论版,,从“一出戏”到“一座城”，演艺新空间培育消费新动能,,光明日报·理论版,https://theory.gmw.cn/2026-08/14/content_38943596.htm,2026-08-31 22:32:17
news,光明日报·理论版,光明日报·理论版,,高标准劳动力市场体系支撑未来产业培育,,光明日报·理论版,https://theory.gmw.cn/2026-06/23/content_38843308.htm,2026-08-31 22:32:17
news,光明日报·理论版,光明日报·理论版,,AI时代的就业政策重在“组合拳”,,光明日报·理论版,https://theory.gmw.cn/2026-06/10/content_38821275.htm,2026-08-31 22:32:17
news,光明日报·理论版,光明日报·理论版,,推动城市低空经济安全可持续发展,,光明日报·理论版,https://theory.gmw.cn/2026-06/01/content_38804681.htm,2026-08-31 22:32:17
news,光明日报·理论版,光明日报·理论版,,旅居热潮背后的消费新蓝海,,光明日报·理论版,https://theory.gmw.cn/2026-05/20/content_38777128.htm,2026-08-31 22:32:17
news,光明日报·理论版,光明日报·理论版,,全球发展倡议作出了重要贡献,,光明日报·理论版,https://theory.gmw.cn/2026-08/31/content_38975944.htm,2026-08-31 22:32:17
news,光明日报·理论版,光明日报·理论版,,[详情],,光明日报·理论版,https://theory.gmw.cn/2026-08/31/content_38975944.htm,2026-08-31 22:32:17
news,光明日报·理论版,光明日报·理论版,,我国经济转入高质量发展轨道,,光明日报·理论版,https://theory.gmw.cn/2026-08/28/content_38969959.htm,2026-08-31 22:32:17
news,光明日报·理论版,光明日报·理论版,,要促进新质生产力发展,,光明日报·理论版,https://theory.gmw.cn/2026-08/27/content_38967509.htm,2026-08-31 22:32:17
news,光明日报·理论版,光明日报·理论版,,固根基守正道 破藩篱开新局,,光明日报·理论版,https://theory.gmw.cn/2026-08/12/content_38940220.htm,2026-08-31 22:32:17
news,光明日报·理论版,光明日报·理论版,,[详情],,光明日报·理论版,https://theory.gmw.cn/2026-08/12/content_38940220.htm,2026-08-31 22:32:17
news,光明日报·理论版,光明日报·理论版,,从学者到主讲人,,光明日报·理论版,https://theory.gmw.cn/2026-08/31/content_38975902.htm,2026-08-31 22:32:17
news,光明日报·理论版,光明日报·理论版,,“新新三样”扬帆出海,,光明日报·理论版,https://theory.gmw.cn/2026-08/28/content_38969243.htm,2026-08-31 22:32:17
news,光明日报·理论版,光明日报·理论版,,政治话语如何“转译”成大众话语,,光明日报·理论版,https://theory.gmw.cn/2026-08/28/content_38968059.htm,2026-08-31 22:32:17
news,光明日报·理论版,光明日报·理论版,,党的创新理论阐释的新大众文艺路径,,光明日报·理论版,https://theory.gmw.cn/2026-08/26/content_38965300.htm,2026-08-31 22:32:17
news,光明日报·理论版,光明日报·理论版,,什么样的选题能“出圈”,,光明日报·理论版,https://theory.gmw.cn/2026-08/25/content_38963283.htm,2026-08-31 22:32:17
news,光明日报·理论版,光明日报·理论版,,“十五五”看着大，其实就在身边,,光明日报·理论版,https://theory.gmw.cn/2026-08/21/content_38954309.htm,2026-08-31 22:32:17
news,光明日报·理论版,光明日报·理论版,,全球发展倡议：中国实践与世界贡献,,光明日报·理论版,https://news.gmw.cn/2026-08/31/content_38974391.htm,2026-08-31 22:32:17
news,光明日报·理论版,光明日报·理论版,,数智技术赋能新时代公民道德建设,,光明日报·理论版,https://news.gmw.cn/2026-08/31/content_38974362.htm,2026-08-31 22:32:17
news,光明日报·理论版,光明日报·理论版,,百年变局下的帝国主义发展新态势,,光明日报·理论版,https://news.gmw.cn/2026-08/28/content_38968848.htm,2026-08-31 22:32:17
news,光明日报·理论版,光明日报·理论版,,数字帝国主义资本输出的政治经济学批判,,光明日报·理论版,https://news.gmw.cn/2026-08/28/content_38968847.htm,2026-08-31 22:32:17
news,光明日报·理论版,光明日报·理论版,,列宁《帝国主义论》的理论贡献与当代价值,,光明日报·理论版,https://news.gmw.cn/2026-08/28/content_38968846.htm,2026-08-31 22:32:17
news,光明日报·理论版,光明日报·理论版,,推进国家治理学知识体系构建,,光明日报·理论版,https://news.gmw.cn/2026-08/28/content_38968845.htm,2026-08-31 22:32:17
news,光明日报·理论版,光明日报·理论版,,推动文化服务业优质高效发展,,光明日报·理论版,https://news.gmw.cn/2026-08/28/content_38968791.htm,2026-08-31 22:32:17
news,光明日报·理论版,光明日报·理论版,,聚力优势产业，打造北京“运河水岸经济带”,,光明日报·理论版,https://theory.gmw.cn/2026-08/26/content_38965057.htm,2026-08-31 22:32:17
news,光明日报·理论版,光明日报·理论版,,什么样的选题能“出圈”,,光明日报·理论版,https://theory.gmw.cn/2026-08/27/content_38967933.htm,2026-08-31 22:32:17
news,光明日报·理论版,光明日报·理论版,,共建美美与共的文明百花园,,光明日报·理论版,http://theory.gmw.cn/2025-11/18/content_38406071.htm,2026-08-31 22:32:17
news,光明日报·理论版,光明日报·理论版,,展现可信、可爱、可敬的中国形象,,光明日报·理论版,http://theory.gmw.cn/2025-11/17/content_38406072.htm,2026-08-31 22:32:17
news,光明日报·理论版,光明日报·理论版,,守护好中华民族的文化瑰宝,,光明日报·理论版,http://theory.gmw.cn/2025-11/14/content_38406067.htm,2026-08-31 22:32:17
news,光明日报·理论版,光明日报·理论版,,把最好的精神食粮奉献给人民,,光明日报·理论版,http://theory.gmw.cn/2025-11/13/content_38406038.htm,2026-08-31 22:32:17
news,光明日报·理论版,光明日报·理论版,,唱响主旋律、弘扬正能量,,光明日报·理论版,http://theory.gmw.cn/2025-11/12/content_38406039.htm,2026-08-31 22:32:17
news,光明日报·理论版,光明日报·理论版,,王延中：弘扬社会主义核心价值观 铸牢中华民族共同体意识,,光明日报·理论版,https://news.gmw.cn/2026-08/16/content_38945716.htm,2026-08-31 22:32:17
news,光明日报·理论版,光明日报·理论版,,刘景凤：大力弘扬工匠精神 勇担技能报国使命,,光明日报·理论版,https://news.gmw.cn/2026-07/01/content_38860037.htm,2026-08-31 22:32:17
news,光明日报·理论版,光明日报·理论版,,彭凤莲：从六尺巷看中国传统礼让文化的当代价值,,光明日报·理论版,https://news.gmw.cn/2026-05/29/content_38796471.htm,2026-08-31 22:32:17
news,光明日报·理论版,光明日报·理论版,,朱杰人：从“第二个结合”看朱子理学的敬业之道,,光明日报·理论版,https://news.gmw.cn/2026-03/28/content_38675961.htm,2026-08-31 22:32:17
news,光明日报·理论版,光明日报·理论版,,蒋乾麟：以雷锋精神引导青少年成长成才,,光明日报·理论版,https://news.gmw.cn/2026-03/21/content_38660607.htm,2026-08-31 22:32:17
news,光明日报·理论版,光明日报·理论版,,向 勇：坚持以核心价值观为引领 推动文化和科技融合发展,,光明日报·理论版,https://news.gmw.cn/2026-01/06/content_38520301.htm,2026-08-31 22:32:17
news,光明日报·理论版,光明日报·理论版,,文史科教,,光明日报·理论版,https://theory.gmw.cn/node_10141.htm,2026-08-31 22:32:17
news,光明日报·理论版,光明日报·理论版,,国际关系,,光明日报·理论版,https://theory.gmw.cn/node_10139.htm,2026-08-31 22:32:17
news,光明日报·理论版,光明日报·理论版,,经济社会,,光明日报·理论版,https://theory.gmw.cn/node_10145.htm,2026-08-31 22:32:17
news,光明日报·理论版,光明日报·理论版,,党建政治,,光明日报·理论版,https://theory.gmw.cn/node_4227.htm,2026-08-31 22:32:17
news,光明日报·理论版,光明日报·理论版,,理论综合,,光明日报·理论版,https://theory.gmw.cn/node_4403.htm,2026-08-31 22:32:17
news,光明日报·理论版,光明日报·理论版,,论人文经济学的核心范畴和基本范畴,,光明日报·理论版,https://theory.gmw.cn/2026-08/31/content_38975634.htm,2026-08-31 22:32:17
news,光明日报·理论版,光明日报·理论版,,夯实具身智能发展的人才根基,,光明日报·理论版,https://theory.gmw.cn/2026-08/31/content_38975211.htm,2026-08-31 22:32:17
news,光明日报·理论版,光明日报·理论版,,为强国建设培养更多“会创造的人”,,光明日报·理论版,https://theory.gmw.cn/2026-08/28/content_38969271.htm,2026-08-31 22:32:17
news,光明日报·理论版,光明日报·理论版,,以丰富国际公共产品供给引领人工智能全球治理,,光明日报·理论版,https://theory.gmw.cn/2026-08/20/content_38952708.htm,2026-08-31 22:32:17
news,光明日报·理论版,光明日报·理论版,,为携手构建公正合理的全球人工智能治理体系贡献中国方案,,光明日报·理论版,https://theory.gmw.cn/2026-08/20/content_38952620.htm,2026-08-31 22:32:17
news,光明日报·理论版,光明日报·理论版,,人工智能何以向上向善,,光明日报·理论版,https://theory.gmw.cn/2026-08/19/content_38950749.htm,2026-08-31 22:32:17
news,光明日报·理论版,光明日报·理论版,,文明互鉴助力人类共同发展,,光明日报·理论版,https://theory.gmw.cn/2026-08/28/content_38969226.htm,2026-08-31 22:32:17
news,光明日报·理论版,光明日报·理论版,,落实四大全球倡议 推进人工智能全球治理,,光明日报·理论版,https://theory.gmw.cn/2026-08/26/content_38964530.htm,2026-08-31 22:32:17
news,光明日报·理论版,光明日报·理论版,,中国引领人工智能全球治理的三重路径,,光明日报·理论版,https://theory.gmw.cn/2026-08/26/content_38964343.htm,2026-08-31 22:32:17
news,光明日报·理论版,光明日报·理论版,,持续稳步推进金砖合作机制建设,,光明日报·理论版,https://theory.gmw.cn/2026-08/21/content_38955689.htm,2026-08-31 22:32:17
news,光明日报·理论版,光明日报·理论版,,跨域共构：破除国际关系本土概念传播羁绊,,光明日报·理论版,https://theory.gmw.cn/2026-08/20/content_38953942.htm,2026-08-31 22:32:17
news,光明日报·理论版,光明日报·理论版,,全球文明倡议的内涵与底蕴,,光明日报·理论版,https://theory.gmw.cn/2026-08/20/content_38952749.htm,2026-08-31 22:32:17
news,光明日报·理论版,光明日报·理论版,,推动三类产业相得益彰而非优胜劣汰,,光明日报·理论版,https://theory.gmw.cn/2026-08/31/content_38975245.htm,2026-08-31 22:32:17
news,光明日报·理论版,光明日报·理论版,,在现代化产业体系中形成全面竞争优势,,光明日报·理论版,https://theory.gmw.cn/2026-08/31/content_38975220.htm,2026-08-31 22:32:17
news,光明日报·理论版,光明日报·理论版,,数据库升级筑牢数字经济底座,,光明日报·理论版,https://theory.gmw.cn/2026-08/31/content_38975209.htm,2026-08-31 22:32:17
news,光明日报·理论版,光明日报·理论版,,在鼓励勤劳致富中促进共同富裕,,光明日报·理论版,https://theory.gmw.cn/2026-08/31/content_38975142.htm,2026-08-31 22:32:17
news,光明日报·理论版,光明日报·理论版,,观察中国经济需要长周期视角,,光明日报·理论版,https://theory.gmw.cn/2026-08/28/content_38969552.htm,2026-08-31 22:32:17
news,光明日报·理论版,光明日报·理论版,,推动人文经济高质量发展,,光明日报·理论版,https://theory.gmw.cn/2026-08/28/content_38969241.htm,2026-08-31 22:32:17
news,光明日报·理论版,光明日报·理论版,,在国际比较中把握全过程人民民主的实践特征与实践绩效,,光明日报·理论版,https://theory.gmw.cn/2026-08/28/content_38969233.htm,2026-08-31 22:32:17
news,光明日报·理论版,光明日报·理论版,,生态环境法典蕴含深邃的辩证思维,,光明日报·理论版,https://theory.gmw.cn/2026-08/28/content_38969249.htm,2026-08-31 22:32:17
news,光明日报·理论版,光明日报·理论版,,以大历史观破除历史虚无主义思想迷雾,,光明日报·理论版,https://theory.gmw.cn/2026-08/27/content_38966790.htm,2026-08-31 22:32:17
news,光明日报·理论版,光明日报·理论版,,推进“丝路海运”港航贸一体化发展,,光明日报·理论版,https://theory.gmw.cn/2026-08/27/content_38966768.htm,2026-08-31 22:32:17
news,光明日报·理论版,光明日报·理论版,,搭建中国刑事诉讼法学自主知识体系的“四梁八柱”,,光明日报·理论版,https://theory.gmw.cn/2026-08/27/content_38966765.htm,2026-08-31 22:32:17
news,光明日报·理论版,光明日报·理论版,,以高度历史主动加强新时代党的建设,,光明日报·理论版,https://theory.gmw.cn/2026-08/25/content_38962341.htm,2026-08-31 22:32:17
news,光明日报·理论版,光明日报·理论版,,深刻把握高质量发展的理论内涵,,光明日报·理论版,https://theory.gmw.cn/2026-08/31/content_38975253.htm,2026-08-31 22:32:17
news,光明日报·理论版,光明日报·理论版,,让现代化建设成果更多更公平惠及全体人民,,光明日报·理论版,https://theory.gmw.cn/2026-08/31/content_38975173.htm,2026-08-31 22:32:17
news,光明日报·理论版,光明日报·理论版,,发挥廉洁文化浸润作用的路径选择,,光明日报·理论版,https://theory.gmw.cn/2026-08/28/content_38969869.htm,2026-08-31 22:32:17
news,光明日报·理论版,光明日报·理论版,,深刻把握投资于物和投资于人的辩证统一,,光明日报·理论版,https://theory.gmw.cn/2026-08/24/content_38959676.htm,2026-08-31 22:32:17
news,光明日报·理论版,光明日报·理论版,,聚焦生动实践回应理论关切,,光明日报·理论版,https://theory.gmw.cn/2026-08/19/content_38950639.htm,2026-08-31 22:32:17
news,光明日报·理论版,光明日报·理论版,,支持基础研究贵在长期稳定,,光明日报·理论版,https://theory.gmw.cn/2026-08/19/content_38950570.htm,2026-08-31 22:32:17
news,光明日报·理论版,光明日报·理论版,,微视频：“村”字号火爆全球魅力何在,,光明日报·理论版,https://theory.gmw.cn/2026-01/02/content_38554039.htm,2026-08-31 22:32:17
news,光明日报·理论版,光明日报·理论版,,微视频：文明交响曲：每个声部都精彩,,光明日报·理论版,https://theory.gmw.cn/2026-01/01/content_38553863.htm,2026-08-31 22:32:17
news,光明日报·理论版,光明日报·理论版,,微视频：China Travel为啥成了流量密码？,,光明日报·理论版,https://theory.gmw.cn/2025-12/23/content_38492948.htm,2026-08-31 22:32:17
news,光明日报·理论版,光明日报·理论版,,微视频：中国故事怎么讲？,,光明日报·理论版,https://theory.gmw.cn/2025-12/22/content_38490383.htm,2026-08-31 22:32:17
news,光明日报·理论版,光明日报·理论版,,微视频：宋锦如何“活”在当下？,,光明日报·理论版,https://theory.gmw.cn/2025-12/19/content_38486600.htm,2026-08-31 22:32:17
news,光明日报·理论版,光明日报·理论版,,微视频：千年文脉何以生生不息？,,光明日报·理论版,http://theory.gmw.cn/2025-12/18/content_38484219.htm,2026-08-31 22:32:17
news,光明日报·理论版,光明日报·理论版,,微视频：图书馆何以成为城市的心灵港湾？,,光明日报·理论版,http://theory.gmw.cn/2025-12/17/content_38482014.htm,2026-08-31 22:32:17
news,光明日报·理论版,光明日报·理论版,,微视频：10元票价的苏超为何成为全民派对,,光明日报·理论版,http://theory.gmw.cn/2025-12/16/content_38479459.htm,2026-08-31 22:32:17
news,光明日报·理论版,光明日报·理论版,,“新新三样”扬帆出海,,光明日报·理论版,http://theory.gmw.cn/2026-08/28/content_38969243.htm,2026-08-31 22:32:17
news,光明日报·理论版,光明日报·理论版,,“妈祖”赋能全球气象预警,,光明日报·理论版,https://theory.gmw.cn/2026-08/20/content_38953145.htm,2026-08-31 22:32:17
news,光明日报·理论版,光明日报·理论版,,世界第一！40亿千瓦家底铸牢中国能源底座,,光明日报·理论版,https://theory.gmw.cn/2026-07/31/content_38919621.htm,2026-08-31 22:32:17
news,光明日报·理论版,光明日报·理论版,,数字福建探新路，乘“数”而上正当时,,光明日报·理论版,https://theory.gmw.cn/2026-07/23/content_38902786.htm,2026-08-31 22:32:17
news,光明日报·理论版,光明日报·理论版,,解码数字福建，乘势而上正青春,,光明日报·理论版,https://theory.gmw.cn/2026-07/09/content_38875718.htm,2026-08-31 22:32:17
news,光明日报·理论版,光明日报·理论版,,房子“升级” 日子“上新”,,光明日报·理论版,https://theory.gmw.cn/2026-06/26/content_38850082.htm,2026-08-31 22:32:17
news,光明日报·理论版,光明日报·理论版,,你的钱花在体验上了吗？,,光明日报·理论版,https://theory.gmw.cn/2026-06/11/content_38823502.htm,2026-08-31 22:32:17
news,光明日报·理论版,光明日报·理论版,,看“苏超”，逛“烟火”，换个花样游江苏,,光明日报·理论版,https://theory.gmw.cn/2026-06/05/content_38813506.htm,2026-08-31 22:32:17
news,光明日报·理论版,光明日报·理论版,,这碗米背后，是中国农业的“硬核实力”,,光明日报·理论版,https://theory.gmw.cn/2026-06/05/content_38813504.htm,2026-08-31 22:32:17
news,光明日报·理论版,光明日报·理论版,,假日经济“热”力全开,,光明日报·理论版,https://theory.gmw.cn/2026-05/15/content_38765000.htm,2026-08-31 22:32:17
news,光明日报·理论版,光明日报·理论版,,《习近平关于民政工作论述摘编》出版发行,,光明日报·理论版,https://theory.gmw.cn/2025-10/29/content_38376774.htm,2026-08-31 22:32:17
news,光明日报·理论版,光明日报·理论版,,习近平同志《论坚持全面深化改革》第一卷、第二卷出版发行,,光明日报·理论版,https://theory.gmw.cn/2025-10/29/content_38376742.htm,2026-08-31 22:32:17
news,光明日报·理论版,光明日报·理论版,,《习近平生态文明文选》第一卷出版发行,,光明日报·理论版,https://theory.gmw.cn/2025-10/29/content_38376771.htm,2026-08-31 22:32:17
news,光明日报·理论版,光明日报·理论版,,《习近平新时代中国特色社会主义思想学习论丛》第十一辑至第十五辑出版发行,,光明日报·理论版,https://theory.gmw.cn/2025-10/29/content_38376733.htm,2026-08-31 22:32:17
news,光明日报·理论版,光明日报·理论版,,经济学如何塑造我们的生活,,光明日报·理论版,https://theory.gmw.cn/2025-10/29/content_38373967.htm,2026-08-31 22:32:17
news,光明日报·理论版,光明日报·理论版,,《中国共产党精神史》总序,,光明日报·理论版,https://theory.gmw.cn/2026-05/29/content_38798145.htm,2026-08-31 22:32:17
news,光明日报·理论版,光明日报·理论版,,《树牢正确政绩观》出版发行,,光明日报·理论版,https://theory.gmw.cn/2026-03/01/content_38620547.htm,2026-08-31 22:32:17
news,光明日报·理论版,光明日报·理论版,,中国国际关系史研究百年,,光明日报·理论版,https://theory.gmw.cn/2025-12/01/content_38451281.htm,2026-08-31 22:32:17
news,光明日报·理论版,光明日报·理论版,,习近平党建思想理论研讨会,,光明日报·理论版,https://theory.gmw.cn/2026-07/10/content_38878904.htm,2026-08-31 22:32:17
news,光明日报·理论版,光明日报·理论版,,发展中国家国家治理高端智库论坛举办,,光明日报·理论版,https://theory.gmw.cn/2026-06/26/content_38851339.htm,2026-08-31 22:32:17
news,光明日报·理论版,光明日报·理论版,,深化党的创新理论的原理性成果研究,,光明日报·理论版,https://theory.gmw.cn/2026-06/12/content_38825126.htm,2026-08-31 22:32:17
news,光明日报·理论版,光明日报·理论版,,马克思主义理论学科自主知识体系建设,,光明日报·理论版,https://theory.gmw.cn/2026-06/10/content_38821382.htm,2026-08-31 22:32:17
news,光明日报·理论版,光明日报·理论版,,“生态文明学术周2026”系列学术活动,,光明日报·理论版,https://theory.gmw.cn/2026-06/05/content_38813860.htm,2026-08-31 22:32:17
news,光明日报·理论版,光明日报·理论版,,不断开创新时代中国史学新局面,,光明日报·理论版,https://theory.gmw.cn/2026-06/04/content_38811912.htm,2026-08-31 22:32:17
news,光明日报·理论版,光明日报·理论版,,“自主知识体系与文化自信”理论研讨会,,光明日报·理论版,https://theory.gmw.cn/2026-05/20/content_38777585.htm,2026-08-31 22:32:17
news,光明日报·理论版,光明日报·理论版,,理响中国·薪火“燃”青春,,光明日报·理论版,https://topics.gmw.cn/node_168473.htm,2026-08-31 22:32:17
news,光明日报·理论版,光明日报·理论版,,“理响中国·铿锵有理|在改革开放中开辟广阔前景暨党校公开课第十二季”,,光明日报·理论版,https://topics.gmw.cn/node_161185.htm,2026-08-31 22:32:17
news,光明日报·理论版,光明日报·理论版,,“理响中国”理论融媒体精品征集展播活动,,光明日报·理论版,https://topics.gmw.cn/node_157830.htm,2026-08-31 22:32:17
news,光明日报·理论版,光明日报·理论版,,把中国式现代化的美好图景变为现实,,光明日报·理论版,https://topics.gmw.cn/node_161019.htm,2026-08-31 22:32:17
news,光明日报·理论版,光明日报·理论版,,理响中国·实践新论,,光明日报·理论版,https://topics.gmw.cn/node_155991.htm,2026-08-31 22:32:17
news,光明日报·理论版,光明日报·理论版,,理响中国之理响新征程,,光明日报·理论版,https://topics.gmw.cn/node_153434.htm,2026-08-31 22:32:17
news,光明日报·理论版,光明日报·理论版,,时代青音·理论学者助力计划,,光明日报·理论版,https://topics.gmw.cn/node_153372.htm,2026-08-31 22:32:17
news,光明日报·理论版,光明日报·理论版,,人民网理论频道,,光明日报·理论版,http://theory.people.com.cn/,2026-08-31 22:32:17
news,光明日报·理论版,光明日报·理论版,,新华网理论频道,,光明日报·理论版,http://www.xinhuanet.com/politics/xhll.htm,2026-08-31 22:32:17
news,光明日报·理论版,光明日报·理论版,,中国社会科学网,,光明日报·理论版,http://www.cssn.cn/,2026-08-31 22:32:17
news,光明日报·理论版,光明日报·理论版,,南方网理论频道,,光明日报·理论版,http://theory.southcn.com/,2026-08-31 22:32:17
news,光明日报·理论版,光明日报·理论版,,齐鲁网理论频道,,光明日报·理论版,http://theory.iqilu.com/,2026-08-31 22:32:17
news,光明日报·理论版,光明日报·理论版,,宣讲家网,,光明日报·理论版,http://www.71.cn/,2026-08-31 22:32:17
news,光明日报·理论版,光明日报·理论版,,大众网理论频道,,光明日报·理论版,http://www.dzllzg.com/,2026-08-31 22:32:17
news,光明日报·理论版,光明日报·理论版,,https://iwaes.gmw.cn,,光明日报·理论版,https://iwaes.gmw.cn,2026-08-31 22:32:17
news,光明日报·理论版,光明日报·理论版,,gmwll@gmw.cn,,光明日报·理论版,mailto:gmwll@gmw.cn,2026-08-31 22:32:17
news,光明日报·理论版,光明日报·理论版,,手机光明网,,光明日报·理论版,https://m.gmw.cn/,2026-08-31 22:32:17
news,光明日报·理论版,光明日报·理论版,,光明日报社概况,,光明日报·理论版,https://about.gmw.cn/node_21441.htm,2026-08-31 22:32:17
news,光明日报·理论版,光明日报·理论版,,光明网邮箱,,光明日报·理论版,https://mail.gmw.cn/,2026-08-31 22:32:17
news,光明日报·理论版,光明日报·理论版,,光明网专论,,光明日报·理论版,https://theory.gmw.cn/node_97034.htm,2026-09-01 22:34:26
news,光明日报·理论版,光明日报·理论版,,大力推进科技创新 积极培育和发展新质生产力,,光明日报·理论版,https://news.gmw.cn/2026-08/27/content_38966316.htm,2026-09-01 22:34:26
news,光明日报·理论版,光明日报·理论版,,抢抓人工智能发展历史机遇,,光明日报·理论版,https://news.gmw.cn/2026-08/25/content_38961569.htm,2026-09-01 22:34:26
news,光明日报·理论版,光明日报·理论版,,加快推进数智技术赋能高校文化出海,,光明日报·理论版,https://news.gmw.cn/2026-08/25/content_38961689.htm,2026-09-01 22:34:26
news,光明日报·理论版,光明日报·理论版,,数智技术赋能文化遗产保护传承,,光明日报·理论版,https://news.gmw.cn/2026-08/25/content_38961720.htm,2026-09-01 22:34:26
news,光明日报·理论版,光明日报·理论版,,江泽民有关社会建设系列论述的理论内涵与时代价值,,光明日报·理论版,https://theory.gmw.cn/2026-08/19/content_38951390.htm,2026-09-01 22:34:26
news,光明日报·理论版,光明日报·理论版,,首份消费领域国家级专项规划的战略深意,,光明日报·理论版,https://theory.gmw.cn/2026-08/04/content_38925645.htm,2026-09-01 22:34:26
news,光明日报·理论版,光明日报·理论版,,跨越文化间距 全面提升国际传播效能,,光明日报·理论版,https://theory.gmw.cn/2026-04/09/content_38697892.htm,2026-09-01 22:34:26
news,光明日报·理论版,光明日报·理论版,,“理响中国·文化旗帜”党校公开课第14季,,光明日报·理论版,https://topics.gmw.cn/node_166993.htm,2026-09-01 22:34:26
news,光明日报·理论版,光明日报·理论版,,理响中国·铿锵有理|经济向好有底气,,光明日报·理论版,https://topics.gmw.cn/node_166533.htm,2026-09-01 22:34:26
news,光明日报·理论版,光明日报·理论版,,人文经济学,,光明日报·理论版,https://topics.gmw.cn/node_165153.htm,2026-09-01 22:34:26
news,光明日报·理论版,光明日报·理论版,,理响中国·春江水暖鸭先知,,光明日报·理论版,https://topics.gmw.cn/node_164576.htm,2026-09-01 22:34:26
news,光明日报·理论版,光明日报·理论版,,把中国式现代化美好图景变为现实,,光明日报·理论版,https://topics.gmw.cn/node_161019.htm,2026-09-01 22:34:26
news,光明日报·理论版,光明日报·理论版,,在改革开放中开辟广阔前景,,光明日报·理论版,https://topics.gmw.cn/node_161185.htm,2026-09-01 22:34:26
news,光明日报·理论版,光明日报·理论版,,从“一出戏”到“一座城”，演艺新空间培育消费新动能,,光明日报·理论版,https://theory.gmw.cn/2026-08/14/content_38943596.htm,2026-09-01 22:34:26
news,光明日报·理论版,光明日报·理论版,,高标准劳动力市场体系支撑未来产业培育,,光明日报·理论版,https://theory.gmw.cn/2026-06/23/content_38843308.htm,2026-09-01 22:34:26
news,光明日报·理论版,光明日报·理论版,,AI时代的就业政策重在“组合拳”,,光明日报·理论版,https://theory.gmw.cn/2026-06/10/content_38821275.htm,2026-09-01 22:34:26
news,光明日报·理论版,光明日报·理论版,,推动城市低空经济安全可持续发展,,光明日报·理论版,https://theory.gmw.cn/2026-06/01/content_38804681.htm,2026-09-01 22:34:26
news,光明日报·理论版,光明日报·理论版,,旅居热潮背后的消费新蓝海,,光明日报·理论版,https://theory.gmw.cn/2026-05/20/content_38777128.htm,2026-09-01 22:34:26
news,光明日报·理论版,光明日报·理论版,,要积极促进区域联动发展,,光明日报·理论版,https://theory.gmw.cn/2026-09/01/content_38978698.htm,2026-09-01 22:34:26
news,光明日报·理论版,光明日报·理论版,,[详情],,光明日报·理论版,https://theory.gmw.cn/2026-09/01/content_38978698.htm,2026-09-01 22:34:26
news,光明日报·理论版,光明日报·理论版,,全球发展倡议作出了重要贡献,,光明日报·理论版,https://theory.gmw.cn/2026-08/31/content_38975944.htm,2026-09-01 22:34:26
news,光明日报·理论版,光明日报·理论版,,我国经济转入高质量发展轨道,,光明日报·理论版,https://theory.gmw.cn/2026-08/28/content_38969959.htm,2026-09-01 22:34:26
news,光明日报·理论版,光明日报·理论版,,固根基守正道 破藩篱开新局,,光明日报·理论版,https://theory.gmw.cn/2026-08/12/content_38940220.htm,2026-09-01 22:34:26
news,光明日报·理论版,光明日报·理论版,,[详情],,光明日报·理论版,https://theory.gmw.cn/2026-08/12/content_38940220.htm,2026-09-01 22:34:26
news,光明日报·理论版,光明日报·理论版,,如何让老外读懂“两山”理念,,光明日报·理论版,https://theory.gmw.cn/2026-09/01/content_38977699.htm,2026-09-01 22:34:26
news,光明日报·理论版,光明日报·理论版,,守正创新推进网上理论传播,,光明日报·理论版,https://theory.gmw.cn/2026-09/01/content_38976850.htm,2026-09-01 22:34:26
news,光明日报·理论版,光明日报·理论版,,从学者到主讲人,,光明日报·理论版,https://theory.gmw.cn/2026-08/31/content_38975902.htm,2026-09-01 22:34:26
news,光明日报·理论版,光明日报·理论版,,彰显中外合作办学的时代价值,,光明日报·理论版,https://theory.gmw.cn/2026-08/30/content_38979394.htm,2026-09-01 22:34:26
news,光明日报·理论版,光明日报·理论版,,“新新三样”扬帆出海,,光明日报·理论版,https://theory.gmw.cn/2026-08/28/content_38969243.htm,2026-09-01 22:34:26
news,光明日报·理论版,光明日报·理论版,,政治话语如何“转译”成大众话语,,光明日报·理论版,https://theory.gmw.cn/2026-08/28/content_38968059.htm,2026-09-01 22:34:26
news,光明日报·理论版,光明日报·理论版,,习近平党建思想对世界政党建设的启示,,光明日报·理论版,https://news.gmw.cn/2026-09/01/content_38977416.htm,2026-09-01 22:34:26
news,光明日报·理论版,光明日报·理论版,,强化教育对科技和人才的支撑作用,,光明日报·理论版,https://news.gmw.cn/2026-09/01/content_38977415.htm,2026-09-01 22:34:26
news,光明日报·理论版,光明日报·理论版,,全球发展倡议：中国实践与世界贡献,,光明日报·理论版,https://news.gmw.cn/2026-08/31/content_38974391.htm,2026-09-01 22:34:26
news,光明日报·理论版,光明日报·理论版,,数智技术赋能新时代公民道德建设,,光明日报·理论版,https://news.gmw.cn/2026-08/31/content_38974362.htm,2026-09-01 22:34:26
news,光明日报·理论版,光明日报·理论版,,百年变局下的帝国主义发展新态势,,光明日报·理论版,https://news.gmw.cn/2026-08/28/content_38968848.htm,2026-09-01 22:34:26
news,光明日报·理论版,光明日报·理论版,,数字帝国主义资本输出的政治经济学批判,,光明日报·理论版,https://news.gmw.cn/2026-08/28/content_38968847.htm,2026-09-01 22:34:26
news,光明日报·理论版,光明日报·理论版,,列宁《帝国主义论》的理论贡献与当代价值,,光明日报·理论版,https://news.gmw.cn/2026-08/28/content_38968846.htm,2026-09-01 22:34:26
news,光明日报·理论版,光明日报·理论版,,聚力优势产业，打造北京“运河水岸经济带”,,光明日报·理论版,https://theory.gmw.cn/2026-08/26/content_38965057.htm,2026-09-01 22:34:26
news,光明日报·理论版,光明日报·理论版,,什么样的选题能“出圈”,,光明日报·理论版,https://theory.gmw.cn/2026-08/27/content_38967933.htm,2026-09-01 22:34:26
news,光明日报·理论版,光明日报·理论版,,共建美美与共的文明百花园,,光明日报·理论版,http://theory.gmw.cn/2025-11/18/content_38406071.htm,2026-09-01 22:34:26
news,光明日报·理论版,光明日报·理论版,,展现可信、可爱、可敬的中国形象,,光明日报·理论版,http://theory.gmw.cn/2025-11/17/content_38406072.htm,2026-09-01 22:34:26
news,光明日报·理论版,光明日报·理论版,,守护好中华民族的文化瑰宝,,光明日报·理论版,http://theory.gmw.cn/2025-11/14/content_38406067.htm,2026-09-01 22:34:26
news,光明日报·理论版,光明日报·理论版,,把最好的精神食粮奉献给人民,,光明日报·理论版,http://theory.gmw.cn/2025-11/13/content_38406038.htm,2026-09-01 22:34:26
news,光明日报·理论版,光明日报·理论版,,唱响主旋律、弘扬正能量,,光明日报·理论版,http://theory.gmw.cn/2025-11/12/content_38406039.htm,2026-09-01 22:34:26
news,光明日报·理论版,光明日报·理论版,,王延中：弘扬社会主义核心价值观 铸牢中华民族共同体意识,,光明日报·理论版,https://news.gmw.cn/2026-08/16/content_38945716.htm,2026-09-01 22:34:26
news,光明日报·理论版,光明日报·理论版,,刘景凤：大力弘扬工匠精神 勇担技能报国使命,,光明日报·理论版,https://news.gmw.cn/2026-07/01/content_38860037.htm,2026-09-01 22:34:26
news,光明日报·理论版,光明日报·理论版,,彭凤莲：从六尺巷看中国传统礼让文化的当代价值,,光明日报·理论版,https://news.gmw.cn/2026-05/29/content_38796471.htm,2026-09-01 22:34:26
news,光明日报·理论版,光明日报·理论版,,朱杰人：从“第二个结合”看朱子理学的敬业之道,,光明日报·理论版,https://news.gmw.cn/2026-03/28/content_38675961.htm,2026-09-01 22:34:26
news,光明日报·理论版,光明日报·理论版,,蒋乾麟：以雷锋精神引导青少年成长成才,,光明日报·理论版,https://news.gmw.cn/2026-03/21/content_38660607.htm,2026-09-01 22:34:26
news,光明日报·理论版,光明日报·理论版,,向 勇：坚持以核心价值观为引领 推动文化和科技融合发展,,光明日报·理论版,https://news.gmw.cn/2026-01/06/content_38520301.htm,2026-09-01 22:34:26
news,光明日报·理论版,光明日报·理论版,,文史科教,,光明日报·理论版,https://theory.gmw.cn/node_10141.htm,2026-09-01 22:34:26
news,光明日报·理论版,光明日报·理论版,,国际关系,,光明日报·理论版,https://theory.gmw.cn/node_10139.htm,2026-09-01 22:34:26
news,光明日报·理论版,光明日报·理论版,,经济社会,,光明日报·理论版,https://theory.gmw.cn/node_10145.htm,2026-09-01 22:34:26
news,光明日报·理论版,光明日报·理论版,,党建政治,,光明日报·理论版,https://theory.gmw.cn/node_4227.htm,2026-09-01 22:34:26
news,光明日报·理论版,光明日报·理论版,,理论综合,,光明日报·理论版,https://theory.gmw.cn/node_4403.htm,2026-09-01 22:34:26
news,光明日报·理论版,光明日报·理论版,,论人文经济学的核心范畴和基本范畴,,光明日报·理论版,https://theory.gmw.cn/2026-08/31/content_38975634.htm,2026-09-01 22:34:26
news,光明日报·理论版,光明日报·理论版,,夯实具身智能发展的人才根基,,光明日报·理论版,https://theory.gmw.cn/2026-08/31/content_38975211.htm,2026-09-01 22:34:26
news,光明日报·理论版,光明日报·理论版,,为强国建设培养更多“会创造的人”,,光明日报·理论版,https://theory.gmw.cn/2026-08/28/content_38969271.htm,2026-09-01 22:34:26
news,光明日报·理论版,光明日报·理论版,,以丰富国际公共产品供给引领人工智能全球治理,,光明日报·理论版,https://theory.gmw.cn/2026-08/20/content_38952708.htm,2026-09-01 22:34:26
news,光明日报·理论版,光明日报·理论版,,为携手构建公正合理的全球人工智能治理体系贡献中国方案,,光明日报·理论版,https://theory.gmw.cn/2026-08/20/content_38952620.htm,2026-09-01 22:34:26
news,光明日报·理论版,光明日报·理论版,,人工智能何以向上向善,,光明日报·理论版,https://theory.gmw.cn/2026-08/19/content_38950749.htm,2026-09-01 22:34:26
news,光明日报·理论版,光明日报·理论版,,文明互鉴助力人类共同发展,,光明日报·理论版,https://theory.gmw.cn/2026-08/28/content_38969226.htm,2026-09-01 22:34:26
news,光明日报·理论版,光明日报·理论版,,落实四大全球倡议 推进人工智能全球治理,,光明日报·理论版,https://theory.gmw.cn/2026-08/26/content_38964530.htm,2026-09-01 22:34:26
news,光明日报·理论版,光明日报·理论版,,中国引领人工智能全球治理的三重路径,,光明日报·理论版,https://theory.gmw.cn/2026-08/26/content_38964343.htm,2026-09-01 22:34:26
news,光明日报·理论版,光明日报·理论版,,持续稳步推进金砖合作机制建设,,光明日报·理论版,https://theory.gmw.cn/2026-08/21/content_38955689.htm,2026-09-01 22:34:26
news,光明日报·理论版,光明日报·理论版,,跨域共构：破除国际关系本土概念传播羁绊,,光明日报·理论版,https://theory.gmw.cn/2026-08/20/content_38953942.htm,2026-09-01 22:34:26
news,光明日报·理论版,光明日报·理论版,,全球文明倡议的内涵与底蕴,,光明日报·理论版,https://theory.gmw.cn/2026-08/20/content_38952749.htm,2026-09-01 22:34:26
news,光明日报·理论版,光明日报·理论版,,东西部协作的学理意涵与时代价值,,光明日报·理论版,https://theory.gmw.cn/2026-09/01/content_38978532.htm,2026-09-01 22:34:26
news,光明日报·理论版,光明日报·理论版,,领会区域联动发展内涵要义,,光明日报·理论版,https://theory.gmw.cn/2026-09/01/content_38978200.htm,2026-09-01 22:34:26
news,光明日报·理论版,光明日报·理论版,,投资领域的“新引擎”正成势,,光明日报·理论版,https://theory.gmw.cn/2026-09/01/content_38977852.htm,2026-09-01 22:34:26
news,光明日报·理论版,光明日报·理论版,,统筹破解内需不足与“内卷式”竞争,,光明日报·理论版,https://theory.gmw.cn/2026-09/01/content_38977835.htm,2026-09-01 22:34:26
news,光明日报·理论版,光明日报·理论版,,转型容量亦是发展增量,,光明日报·理论版,https://theory.gmw.cn/2026-09/01/content_38977696.htm,2026-09-01 22:34:26
news,光明日报·理论版,光明日报·理论版,,推动三类产业相得益彰而非优胜劣汰,,光明日报·理论版,https://theory.gmw.cn/2026-08/31/content_38975245.htm,2026-09-01 22:34:26
news,光明日报·理论版,光明日报·理论版,,加强党内政治文化建设的有益探索,,光明日报·理论版,https://theory.gmw.cn/2026-09/01/content_38978277.htm,2026-09-01 22:34:26
news,光明日报·理论版,光明日报·理论版,,坚持锤炼坚强党性,,光明日报·理论版,https://theory.gmw.cn/2026-09/01/content_38978250.htm,2026-09-01 22:34:26
news,光明日报·理论版,光明日报·理论版,,在国际比较中把握全过程人民民主的实践特征与实践绩效,,光明日报·理论版,https://theory.gmw.cn/2026-08/28/content_38969233.htm,2026-09-01 22:34:26
news,光明日报·理论版,光明日报·理论版,,生态环境法典蕴含深邃的辩证思维,,光明日报·理论版,https://theory.gmw.cn/2026-08/28/content_38969249.htm,2026-09-01 22:34:26
news,光明日报·理论版,光明日报·理论版,,以大历史观破除历史虚无主义思想迷雾,,光明日报·理论版,https://theory.gmw.cn/2026-08/27/content_38966790.htm,2026-09-01 22:34:26
news,光明日报·理论版,光明日报·理论版,,推进“丝路海运”港航贸一体化发展,,光明日报·理论版,https://theory.gmw.cn/2026-08/27/content_38966768.htm,2026-09-01 22:34:26
news,光明日报·理论版,光明日报·理论版,,习近平党建思想的法治意蕴,,光明日报·理论版,https://theory.gmw.cn/2026-09/01/content_38977794.htm,2026-09-01 22:34:26
news,光明日报·理论版,光明日报·理论版,,深刻把握高质量发展的理论内涵,,光明日报·理论版,https://theory.gmw.cn/2026-08/31/content_38975253.htm,2026-09-01 22:34:26
news,光明日报·理论版,光明日报·理论版,,让现代化建设成果更多更公平惠及全体人民,,光明日报·理论版,https://theory.gmw.cn/2026-08/31/content_38975173.htm,2026-09-01 22:34:26
news,光明日报·理论版,光明日报·理论版,,发挥廉洁文化浸润作用的路径选择,,光明日报·理论版,https://theory.gmw.cn/2026-08/28/content_38969869.htm,2026-09-01 22:34:26
news,光明日报·理论版,光明日报·理论版,,深刻把握投资于物和投资于人的辩证统一,,光明日报·理论版,https://theory.gmw.cn/2026-08/24/content_38959676.htm,2026-09-01 22:34:26
news,光明日报·理论版,光明日报·理论版,,聚焦生动实践回应理论关切,,光明日报·理论版,https://theory.gmw.cn/2026-08/19/content_38950639.htm,2026-09-01 22:34:26
news,光明日报·理论版,光明日报·理论版,,微视频：“村”字号火爆全球魅力何在,,光明日报·理论版,https://theory.gmw.cn/2026-01/02/content_38554039.htm,2026-09-01 22:34:26
news,光明日报·理论版,光明日报·理论版,,微视频：文明交响曲：每个声部都精彩,,光明日报·理论版,https://theory.gmw.cn/2026-01/01/content_38553863.htm,2026-09-01 22:34:26
news,光明日报·理论版,光明日报·理论版,,微视频：China Travel为啥成了流量密码？,,光明日报·理论版,https://theory.gmw.cn/2025-12/23/content_38492948.htm,2026-09-01 22:34:26
news,光明日报·理论版,光明日报·理论版,,微视频：中国故事怎么讲？,,光明日报·理论版,https://theory.gmw.cn/2025-12/22/content_38490383.htm,2026-09-01 22:34:26
news,光明日报·理论版,光明日报·理论版,,微视频：宋锦如何“活”在当下？,,光明日报·理论版,https://theory.gmw.cn/2025-12/19/content_38486600.htm,2026-09-01 22:34:26
news,光明日报·理论版,光明日报·理论版,,微视频：千年文脉何以生生不息？,,光明日报·理论版,http://theory.gmw.cn/2025-12/18/content_38484219.htm,2026-09-01 22:34:26
news,光明日报·理论版,光明日报·理论版,,微视频：图书馆何以成为城市的心灵港湾？,,光明日报·理论版,http://theory.gmw.cn/2025-12/17/content_38482014.htm,2026-09-01 22:34:26
news,光明日报·理论版,光明日报·理论版,,微视频：10元票价的苏超为何成为全民派对,,光明日报·理论版,http://theory.gmw.cn/2025-12/16/content_38479459.htm,2026-09-01 22:34:26
news,光明日报·理论版,光明日报·理论版,,“新新三样”扬帆出海,,光明日报·理论版,http://theory.gmw.cn/2026-08/28/content_38969243.htm,2026-09-01 22:34:26
news,光明日报·理论版,光明日报·理论版,,“妈祖”赋能全球气象预警,,光明日报·理论版,https://theory.gmw.cn/2026-08/20/content_38953145.htm,2026-09-01 22:34:26
news,光明日报·理论版,光明日报·理论版,,世界第一！40亿千瓦家底铸牢中国能源底座,,光明日报·理论版,https://theory.gmw.cn/2026-07/31/content_38919621.htm,2026-09-01 22:34:26
news,光明日报·理论版,光明日报·理论版,,数字福建探新路，乘“数”而上正当时,,光明日报·理论版,https://theory.gmw.cn/2026-07/23/content_38902786.htm,2026-09-01 22:34:26
news,光明日报·理论版,光明日报·理论版,,解码数字福建，乘势而上正青春,,光明日报·理论版,https://theory.gmw.cn/2026-07/09/content_38875718.htm,2026-09-01 22:34:26
news,光明日报·理论版,光明日报·理论版,,房子“升级” 日子“上新”,,光明日报·理论版,https://theory.gmw.cn/2026-06/26/content_38850082.htm,2026-09-01 22:34:26
news,光明日报·理论版,光明日报·理论版,,你的钱花在体验上了吗？,,光明日报·理论版,https://theory.gmw.cn/2026-06/11/content_38823502.htm,2026-09-01 22:34:26
news,光明日报·理论版,光明日报·理论版,,看“苏超”，逛“烟火”，换个花样游江苏,,光明日报·理论版,https://theory.gmw.cn/2026-06/05/content_38813506.htm,2026-09-01 22:34:26
news,光明日报·理论版,光明日报·理论版,,这碗米背后，是中国农业的“硬核实力”,,光明日报·理论版,https://theory.gmw.cn/2026-06/05/content_38813504.htm,2026-09-01 22:34:26
news,光明日报·理论版,光明日报·理论版,,假日经济“热”力全开,,光明日报·理论版,https://theory.gmw.cn/2026-05/15/content_38765000.htm,2026-09-01 22:34:26
news,光明日报·理论版,光明日报·理论版,,《习近平关于民政工作论述摘编》出版发行,,光明日报·理论版,https://theory.gmw.cn/2025-10/29/content_38376774.htm,2026-09-01 22:34:26
news,光明日报·理论版,光明日报·理论版,,习近平同志《论坚持全面深化改革》第一卷、第二卷出版发行,,光明日报·理论版,https://theory.gmw.cn/2025-10/29/content_38376742.htm,2026-09-01 22:34:26
news,光明日报·理论版,光明日报·理论版,,《习近平生态文明文选》第一卷出版发行,,光明日报·理论版,https://theory.gmw.cn/2025-10/29/content_38376771.htm,2026-09-01 22:34:26
news,光明日报·理论版,光明日报·理论版,,《习近平新时代中国特色社会主义思想学习论丛》第十一辑至第十五辑出版发行,,光明日报·理论版,https://theory.gmw.cn/2025-10/29/content_38376733.htm,2026-09-01 22:34:26
news,光明日报·理论版,光明日报·理论版,,经济学如何塑造我们的生活,,光明日报·理论版,https://theory.gmw.cn/2025-10/29/content_38373967.htm,2026-09-01 22:34:26
news,光明日报·理论版,光明日报·理论版,,《中国共产党精神史》总序,,光明日报·理论版,https://theory.gmw.cn/2026-05/29/content_38798145.htm,2026-09-01 22:34:26
news,光明日报·理论版,光明日报·理论版,,《树牢正确政绩观》出版发行,,光明日报·理论版,https://theory.gmw.cn/2026-03/01/content_38620547.htm,2026-09-01 22:34:26
news,光明日报·理论版,光明日报·理论版,,中国国际关系史研究百年,,光明日报·理论版,https://theory.gmw.cn/2025-12/01/content_38451281.htm,2026-09-01 22:34:26
news,光明日报·理论版,光明日报·理论版,,习近平党建思想理论研讨会,,光明日报·理论版,https://theory.gmw.cn/2026-07/10/content_38878904.htm,2026-09-01 22:34:26
news,光明日报·理论版,光明日报·理论版,,发展中国家国家治理高端智库论坛举办,,光明日报·理论版,https://theory.gmw.cn/2026-06/26/content_38851339.htm,2026-09-01 22:34:26
news,光明日报·理论版,光明日报·理论版,,深化党的创新理论的原理性成果研究,,光明日报·理论版,https://theory.gmw.cn/2026-06/12/content_38825126.htm,2026-09-01 22:34:26
news,光明日报·理论版,光明日报·理论版,,马克思主义理论学科自主知识体系建设,,光明日报·理论版,https://theory.gmw.cn/2026-06/10/content_38821382.htm,2026-09-01 22:34:26
news,光明日报·理论版,光明日报·理论版,,“生态文明学术周2026”系列学术活动,,光明日报·理论版,https://theory.gmw.cn/2026-06/05/content_38813860.htm,2026-09-01 22:34:26
news,光明日报·理论版,光明日报·理论版,,不断开创新时代中国史学新局面,,光明日报·理论版,https://theory.gmw.cn/2026-06/04/content_38811912.htm,2026-09-01 22:34:26
news,光明日报·理论版,光明日报·理论版,,“自主知识体系与文化自信”理论研讨会,,光明日报·理论版,https://theory.gmw.cn/2026-05/20/content_38777585.htm,2026-09-01 22:34:26
news,光明日报·理论版,光明日报·理论版,,理响中国·薪火“燃”青春,,光明日报·理论版,https://topics.gmw.cn/node_168473.htm,2026-09-01 22:34:26
news,光明日报·理论版,光明日报·理论版,,“理响中国·铿锵有理|在改革开放中开辟广阔前景暨党校公开课第十二季”,,光明日报·理论版,https://topics.gmw.cn/node_161185.htm,2026-09-01 22:34:26
news,光明日报·理论版,光明日报·理论版,,“理响中国”理论融媒体精品征集展播活动,,光明日报·理论版,https://topics.gmw.cn/node_157830.htm,2026-09-01 22:34:26
news,光明日报·理论版,光明日报·理论版,,把中国式现代化的美好图景变为现实,,光明日报·理论版,https://topics.gmw.cn/node_161019.htm,2026-09-01 22:34:26
news,光明日报·理论版,光明日报·理论版,,理响中国·实践新论,,光明日报·理论版,https://topics.gmw.cn/node_155991.htm,2026-09-01 22:34:26
news,光明日报·理论版,光明日报·理论版,,理响中国之理响新征程,,光明日报·理论版,https://topics.gmw.cn/node_153434.htm,2026-09-01 22:34:26
news,光明日报·理论版,光明日报·理论版,,时代青音·理论学者助力计划,,光明日报·理论版,https://topics.gmw.cn/node_153372.htm,2026-09-01 22:34:26
news,光明日报·理论版,光明日报·理论版,,人民网理论频道,,光明日报·理论版,http://theory.people.com.cn/,2026-09-01 22:34:26
news,光明日报·理论版,光明日报·理论版,,新华网理论频道,,光明日报·理论版,http://www.xinhuanet.com/politics/xhll.htm,2026-09-01 22:34:26
news,光明日报·理论版,光明日报·理论版,,中国社会科学网,,光明日报·理论版,http://www.cssn.cn/,2026-09-01 22:34:26
news,光明日报·理论版,光明日报·理论版,,南方网理论频道,,光明日报·理论版,http://theory.southcn.com/,2026-09-01 22:34:26
news,光明日报·理论版,光明日报·理论版,,齐鲁网理论频道,,光明日报·理论版,http://theory.iqilu.com/,2026-09-01 22:34:26
news,光明日报·理论版,光明日报·理论版,,宣讲家网,,光明日报·理论版,http://www.71.cn/,2026-09-01 22:34:26
news,光明日报·理论版,光明日报·理论版,,大众网理论频道,,光明日报·理论版,http://www.dzllzg.com/,2026-09-01 22:34:26
news,光明日报·理论版,光明日报·理论版,,https://iwaes.gmw.cn,,光明日报·理论版,https://iwaes.gmw.cn,2026-09-01 22:34:26
news,光明日报·理论版,光明日报·理论版,,gmwll@gmw.cn,,光明日报·理论版,mailto:gmwll@gmw.cn,2026-09-01 22:34:26
news,光明日报·理论版,光明日报·理论版,,手机光明网,,光明日报·理论版,https://m.gmw.cn/,2026-09-01 22:34:26
news,光明日报·理论版,光明日报·理论版,,光明日报社概况,,光明日报·理论版,https://about.gmw.cn/node_21441.htm,2026-09-01 22:34:26
news,光明日报·理论版,光明日报·理论版,,光明网邮箱,,光明日报·理论版,https://mail.gmw.cn/,2026-09-01 22:34:26
news,光明日报·理论版,光明日报·理论版,,光明网专论,,光明日报·理论版,https://theory.gmw.cn/node_97034.htm,2026-09-02 22:36:10
news,光明日报·理论版,光明日报·理论版,,大力推进科技创新 积极培育和发展新质生产力,,光明日报·理论版,https://news.gmw.cn/2026-08/27/content_38966316.htm,2026-09-02 22:36:10
news,光明日报·理论版,光明日报·理论版,,抢抓人工智能发展历史机遇,,光明日报·理论版,https://news.gmw.cn/2026-08/25/content_38961569.htm,2026-09-02 22:36:10
news,光明日报·理论版,光明日报·理论版,,加快推进数智技术赋能高校文化出海,,光明日报·理论版,https://news.gmw.cn/2026-08/25/content_38961689.htm,2026-09-02 22:36:10
news,光明日报·理论版,光明日报·理论版,,数智技术赋能文化遗产保护传承,,光明日报·理论版,https://news.gmw.cn/2026-08/25/content_38961720.htm,2026-09-02 22:36:10
news,光明日报·理论版,光明日报·理论版,,江泽民有关社会建设系列论述的理论内涵与时代价值,,光明日报·理论版,https://theory.gmw.cn/2026-08/19/content_38951390.htm,2026-09-02 22:36:10
news,光明日报·理论版,光明日报·理论版,,首份消费领域国家级专项规划的战略深意,,光明日报·理论版,https://theory.gmw.cn/2026-08/04/content_38925645.htm,2026-09-02 22:36:10
news,光明日报·理论版,光明日报·理论版,,跨越文化间距 全面提升国际传播效能,,光明日报·理论版,https://theory.gmw.cn/2026-04/09/content_38697892.htm,2026-09-02 22:36:10
news,光明日报·理论版,光明日报·理论版,,“理响中国·文化旗帜”党校公开课第14季,,光明日报·理论版,https://topics.gmw.cn/node_166993.htm,2026-09-02 22:36:10
news,光明日报·理论版,光明日报·理论版,,理响中国·铿锵有理|经济向好有底气,,光明日报·理论版,https://topics.gmw.cn/node_166533.htm,2026-09-02 22:36:10
news,光明日报·理论版,光明日报·理论版,,人文经济学,,光明日报·理论版,https://topics.gmw.cn/node_165153.htm,2026-09-02 22:36:10
news,光明日报·理论版,光明日报·理论版,,理响中国·春江水暖鸭先知,,光明日报·理论版,https://topics.gmw.cn/node_164576.htm,2026-09-02 22:36:10
news,光明日报·理论版,光明日报·理论版,,把中国式现代化美好图景变为现实,,光明日报·理论版,https://topics.gmw.cn/node_161019.htm,2026-09-02 22:36:10
news,光明日报·理论版,光明日报·理论版,,在改革开放中开辟广阔前景,,光明日报·理论版,https://topics.gmw.cn/node_161185.htm,2026-09-02 22:36:10
news,光明日报·理论版,光明日报·理论版,,从“一出戏”到“一座城”，演艺新空间培育消费新动能,,光明日报·理论版,https://theory.gmw.cn/2026-08/14/content_38943596.htm,2026-09-02 22:36:10
news,光明日报·理论版,光明日报·理论版,,高标准劳动力市场体系支撑未来产业培育,,光明日报·理论版,https://theory.gmw.cn/2026-06/23/content_38843308.htm,2026-09-02 22:36:10
news,光明日报·理论版,光明日报·理论版,,AI时代的就业政策重在“组合拳”,,光明日报·理论版,https://theory.gmw.cn/2026-06/10/content_38821275.htm,2026-09-02 22:36:10
news,光明日报·理论版,光明日报·理论版,,推动城市低空经济安全可持续发展,,光明日报·理论版,https://theory.gmw.cn/2026-06/01/content_38804681.htm,2026-09-02 22:36:10
news,光明日报·理论版,光明日报·理论版,,旅居热潮背后的消费新蓝海,,光明日报·理论版,https://theory.gmw.cn/2026-05/20/content_38777128.htm,2026-09-02 22:36:10
news,光明日报·理论版,光明日报·理论版,,精准把握大力提振消费深刻意涵,,光明日报·理论版,https://theory.gmw.cn/2026-09/02/content_38981155.htm,2026-09-02 22:36:10
news,光明日报·理论版,光明日报·理论版,,[详情],,光明日报·理论版,https://theory.gmw.cn/2026-09/02/content_38981155.htm,2026-09-02 22:36:10
news,光明日报·理论版,光明日报·理论版,,要积极促进区域联动发展,,光明日报·理论版,https://theory.gmw.cn/2026-09/01/content_38978698.htm,2026-09-02 22:36:10
news,光明日报·理论版,光明日报·理论版,,全球发展倡议作出了重要贡献,,光明日报·理论版,https://theory.gmw.cn/2026-08/31/content_38975944.htm,2026-09-02 22:36:10
news,光明日报·理论版,光明日报·理论版,,固根基守正道 破藩篱开新局,,光明日报·理论版,https://theory.gmw.cn/2026-08/12/content_38940220.htm,2026-09-02 22:36:10
news,光明日报·理论版,光明日报·理论版,,[详情],,光明日报·理论版,https://theory.gmw.cn/2026-08/12/content_38940220.htm,2026-09-02 22:36:10
news,光明日报·理论版,光明日报·理论版,,高收入与发达经济体,,光明日报·理论版,https://theory.gmw.cn/2026-09/02/content_38981170.htm,2026-09-02 22:36:10
news,光明日报·理论版,光明日报·理论版,,认清中国发展的真实定位,,光明日报·理论版,https://theory.gmw.cn/2026-09/02/content_38981149.htm,2026-09-02 22:36:10
news,光明日报·理论版,光明日报·理论版,,从“中国游”热潮看中国故事的流量密码,,光明日报·理论版,https://theory.gmw.cn/2026-09/02/content_38969914.htm,2026-09-02 22:36:10
news,光明日报·理论版,光明日报·理论版,,如何让老外读懂“两山”理念,,光明日报·理论版,https://theory.gmw.cn/2026-09/01/content_38977699.htm,2026-09-02 22:36:10
news,光明日报·理论版,光明日报·理论版,,守正创新推进网上理论传播,,光明日报·理论版,https://theory.gmw.cn/2026-09/01/content_38976850.htm,2026-09-02 22:36:10
news,光明日报·理论版,光明日报·理论版,,中国古代小说的体性及其情感文化承载,,光明日报·理论版,https://news.gmw.cn/2026-09/02/content_38980226.htm,2026-09-02 22:36:10
news,光明日报·理论版,光明日报·理论版,,一代有一代之词——谈明词的经典化问题,,光明日报·理论版,https://news.gmw.cn/2026-09/02/content_38980225.htm,2026-09-02 22:36:10
news,光明日报·理论版,光明日报·理论版,,习近平党建思想对世界政党建设的启示,,光明日报·理论版,https://news.gmw.cn/2026-09/01/content_38977416.htm,2026-09-02 22:36:10
news,光明日报·理论版,光明日报·理论版,,强化教育对科技和人才的支撑作用,,光明日报·理论版,https://news.gmw.cn/2026-09/01/content_38977415.htm,2026-09-02 22:36:10
news,光明日报·理论版,光明日报·理论版,,全球发展倡议：中国实践与世界贡献,,光明日报·理论版,https://news.gmw.cn/2026-08/31/content_38974391.htm,2026-09-02 22:36:10
news,光明日报·理论版,光明日报·理论版,,数智技术赋能新时代公民道德建设,,光明日报·理论版,https://news.gmw.cn/2026-08/31/content_38974362.htm,2026-09-02 22:36:10
news,光明日报·理论版,光明日报·理论版,,百年变局下的帝国主义发展新态势,,光明日报·理论版,https://news.gmw.cn/2026-08/28/content_38968848.htm,2026-09-02 22:36:10
news,光明日报·理论版,光明日报·理论版,,聚力优势产业，打造北京“运河水岸经济带”,,光明日报·理论版,https://theory.gmw.cn/2026-08/26/content_38965057.htm,2026-09-02 22:36:10
news,光明日报·理论版,光明日报·理论版,,什么样的选题能“出圈”,,光明日报·理论版,https://theory.gmw.cn/2026-08/27/content_38967933.htm,2026-09-02 22:36:10
news,光明日报·理论版,光明日报·理论版,,共建美美与共的文明百花园,,光明日报·理论版,http://theory.gmw.cn/2025-11/18/content_38406071.htm,2026-09-02 22:36:10
news,光明日报·理论版,光明日报·理论版,,展现可信、可爱、可敬的中国形象,,光明日报·理论版,http://theory.gmw.cn/2025-11/17/content_38406072.htm,2026-09-02 22:36:10
news,光明日报·理论版,光明日报·理论版,,守护好中华民族的文化瑰宝,,光明日报·理论版,http://theory.gmw.cn/2025-11/14/content_38406067.htm,2026-09-02 22:36:10
news,光明日报·理论版,光明日报·理论版,,把最好的精神食粮奉献给人民,,光明日报·理论版,http://theory.gmw.cn/2025-11/13/content_38406038.htm,2026-09-02 22:36:10
news,光明日报·理论版,光明日报·理论版,,唱响主旋律、弘扬正能量,,光明日报·理论版,http://theory.gmw.cn/2025-11/12/content_38406039.htm,2026-09-02 22:36:10
news,光明日报·理论版,光明日报·理论版,,王延中：弘扬社会主义核心价值观 铸牢中华民族共同体意识,,光明日报·理论版,https://news.gmw.cn/2026-08/16/content_38945716.htm,2026-09-02 22:36:10
news,光明日报·理论版,光明日报·理论版,,刘景凤：大力弘扬工匠精神 勇担技能报国使命,,光明日报·理论版,https://news.gmw.cn/2026-07/01/content_38860037.htm,2026-09-02 22:36:10
news,光明日报·理论版,光明日报·理论版,,彭凤莲：从六尺巷看中国传统礼让文化的当代价值,,光明日报·理论版,https://news.gmw.cn/2026-05/29/content_38796471.htm,2026-09-02 22:36:10
news,光明日报·理论版,光明日报·理论版,,朱杰人：从“第二个结合”看朱子理学的敬业之道,,光明日报·理论版,https://news.gmw.cn/2026-03/28/content_38675961.htm,2026-09-02 22:36:10
news,光明日报·理论版,光明日报·理论版,,蒋乾麟：以雷锋精神引导青少年成长成才,,光明日报·理论版,https://news.gmw.cn/2026-03/21/content_38660607.htm,2026-09-02 22:36:10
news,光明日报·理论版,光明日报·理论版,,向 勇：坚持以核心价值观为引领 推动文化和科技融合发展,,光明日报·理论版,https://news.gmw.cn/2026-01/06/content_38520301.htm,2026-09-02 22:36:10
news,光明日报·理论版,光明日报·理论版,,文史科教,,光明日报·理论版,https://theory.gmw.cn/node_10141.htm,2026-09-02 22:36:10
news,光明日报·理论版,光明日报·理论版,,国际关系,,光明日报·理论版,https://theory.gmw.cn/node_10139.htm,2026-09-02 22:36:10
news,光明日报·理论版,光明日报·理论版,,经济社会,,光明日报·理论版,https://theory.gmw.cn/node_10145.htm,2026-09-02 22:36:10
news,光明日报·理论版,光明日报·理论版,,党建政治,,光明日报·理论版,https://theory.gmw.cn/node_4227.htm,2026-09-02 22:36:10
news,光明日报·理论版,光明日报·理论版,,理论综合,,光明日报·理论版,https://theory.gmw.cn/node_4403.htm,2026-09-02 22:36:10
news,光明日报·理论版,光明日报·理论版,,深刻把握新时代文化建设的理论谱系与实践路径,,光明日报·理论版,https://theory.gmw.cn/2026-09/02/content_38980848.htm,2026-09-02 22:36:10
news,光明日报·理论版,光明日报·理论版,,论人文经济学的核心范畴和基本范畴,,光明日报·理论版,https://theory.gmw.cn/2026-08/31/content_38975634.htm,2026-09-02 22:36:10
news,光明日报·理论版,光明日报·理论版,,夯实具身智能发展的人才根基,,光明日报·理论版,https://theory.gmw.cn/2026-08/31/content_38975211.htm,2026-09-02 22:36:10
news,光明日报·理论版,光明日报·理论版,,为强国建设培养更多“会创造的人”,,光明日报·理论版,https://theory.gmw.cn/2026-08/28/content_38969271.htm,2026-09-02 22:36:10
news,光明日报·理论版,光明日报·理论版,,以丰富国际公共产品供给引领人工智能全球治理,,光明日报·理论版,https://theory.gmw.cn/2026-08/20/content_38952708.htm,2026-09-02 22:36:10
news,光明日报·理论版,光明日报·理论版,,为携手构建公正合理的全球人工智能治理体系贡献中国方案,,光明日报·理论版,https://theory.gmw.cn/2026-08/20/content_38952620.htm,2026-09-02 22:36:10
news,光明日报·理论版,光明日报·理论版,,为全球南方国家共同发展树立新标杆,,光明日报·理论版,https://theory.gmw.cn/2026-09/02/content_38981005.htm,2026-09-02 22:36:10
news,光明日报·理论版,光明日报·理论版,,文明互鉴助力人类共同发展,,光明日报·理论版,https://theory.gmw.cn/2026-08/28/content_38969226.htm,2026-09-02 22:36:10
news,光明日报·理论版,光明日报·理论版,,落实四大全球倡议 推进人工智能全球治理,,光明日报·理论版,https://theory.gmw.cn/2026-08/26/content_38964530.htm,2026-09-02 22:36:10
news,光明日报·理论版,光明日报·理论版,,中国引领人工智能全球治理的三重路径,,光明日报·理论版,https://theory.gmw.cn/2026-08/26/content_38964343.htm,2026-09-02 22:36:10
news,光明日报·理论版,光明日报·理论版,,持续稳步推进金砖合作机制建设,,光明日报·理论版,https://theory.gmw.cn/2026-08/21/content_38955689.htm,2026-09-02 22:36:10
news,光明日报·理论版,光明日报·理论版,,跨域共构：破除国际关系本土概念传播羁绊,,光明日报·理论版,https://theory.gmw.cn/2026-08/20/content_38953942.htm,2026-09-02 22:36:10
news,光明日报·理论版,光明日报·理论版,,数转智改破解农村电商发展难题,,光明日报·理论版,https://theory.gmw.cn/2026-09/02/content_38981041.htm,2026-09-02 22:36:10
news,光明日报·理论版,光明日报·理论版,,加力扩大内需的基本逻辑和着力点,,光明日报·理论版,https://theory.gmw.cn/2026-09/02/content_38980869.htm,2026-09-02 22:36:10
news,光明日报·理论版,光明日报·理论版,,精准把握大力提振消费的深刻意涵,,光明日报·理论版,https://theory.gmw.cn/2026-09/02/content_38980784.htm,2026-09-02 22:36:10
news,光明日报·理论版,光明日报·理论版,,持续强化企业科技创新主体地位,,光明日报·理论版,https://theory.gmw.cn/2026-09/02/content_38980770.htm,2026-09-02 22:36:10
news,光明日报·理论版,光明日报·理论版,,以苦练内功应对冲击和挑战,,光明日报·理论版,https://theory.gmw.cn/2026-09/02/content_38980638.htm,2026-09-02 22:36:10
news,光明日报·理论版,光明日报·理论版,,东西部协作的学理意涵与时代价值,,光明日报·理论版,https://theory.gmw.cn/2026-09/01/content_38978532.htm,2026-09-02 22:36:10
news,光明日报·理论版,光明日报·理论版,,带着感情去做接地气的工作,,光明日报·理论版,https://theory.gmw.cn/2026-09/02/content_38980818.htm,2026-09-02 22:36:10
news,光明日报·理论版,光明日报·理论版,,深学细悟习近平党建思想“总论”,,光明日报·理论版,https://theory.gmw.cn/2026-09/02/content_38980713.htm,2026-09-02 22:36:10
news,光明日报·理论版,光明日报·理论版,,扣好正确政绩观的“第一粒扣子”,,光明日报·理论版,https://theory.gmw.cn/2026-09/02/content_38980706.htm,2026-09-02 22:36:10
news,光明日报·理论版,光明日报·理论版,,加强党内政治文化建设的有益探索,,光明日报·理论版,https://theory.gmw.cn/2026-09/01/content_38978277.htm,2026-09-02 22:36:10
news,光明日报·理论版,光明日报·理论版,,坚持锤炼坚强党性,,光明日报·理论版,https://theory.gmw.cn/2026-09/01/content_38978250.htm,2026-09-02 22:36:10
news,光明日报·理论版,光明日报·理论版,,在国际比较中把握全过程人民民主的实践特征与实践绩效,,光明日报·理论版,https://theory.gmw.cn/2026-08/28/content_38969233.htm,2026-09-02 22:36:10
news,光明日报·理论版,光明日报·理论版,,习近平党建思想的法治意蕴,,光明日报·理论版,https://theory.gmw.cn/2026-09/01/content_38977794.htm,2026-09-02 22:36:10
news,光明日报·理论版,光明日报·理论版,,深刻把握高质量发展的理论内涵,,光明日报·理论版,https://theory.gmw.cn/2026-08/31/content_38975253.htm,2026-09-02 22:36:10
news,光明日报·理论版,光明日报·理论版,,让现代化建设成果更多更公平惠及全体人民,,光明日报·理论版,https://theory.gmw.cn/2026-08/31/content_38975173.htm,2026-09-02 22:36:10
news,光明日报·理论版,光明日报·理论版,,发挥廉洁文化浸润作用的路径选择,,光明日报·理论版,https://theory.gmw.cn/2026-08/28/content_38969869.htm,2026-09-02 22:36:10
news,光明日报·理论版,光明日报·理论版,,深刻把握投资于物和投资于人的辩证统一,,光明日报·理论版,https://theory.gmw.cn/2026-08/24/content_38959676.htm,2026-09-02 22:36:10
news,光明日报·理论版,光明日报·理论版,,聚焦生动实践回应理论关切,,光明日报·理论版,https://theory.gmw.cn/2026-08/19/content_38950639.htm,2026-09-02 22:36:10
news,光明日报·理论版,光明日报·理论版,,微视频：“村”字号火爆全球魅力何在,,光明日报·理论版,https://theory.gmw.cn/2026-01/02/content_38554039.htm,2026-09-02 22:36:10
news,光明日报·理论版,光明日报·理论版,,微视频：文明交响曲：每个声部都精彩,,光明日报·理论版,https://theory.gmw.cn/2026-01/01/content_38553863.htm,2026-09-02 22:36:10
news,光明日报·理论版,光明日报·理论版,,微视频：China Travel为啥成了流量密码？,,光明日报·理论版,https://theory.gmw.cn/2025-12/23/content_38492948.htm,2026-09-02 22:36:10
news,光明日报·理论版,光明日报·理论版,,微视频：中国故事怎么讲？,,光明日报·理论版,https://theory.gmw.cn/2025-12/22/content_38490383.htm,2026-09-02 22:36:10
news,光明日报·理论版,光明日报·理论版,,微视频：宋锦如何“活”在当下？,,光明日报·理论版,https://theory.gmw.cn/2025-12/19/content_38486600.htm,2026-09-02 22:36:10
news,光明日报·理论版,光明日报·理论版,,微视频：千年文脉何以生生不息？,,光明日报·理论版,http://theory.gmw.cn/2025-12/18/content_38484219.htm,2026-09-02 22:36:10
news,光明日报·理论版,光明日报·理论版,,微视频：图书馆何以成为城市的心灵港湾？,,光明日报·理论版,http://theory.gmw.cn/2025-12/17/content_38482014.htm,2026-09-02 22:36:10
news,光明日报·理论版,光明日报·理论版,,微视频：10元票价的苏超为何成为全民派对,,光明日报·理论版,http://theory.gmw.cn/2025-12/16/content_38479459.htm,2026-09-02 22:36:10
news,光明日报·理论版,光明日报·理论版,,“新新三样”扬帆出海,,光明日报·理论版,http://theory.gmw.cn/2026-08/28/content_38969243.htm,2026-09-02 22:36:10
news,光明日报·理论版,光明日报·理论版,,“妈祖”赋能全球气象预警,,光明日报·理论版,https://theory.gmw.cn/2026-08/20/content_38953145.htm,2026-09-02 22:36:10
news,光明日报·理论版,光明日报·理论版,,世界第一！40亿千瓦家底铸牢中国能源底座,,光明日报·理论版,https://theory.gmw.cn/2026-07/31/content_38919621.htm,2026-09-02 22:36:10
news,光明日报·理论版,光明日报·理论版,,数字福建探新路，乘“数”而上正当时,,光明日报·理论版,https://theory.gmw.cn/2026-07/23/content_38902786.htm,2026-09-02 22:36:10
news,光明日报·理论版,光明日报·理论版,,解码数字福建，乘势而上正青春,,光明日报·理论版,https://theory.gmw.cn/2026-07/09/content_38875718.htm,2026-09-02 22:36:10
news,光明日报·理论版,光明日报·理论版,,房子“升级” 日子“上新”,,光明日报·理论版,https://theory.gmw.cn/2026-06/26/content_38850082.htm,2026-09-02 22:36:10
news,光明日报·理论版,光明日报·理论版,,你的钱花在体验上了吗？,,光明日报·理论版,https://theory.gmw.cn/2026-06/11/content_38823502.htm,2026-09-02 22:36:10
news,光明日报·理论版,光明日报·理论版,,看“苏超”，逛“烟火”，换个花样游江苏,,光明日报·理论版,https://theory.gmw.cn/2026-06/05/content_38813506.htm,2026-09-02 22:36:10
news,光明日报·理论版,光明日报·理论版,,这碗米背后，是中国农业的“硬核实力”,,光明日报·理论版,https://theory.gmw.cn/2026-06/05/content_38813504.htm,2026-09-02 22:36:10
news,光明日报·理论版,光明日报·理论版,,假日经济“热”力全开,,光明日报·理论版,https://theory.gmw.cn/2026-05/15/content_38765000.htm,2026-09-02 22:36:10
news,光明日报·理论版,光明日报·理论版,,《习近平关于民政工作论述摘编》出版发行,,光明日报·理论版,https://theory.gmw.cn/2025-10/29/content_38376774.htm,2026-09-02 22:36:10
news,光明日报·理论版,光明日报·理论版,,习近平同志《论坚持全面深化改革》第一卷、第二卷出版发行,,光明日报·理论版,https://theory.gmw.cn/2025-10/29/content_38376742.htm,2026-09-02 22:36:10
news,光明日报·理论版,光明日报·理论版,,《习近平生态文明文选》第一卷出版发行,,光明日报·理论版,https://theory.gmw.cn/2025-10/29/content_38376771.htm,2026-09-02 22:36:10
news,光明日报·理论版,光明日报·理论版,,《习近平新时代中国特色社会主义思想学习论丛》第十一辑至第十五辑出版发行,,光明日报·理论版,https://theory.gmw.cn/2025-10/29/content_38376733.htm,2026-09-02 22:36:10
news,光明日报·理论版,光明日报·理论版,,经济学如何塑造我们的生活,,光明日报·理论版,https://theory.gmw.cn/2025-10/29/content_38373967.htm,2026-09-02 22:36:10
news,光明日报·理论版,光明日报·理论版,,《中国共产党精神史》总序,,光明日报·理论版,https://theory.gmw.cn/2026-05/29/content_38798145.htm,2026-09-02 22:36:10
news,光明日报·理论版,光明日报·理论版,,《树牢正确政绩观》出版发行,,光明日报·理论版,https://theory.gmw.cn/2026-03/01/content_38620547.htm,2026-09-02 22:36:10
news,光明日报·理论版,光明日报·理论版,,中国国际关系史研究百年,,光明日报·理论版,https://theory.gmw.cn/2025-12/01/content_38451281.htm,2026-09-02 22:36:10
news,光明日报·理论版,光明日报·理论版,,习近平党建思想理论研讨会,,光明日报·理论版,https://theory.gmw.cn/2026-07/10/content_38878904.htm,2026-09-02 22:36:10
news,光明日报·理论版,光明日报·理论版,,发展中国家国家治理高端智库论坛举办,,光明日报·理论版,https://theory.gmw.cn/2026-06/26/content_38851339.htm,2026-09-02 22:36:10
news,光明日报·理论版,光明日报·理论版,,深化党的创新理论的原理性成果研究,,光明日报·理论版,https://theory.gmw.cn/2026-06/12/content_38825126.htm,2026-09-02 22:36:10
news,光明日报·理论版,光明日报·理论版,,马克思主义理论学科自主知识体系建设,,光明日报·理论版,https://theory.gmw.cn/2026-06/10/content_38821382.htm,2026-09-02 22:36:10
news,光明日报·理论版,光明日报·理论版,,“生态文明学术周2026”系列学术活动,,光明日报·理论版,https://theory.gmw.cn/2026-06/05/content_38813860.htm,2026-09-02 22:36:10
news,光明日报·理论版,光明日报·理论版,,不断开创新时代中国史学新局面,,光明日报·理论版,https://theory.gmw.cn/2026-06/04/content_38811912.htm,2026-09-02 22:36:10
news,光明日报·理论版,光明日报·理论版,,“自主知识体系与文化自信”理论研讨会,,光明日报·理论版,https://theory.gmw.cn/2026-05/20/content_38777585.htm,2026-09-02 22:36:10
news,光明日报·理论版,光明日报·理论版,,理响中国·薪火“燃”青春,,光明日报·理论版,https://topics.gmw.cn/node_168473.htm,2026-09-02 22:36:10
news,光明日报·理论版,光明日报·理论版,,“理响中国·铿锵有理|在改革开放中开辟广阔前景暨党校公开课第十二季”,,光明日报·理论版,https://topics.gmw.cn/node_161185.htm,2026-09-02 22:36:10
news,光明日报·理论版,光明日报·理论版,,“理响中国”理论融媒体精品征集展播活动,,光明日报·理论版,https://topics.gmw.cn/node_157830.htm,2026-09-02 22:36:10
news,光明日报·理论版,光明日报·理论版,,把中国式现代化的美好图景变为现实,,光明日报·理论版,https://topics.gmw.cn/node_161019.htm,2026-09-02 22:36:10
news,光明日报·理论版,光明日报·理论版,,理响中国·实践新论,,光明日报·理论版,https://topics.gmw.cn/node_155991.htm,2026-09-02 22:36:10
news,光明日报·理论版,光明日报·理论版,,理响中国之理响新征程,,光明日报·理论版,https://topics.gmw.cn/node_153434.htm,2026-09-02 22:36:10
news,光明日报·理论版,光明日报·理论版,,时代青音·理论学者助力计划,,光明日报·理论版,https://topics.gmw.cn/node_153372.htm,2026-09-02 22:36:10
news,光明日报·理论版,光明日报·理论版,,人民网理论频道,,光明日报·理论版,http://theory.people.com.cn/,2026-09-02 22:36:10
news,光明日报·理论版,光明日报·理论版,,新华网理论频道,,光明日报·理论版,http://www.xinhuanet.com/politics/xhll.htm,2026-09-02 22:36:10
news,光明日报·理论版,光明日报·理论版,,中国社会科学网,,光明日报·理论版,http://www.cssn.cn/,2026-09-02 22:36:10
news,光明日报·理论版,光明日报·理论版,,南方网理论频道,,光明日报·理论版,http://theory.southcn.com/,2026-09-02 22:36:10
news,光明日报·理论版,光明日报·理论版,,齐鲁网理论频道,,光明日报·理论版,http://theory.iqilu.com/,2026-09-02 22:36:10
news,光明日报·理论版,光明日报·理论版,,宣讲家网,,光明日报·理论版,http://www.71.cn/,2026-09-02 22:36:10
news,光明日报·理论版,光明日报·理论版,,大众网理论频道,,光明日报·理论版,http://www.dzllzg.com/,2026-09-02 22:36:10
news,光明日报·理论版,光明日报·理论版,,https://iwaes.gmw.cn,,光明日报·理论版,https://iwaes.gmw.cn,2026-09-02 22:36:10
news,光明日报·理论版,光明日报·理论版,,gmwll@gmw.cn,,光明日报·理论版,mailto:gmwll@gmw.cn,2026-09-02 22:36:10
news,光明日报·理论版,光明日报·理论版,,手机光明网,,光明日报·理论版,https://m.gmw.cn/,2026-09-02 22:36:10
news,光明日报·理论版,光明日报·理论版,,光明日报社概况,,光明日报·理论版,https://about.gmw.cn/node_21441.htm,2026-09-02 22:36:10
news,光明日报·理论版,光明日报·理论版,,光明网邮箱,,光明日报·理论版,https://mail.gmw.cn/,2026-09-02 22:36:10
news,光明日报·理论版,光明日报·理论版,,光明网专论,,光明日报·理论版,https://theory.gmw.cn/node_97034.htm,2026-09-03 22:33:24
news,光明日报·理论版,光明日报·理论版,,大力推进科技创新 积极培育和发展新质生产力,,光明日报·理论版,https://news.gmw.cn/2026-08/27/content_38966316.htm,2026-09-03 22:33:24
news,光明日报·理论版,光明日报·理论版,,抢抓人工智能发展历史机遇,,光明日报·理论版,https://news.gmw.cn/2026-08/25/content_38961569.htm,2026-09-03 22:33:24
news,光明日报·理论版,光明日报·理论版,,加快推进数智技术赋能高校文化出海,,光明日报·理论版,https://news.gmw.cn/2026-08/25/content_38961689.htm,2026-09-03 22:33:24
news,光明日报·理论版,光明日报·理论版,,数智技术赋能文化遗产保护传承,,光明日报·理论版,https://news.gmw.cn/2026-08/25/content_38961720.htm,2026-09-03 22:33:24
news,光明日报·理论版,光明日报·理论版,,江泽民有关社会建设系列论述的理论内涵与时代价值,,光明日报·理论版,https://theory.gmw.cn/2026-08/19/content_38951390.htm,2026-09-03 22:33:24
news,光明日报·理论版,光明日报·理论版,,首份消费领域国家级专项规划的战略深意,,光明日报·理论版,https://theory.gmw.cn/2026-08/04/content_38925645.htm,2026-09-03 22:33:24
news,光明日报·理论版,光明日报·理论版,,跨越文化间距 全面提升国际传播效能,,光明日报·理论版,https://theory.gmw.cn/2026-04/09/content_38697892.htm,2026-09-03 22:33:24
news,光明日报·理论版,光明日报·理论版,,“理响中国·文化旗帜”党校公开课第14季,,光明日报·理论版,https://topics.gmw.cn/node_166993.htm,2026-09-03 22:33:24
news,光明日报·理论版,光明日报·理论版,,理响中国·铿锵有理|经济向好有底气,,光明日报·理论版,https://topics.gmw.cn/node_166533.htm,2026-09-03 22:33:24
news,光明日报·理论版,光明日报·理论版,,人文经济学,,光明日报·理论版,https://topics.gmw.cn/node_165153.htm,2026-09-03 22:33:24
news,光明日报·理论版,光明日报·理论版,,理响中国·春江水暖鸭先知,,光明日报·理论版,https://topics.gmw.cn/node_164576.htm,2026-09-03 22:33:24
news,光明日报·理论版,光明日报·理论版,,把中国式现代化美好图景变为现实,,光明日报·理论版,https://topics.gmw.cn/node_161019.htm,2026-09-03 22:33:24
news,光明日报·理论版,光明日报·理论版,,在改革开放中开辟广阔前景,,光明日报·理论版,https://topics.gmw.cn/node_161185.htm,2026-09-03 22:33:24
news,光明日报·理论版,光明日报·理论版,,从“一出戏”到“一座城”，演艺新空间培育消费新动能,,光明日报·理论版,https://theory.gmw.cn/2026-08/14/content_38943596.htm,2026-09-03 22:33:24
news,光明日报·理论版,光明日报·理论版,,高标准劳动力市场体系支撑未来产业培育,,光明日报·理论版,https://theory.gmw.cn/2026-06/23/content_38843308.htm,2026-09-03 22:33:24
news,光明日报·理论版,光明日报·理论版,,AI时代的就业政策重在“组合拳”,,光明日报·理论版,https://theory.gmw.cn/2026-06/10/content_38821275.htm,2026-09-03 22:33:24
news,光明日报·理论版,光明日报·理论版,,推动城市低空经济安全可持续发展,,光明日报·理论版,https://theory.gmw.cn/2026-06/01/content_38804681.htm,2026-09-03 22:33:24
news,光明日报·理论版,光明日报·理论版,,旅居热潮背后的消费新蓝海,,光明日报·理论版,https://theory.gmw.cn/2026-05/20/content_38777128.htm,2026-09-03 22:33:24
news,光明日报·理论版,光明日报·理论版,,坚持和加强党的全面领导,,光明日报·理论版,https://theory.gmw.cn/2026-09/03/content_38983141.htm,2026-09-03 22:33:24
news,光明日报·理论版,光明日报·理论版,,[详情],,光明日报·理论版,https://theory.gmw.cn/2026-09/03/content_38983141.htm,2026-09-03 22:33:24
news,光明日报·理论版,光明日报·理论版,,精准把握大力提振消费深刻意涵,,光明日报·理论版,https://theory.gmw.cn/2026-09/02/content_38981155.htm,2026-09-03 22:33:24
news,光明日报·理论版,光明日报·理论版,,要积极促进区域联动发展,,光明日报·理论版,https://theory.gmw.cn/2026-09/01/content_38978698.htm,2026-09-03 22:33:24
news,光明日报·理论版,光明日报·理论版,,固根基守正道 破藩篱开新局,,光明日报·理论版,https://theory.gmw.cn/2026-08/12/content_38940220.htm,2026-09-03 22:33:24
news,光明日报·理论版,光明日报·理论版,,[详情],,光明日报·理论版,https://theory.gmw.cn/2026-08/12/content_38940220.htm,2026-09-03 22:33:24
news,光明日报·理论版,光明日报·理论版,,高收入与发达经济体,,光明日报·理论版,https://theory.gmw.cn/2026-09/02/content_38981170.htm,2026-09-03 22:33:24
news,光明日报·理论版,光明日报·理论版,,认清中国发展的真实定位,,光明日报·理论版,https://theory.gmw.cn/2026-09/02/content_38981149.htm,2026-09-03 22:33:24
news,光明日报·理论版,光明日报·理论版,,从“中国游”热潮看中国故事的流量密码,,光明日报·理论版,https://theory.gmw.cn/2026-09/02/content_38969914.htm,2026-09-03 22:33:24
news,光明日报·理论版,光明日报·理论版,,如何让老外读懂“两山”理念,,光明日报·理论版,https://theory.gmw.cn/2026-09/01/content_38977699.htm,2026-09-03 22:33:24
news,光明日报·理论版,光明日报·理论版,,守正创新推进网上理论传播,,光明日报·理论版,https://theory.gmw.cn/2026-09/01/content_38976850.htm,2026-09-03 22:33:24
news,光明日报·理论版,光明日报·理论版,,中国古代小说的体性及其情感文化承载,,光明日报·理论版,https://news.gmw.cn/2026-09/02/content_38980226.htm,2026-09-03 22:33:24
news,光明日报·理论版,光明日报·理论版,,一代有一代之词——谈明词的经典化问题,,光明日报·理论版,https://news.gmw.cn/2026-09/02/content_38980225.htm,2026-09-03 22:33:24
news,光明日报·理论版,光明日报·理论版,,习近平党建思想对世界政党建设的启示,,光明日报·理论版,https://news.gmw.cn/2026-09/01/content_38977416.htm,2026-09-03 22:33:24
news,光明日报·理论版,光明日报·理论版,,强化教育对科技和人才的支撑作用,,光明日报·理论版,https://news.gmw.cn/2026-09/01/content_38977415.htm,2026-09-03 22:33:24
news,光明日报·理论版,光明日报·理论版,,全球发展倡议：中国实践与世界贡献,,光明日报·理论版,https://news.gmw.cn/2026-08/31/content_38974391.htm,2026-09-03 22:33:24
news,光明日报·理论版,光明日报·理论版,,数智技术赋能新时代公民道德建设,,光明日报·理论版,https://news.gmw.cn/2026-08/31/content_38974362.htm,2026-09-03 22:33:24
news,光明日报·理论版,光明日报·理论版,,百年变局下的帝国主义发展新态势,,光明日报·理论版,https://news.gmw.cn/2026-08/28/content_38968848.htm,2026-09-03 22:33:24
news,光明日报·理论版,光明日报·理论版,,【理响中国】以共通促进理解，以共情增进认同,,光明日报·理论版,https://theory.gmw.cn/2026-09/03/content_38981467.htm,2026-09-03 22:33:24
news,光明日报·理论版,光明日报·理论版,,什么样的选题能“出圈”,,光明日报·理论版,https://theory.gmw.cn/2026-08/27/content_38967933.htm,2026-09-03 22:33:24
news,光明日报·理论版,光明日报·理论版,,共建美美与共的文明百花园,,光明日报·理论版,http://theory.gmw.cn/2025-11/18/content_38406071.htm,2026-09-03 22:33:24
news,光明日报·理论版,光明日报·理论版,,展现可信、可爱、可敬的中国形象,,光明日报·理论版,http://theory.gmw.cn/2025-11/17/content_38406072.htm,2026-09-03 22:33:24
news,光明日报·理论版,光明日报·理论版,,守护好中华民族的文化瑰宝,,光明日报·理论版,http://theory.gmw.cn/2025-11/14/content_38406067.htm,2026-09-03 22:33:24
news,光明日报·理论版,光明日报·理论版,,把最好的精神食粮奉献给人民,,光明日报·理论版,http://theory.gmw.cn/2025-11/13/content_38406038.htm,2026-09-03 22:33:24
news,光明日报·理论版,光明日报·理论版,,唱响主旋律、弘扬正能量,,光明日报·理论版,http://theory.gmw.cn/2025-11/12/content_38406039.htm,2026-09-03 22:33:24
news,光明日报·理论版,光明日报·理论版,,王延中：弘扬社会主义核心价值观 铸牢中华民族共同体意识,,光明日报·理论版,https://news.gmw.cn/2026-08/16/content_38945716.htm,2026-09-03 22:33:24
news,光明日报·理论版,光明日报·理论版,,刘景凤：大力弘扬工匠精神 勇担技能报国使命,,光明日报·理论版,https://news.gmw.cn/2026-07/01/content_38860037.htm,2026-09-03 22:33:24
news,光明日报·理论版,光明日报·理论版,,彭凤莲：从六尺巷看中国传统礼让文化的当代价值,,光明日报·理论版,https://news.gmw.cn/2026-05/29/content_38796471.htm,2026-09-03 22:33:24
news,光明日报·理论版,光明日报·理论版,,朱杰人：从“第二个结合”看朱子理学的敬业之道,,光明日报·理论版,https://news.gmw.cn/2026-03/28/content_38675961.htm,2026-09-03 22:33:24
news,光明日报·理论版,光明日报·理论版,,蒋乾麟：以雷锋精神引导青少年成长成才,,光明日报·理论版,https://news.gmw.cn/2026-03/21/content_38660607.htm,2026-09-03 22:33:24
news,光明日报·理论版,光明日报·理论版,,向 勇：坚持以核心价值观为引领 推动文化和科技融合发展,,光明日报·理论版,https://news.gmw.cn/2026-01/06/content_38520301.htm,2026-09-03 22:33:24
news,光明日报·理论版,光明日报·理论版,,文史科教,,光明日报·理论版,https://theory.gmw.cn/node_10141.htm,2026-09-03 22:33:24
news,光明日报·理论版,光明日报·理论版,,国际关系,,光明日报·理论版,https://theory.gmw.cn/node_10139.htm,2026-09-03 22:33:24
news,光明日报·理论版,光明日报·理论版,,经济社会,,光明日报·理论版,https://theory.gmw.cn/node_10145.htm,2026-09-03 22:33:24
news,光明日报·理论版,光明日报·理论版,,党建政治,,光明日报·理论版,https://theory.gmw.cn/node_4227.htm,2026-09-03 22:33:24
news,光明日报·理论版,光明日报·理论版,,理论综合,,光明日报·理论版,https://theory.gmw.cn/node_4403.htm,2026-09-03 22:33:24
news,光明日报·理论版,光明日报·理论版,,锚定文化强国建设目标精准发力,,光明日报·理论版,https://theory.gmw.cn/2026-09/03/content_38982699.htm,2026-09-03 22:33:24
news,光明日报·理论版,光明日报·理论版,,场景赋能文化领域数智化转型,,光明日报·理论版,https://theory.gmw.cn/2026-09/03/content_38982674.htm,2026-09-03 22:33:24
news,光明日报·理论版,光明日报·理论版,,深刻把握新时代文化建设的理论谱系与实践路径,,光明日报·理论版,https://theory.gmw.cn/2026-09/02/content_38980848.htm,2026-09-03 22:33:24
news,光明日报·理论版,光明日报·理论版,,论人文经济学的核心范畴和基本范畴,,光明日报·理论版,https://theory.gmw.cn/2026-08/31/content_38975634.htm,2026-09-03 22:33:24
news,光明日报·理论版,光明日报·理论版,,夯实具身智能发展的人才根基,,光明日报·理论版,https://theory.gmw.cn/2026-08/31/content_38975211.htm,2026-09-03 22:33:24
news,光明日报·理论版,光明日报·理论版,,为强国建设培养更多“会创造的人”,,光明日报·理论版,https://theory.gmw.cn/2026-08/28/content_38969271.htm,2026-09-03 22:33:24
news,光明日报·理论版,光明日报·理论版,,中国机遇赋能“一带一路”高质量发展,,光明日报·理论版,https://theory.gmw.cn/2026-09/03/content_38982769.htm,2026-09-03 22:33:24
news,光明日报·理论版,光明日报·理论版,,为全球南方国家共同发展树立新标杆,,光明日报·理论版,https://theory.gmw.cn/2026-09/02/content_38981005.htm,2026-09-03 22:33:24
news,光明日报·理论版,光明日报·理论版,,文明互鉴助力人类共同发展,,光明日报·理论版,https://theory.gmw.cn/2026-08/28/content_38969226.htm,2026-09-03 22:33:24
news,光明日报·理论版,光明日报·理论版,,落实四大全球倡议 推进人工智能全球治理,,光明日报·理论版,https://theory.gmw.cn/2026-08/26/content_38964530.htm,2026-09-03 22:33:24
news,光明日报·理论版,光明日报·理论版,,中国引领人工智能全球治理的三重路径,,光明日报·理论版,https://theory.gmw.cn/2026-08/26/content_38964343.htm,2026-09-03 22:33:24
news,光明日报·理论版,光明日报·理论版,,持续稳步推进金砖合作机制建设,,光明日报·理论版,https://theory.gmw.cn/2026-08/21/content_38955689.htm,2026-09-03 22:33:24
news,光明日报·理论版,光明日报·理论版,,数转智改破解农村电商发展难题,,光明日报·理论版,https://theory.gmw.cn/2026-09/02/content_38981041.htm,2026-09-03 22:33:24
news,光明日报·理论版,光明日报·理论版,,加力扩大内需的基本逻辑和着力点,,光明日报·理论版,https://theory.gmw.cn/2026-09/02/content_38980869.htm,2026-09-03 22:33:24
news,光明日报·理论版,光明日报·理论版,,精准把握大力提振消费的深刻意涵,,光明日报·理论版,https://theory.gmw.cn/2026-09/02/content_38980784.htm,2026-09-03 22:33:24
news,光明日报·理论版,光明日报·理论版,,持续强化企业科技创新主体地位,,光明日报·理论版,https://theory.gmw.cn/2026-09/02/content_38980770.htm,2026-09-03 22:33:24
news,光明日报·理论版,光明日报·理论版,,以苦练内功应对冲击和挑战,,光明日报·理论版,https://theory.gmw.cn/2026-09/02/content_38980638.htm,2026-09-03 22:33:24
news,光明日报·理论版,光明日报·理论版,,东西部协作的学理意涵与时代价值,,光明日报·理论版,https://theory.gmw.cn/2026-09/01/content_38978532.htm,2026-09-03 22:33:24
news,光明日报·理论版,光明日报·理论版,,把党的组织优势转化为发展优势,,光明日报·理论版,https://theory.gmw.cn/2026-09/03/content_38982622.htm,2026-09-03 22:33:24
news,光明日报·理论版,光明日报·理论版,,坚持党的领导是中国特色社会主义最本质的特征,,光明日报·理论版,https://theory.gmw.cn/2026-09/03/content_38982576.htm,2026-09-03 22:33:24
news,光明日报·理论版,光明日报·理论版,,把谋事和干事有机统一起来,,光明日报·理论版,https://theory.gmw.cn/2026-09/03/content_38982565.htm,2026-09-03 22:33:24
news,光明日报·理论版,光明日报·理论版,,带着感情去做接地气的工作,,光明日报·理论版,https://theory.gmw.cn/2026-09/02/content_38980818.htm,2026-09-03 22:33:24
news,光明日报·理论版,光明日报·理论版,,深学细悟习近平党建思想“总论”,,光明日报·理论版,https://theory.gmw.cn/2026-09/02/content_38980713.htm,2026-09-03 22:33:24
news,光明日报·理论版,光明日报·理论版,,扣好正确政绩观的“第一粒扣子”,,光明日报·理论版,https://theory.gmw.cn/2026-09/02/content_38980706.htm,2026-09-03 22:33:24
news,光明日报·理论版,光明日报·理论版,,铭记伟大胜利 共创美好未来,,光明日报·理论版,https://theory.gmw.cn/2026-09/03/content_38982655.htm,2026-09-03 22:33:24
news,光明日报·理论版,光明日报·理论版,,把握完善知识产权保护制度的关键环节,,光明日报·理论版,https://theory.gmw.cn/2026-09/03/content_38982534.htm,2026-09-03 22:33:24
news,光明日报·理论版,光明日报·理论版,,习近平党建思想的法治意蕴,,光明日报·理论版,https://theory.gmw.cn/2026-09/01/content_38977794.htm,2026-09-03 22:33:24
news,光明日报·理论版,光明日报·理论版,,深刻把握高质量发展的理论内涵,,光明日报·理论版,https://theory.gmw.cn/2026-08/31/content_38975253.htm,2026-09-03 22:33:24
news,光明日报·理论版,光明日报·理论版,,让现代化建设成果更多更公平惠及全体人民,,光明日报·理论版,https://theory.gmw.cn/2026-08/31/content_38975173.htm,2026-09-03 22:33:24
news,光明日报·理论版,光明日报·理论版,,发挥廉洁文化浸润作用的路径选择,,光明日报·理论版,https://theory.gmw.cn/2026-08/28/content_38969869.htm,2026-09-03 22:33:24
news,光明日报·理论版,光明日报·理论版,,微视频：“村”字号火爆全球魅力何在,,光明日报·理论版,https://theory.gmw.cn/2026-01/02/content_38554039.htm,2026-09-03 22:33:24
news,光明日报·理论版,光明日报·理论版,,微视频：文明交响曲：每个声部都精彩,,光明日报·理论版,https://theory.gmw.cn/2026-01/01/content_38553863.htm,2026-09-03 22:33:24
news,光明日报·理论版,光明日报·理论版,,微视频：China Travel为啥成了流量密码？,,光明日报·理论版,https://theory.gmw.cn/2025-12/23/content_38492948.htm,2026-09-03 22:33:24
news,光明日报·理论版,光明日报·理论版,,微视频：中国故事怎么讲？,,光明日报·理论版,https://theory.gmw.cn/2025-12/22/content_38490383.htm,2026-09-03 22:33:24
news,光明日报·理论版,光明日报·理论版,,微视频：宋锦如何“活”在当下？,,光明日报·理论版,https://theory.gmw.cn/2025-12/19/content_38486600.htm,2026-09-03 22:33:24
news,光明日报·理论版,光明日报·理论版,,微视频：千年文脉何以生生不息？,,光明日报·理论版,http://theory.gmw.cn/2025-12/18/content_38484219.htm,2026-09-03 22:33:24
news,光明日报·理论版,光明日报·理论版,,微视频：图书馆何以成为城市的心灵港湾？,,光明日报·理论版,http://theory.gmw.cn/2025-12/17/content_38482014.htm,2026-09-03 22:33:24
news,光明日报·理论版,光明日报·理论版,,微视频：10元票价的苏超为何成为全民派对,,光明日报·理论版,http://theory.gmw.cn/2025-12/16/content_38479459.htm,2026-09-03 22:33:24
news,光明日报·理论版,光明日报·理论版,,“新新三样”扬帆出海,,光明日报·理论版,http://theory.gmw.cn/2026-08/28/content_38969243.htm,2026-09-03 22:33:24
news,光明日报·理论版,光明日报·理论版,,“妈祖”赋能全球气象预警,,光明日报·理论版,https://theory.gmw.cn/2026-08/20/content_38953145.htm,2026-09-03 22:33:24
news,光明日报·理论版,光明日报·理论版,,世界第一！40亿千瓦家底铸牢中国能源底座,,光明日报·理论版,https://theory.gmw.cn/2026-07/31/content_38919621.htm,2026-09-03 22:33:24
news,光明日报·理论版,光明日报·理论版,,数字福建探新路，乘“数”而上正当时,,光明日报·理论版,https://theory.gmw.cn/2026-07/23/content_38902786.htm,2026-09-03 22:33:24
news,光明日报·理论版,光明日报·理论版,,解码数字福建，乘势而上正青春,,光明日报·理论版,https://theory.gmw.cn/2026-07/09/content_38875718.htm,2026-09-03 22:33:24
news,光明日报·理论版,光明日报·理论版,,房子“升级” 日子“上新”,,光明日报·理论版,https://theory.gmw.cn/2026-06/26/content_38850082.htm,2026-09-03 22:33:24
news,光明日报·理论版,光明日报·理论版,,你的钱花在体验上了吗？,,光明日报·理论版,https://theory.gmw.cn/2026-06/11/content_38823502.htm,2026-09-03 22:33:24
news,光明日报·理论版,光明日报·理论版,,看“苏超”，逛“烟火”，换个花样游江苏,,光明日报·理论版,https://theory.gmw.cn/2026-06/05/content_38813506.htm,2026-09-03 22:33:24
news,光明日报·理论版,光明日报·理论版,,这碗米背后，是中国农业的“硬核实力”,,光明日报·理论版,https://theory.gmw.cn/2026-06/05/content_38813504.htm,2026-09-03 22:33:24
news,光明日报·理论版,光明日报·理论版,,假日经济“热”力全开,,光明日报·理论版,https://theory.gmw.cn/2026-05/15/content_38765000.htm,2026-09-03 22:33:24
news,光明日报·理论版,光明日报·理论版,,《习近平关于民政工作论述摘编》出版发行,,光明日报·理论版,https://theory.gmw.cn/2025-10/29/content_38376774.htm,2026-09-03 22:33:24
news,光明日报·理论版,光明日报·理论版,,习近平同志《论坚持全面深化改革》第一卷、第二卷出版发行,,光明日报·理论版,https://theory.gmw.cn/2025-10/29/content_38376742.htm,2026-09-03 22:33:24
news,光明日报·理论版,光明日报·理论版,,《习近平生态文明文选》第一卷出版发行,,光明日报·理论版,https://theory.gmw.cn/2025-10/29/content_38376771.htm,2026-09-03 22:33:24
news,光明日报·理论版,光明日报·理论版,,《习近平新时代中国特色社会主义思想学习论丛》第十一辑至第十五辑出版发行,,光明日报·理论版,https://theory.gmw.cn/2025-10/29/content_38376733.htm,2026-09-03 22:33:24
news,光明日报·理论版,光明日报·理论版,,经济学如何塑造我们的生活,,光明日报·理论版,https://theory.gmw.cn/2025-10/29/content_38373967.htm,2026-09-03 22:33:24
news,光明日报·理论版,光明日报·理论版,,《中国共产党精神史》总序,,光明日报·理论版,https://theory.gmw.cn/2026-05/29/content_38798145.htm,2026-09-03 22:33:24
news,光明日报·理论版,光明日报·理论版,,《树牢正确政绩观》出版发行,,光明日报·理论版,https://theory.gmw.cn/2026-03/01/content_38620547.htm,2026-09-03 22:33:24
news,光明日报·理论版,光明日报·理论版,,中国国际关系史研究百年,,光明日报·理论版,https://theory.gmw.cn/2025-12/01/content_38451281.htm,2026-09-03 22:33:24
news,光明日报·理论版,光明日报·理论版,,习近平党建思想理论研讨会,,光明日报·理论版,https://theory.gmw.cn/2026-07/10/content_38878904.htm,2026-09-03 22:33:24
news,光明日报·理论版,光明日报·理论版,,发展中国家国家治理高端智库论坛举办,,光明日报·理论版,https://theory.gmw.cn/2026-06/26/content_38851339.htm,2026-09-03 22:33:24
news,光明日报·理论版,光明日报·理论版,,深化党的创新理论的原理性成果研究,,光明日报·理论版,https://theory.gmw.cn/2026-06/12/content_38825126.htm,2026-09-03 22:33:24
news,光明日报·理论版,光明日报·理论版,,马克思主义理论学科自主知识体系建设,,光明日报·理论版,https://theory.gmw.cn/2026-06/10/content_38821382.htm,2026-09-03 22:33:24
news,光明日报·理论版,光明日报·理论版,,“生态文明学术周2026”系列学术活动,,光明日报·理论版,https://theory.gmw.cn/2026-06/05/content_38813860.htm,2026-09-03 22:33:24
news,光明日报·理论版,光明日报·理论版,,不断开创新时代中国史学新局面,,光明日报·理论版,https://theory.gmw.cn/2026-06/04/content_38811912.htm,2026-09-03 22:33:24
news,光明日报·理论版,光明日报·理论版,,“自主知识体系与文化自信”理论研讨会,,光明日报·理论版,https://theory.gmw.cn/2026-05/20/content_38777585.htm,2026-09-03 22:33:24
news,光明日报·理论版,光明日报·理论版,,理响中国·薪火“燃”青春,,光明日报·理论版,https://topics.gmw.cn/node_168473.htm,2026-09-03 22:33:24
news,光明日报·理论版,光明日报·理论版,,“理响中国·铿锵有理|在改革开放中开辟广阔前景暨党校公开课第十二季”,,光明日报·理论版,https://topics.gmw.cn/node_161185.htm,2026-09-03 22:33:24
news,光明日报·理论版,光明日报·理论版,,“理响中国”理论融媒体精品征集展播活动,,光明日报·理论版,https://topics.gmw.cn/node_157830.htm,2026-09-03 22:33:24
news,光明日报·理论版,光明日报·理论版,,把中国式现代化的美好图景变为现实,,光明日报·理论版,https://topics.gmw.cn/node_161019.htm,2026-09-03 22:33:24
news,光明日报·理论版,光明日报·理论版,,理响中国·实践新论,,光明日报·理论版,https://topics.gmw.cn/node_155991.htm,2026-09-03 22:33:24
news,光明日报·理论版,光明日报·理论版,,理响中国之理响新征程,,光明日报·理论版,https://topics.gmw.cn/node_153434.htm,2026-09-03 22:33:24
news,光明日报·理论版,光明日报·理论版,,时代青音·理论学者助力计划,,光明日报·理论版,https://topics.gmw.cn/node_153372.htm,2026-09-03 22:33:24
news,光明日报·理论版,光明日报·理论版,,人民网理论频道,,光明日报·理论版,http://theory.people.com.cn/,2026-09-03 22:33:24
news,光明日报·理论版,光明日报·理论版,,新华网理论频道,,光明日报·理论版,http://www.xinhuanet.com/politics/xhll.htm,2026-09-03 22:33:24
news,光明日报·理论版,光明日报·理论版,,中国社会科学网,,光明日报·理论版,http://www.cssn.cn/,2026-09-03 22:33:24
news,光明日报·理论版,光明日报·理论版,,南方网理论频道,,光明日报·理论版,http://theory.southcn.com/,2026-09-03 22:33:24
news,光明日报·理论版,光明日报·理论版,,齐鲁网理论频道,,光明日报·理论版,http://theory.iqilu.com/,2026-09-03 22:33:24
news,光明日报·理论版,光明日报·理论版,,宣讲家网,,光明日报·理论版,http://www.71.cn/,2026-09-03 22:33:24
news,光明日报·理论版,光明日报·理论版,,大众网理论频道,,光明日报·理论版,http://www.dzllzg.com/,2026-09-03 22:33:24
news,光明日报·理论版,光明日报·理论版,,https://iwaes.gmw.cn,,光明日报·理论版,https://iwaes.gmw.cn,2026-09-03 22:33:24
news,光明日报·理论版,光明日报·理论版,,gmwll@gmw.cn,,光明日报·理论版,mailto:gmwll@gmw.cn,2026-09-03 22:33:24
news,光明日报·理论版,光明日报·理论版,,手机光明网,,光明日报·理论版,https://m.gmw.cn/,2026-09-03 22:33:24
news,光明日报·理论版,光明日报·理论版,,光明日报社概况,,光明日报·理论版,https://about.gmw.cn/node_21441.htm,2026-09-03 22:33:24
news,光明日报·理论版,光明日报·理论版,,光明网邮箱,,光明日报·理论版,https://mail.gmw.cn/,2026-09-03 22:33:24
news,光明日报·理论版,光明日报·理论版,,光明网专论,,光明日报·理论版,https://theory.gmw.cn/node_97034.htm,2026-09-04 22:33:36
news,光明日报·理论版,光明日报·理论版,,大力推进科技创新 积极培育和发展新质生产力,,光明日报·理论版,https://news.gmw.cn/2026-08/27/content_38966316.htm,2026-09-04 22:33:36
news,光明日报·理论版,光明日报·理论版,,抢抓人工智能发展历史机遇,,光明日报·理论版,https://news.gmw.cn/2026-08/25/content_38961569.htm,2026-09-04 22:33:36
news,光明日报·理论版,光明日报·理论版,,加快推进数智技术赋能高校文化出海,,光明日报·理论版,https://news.gmw.cn/2026-08/25/content_38961689.htm,2026-09-04 22:33:36
news,光明日报·理论版,光明日报·理论版,,数智技术赋能文化遗产保护传承,,光明日报·理论版,https://news.gmw.cn/2026-08/25/content_38961720.htm,2026-09-04 22:33:36
news,光明日报·理论版,光明日报·理论版,,江泽民有关社会建设系列论述的理论内涵与时代价值,,光明日报·理论版,https://theory.gmw.cn/2026-08/19/content_38951390.htm,2026-09-04 22:33:36
news,光明日报·理论版,光明日报·理论版,,首份消费领域国家级专项规划的战略深意,,光明日报·理论版,https://theory.gmw.cn/2026-08/04/content_38925645.htm,2026-09-04 22:33:36
news,光明日报·理论版,光明日报·理论版,,跨越文化间距 全面提升国际传播效能,,光明日报·理论版,https://theory.gmw.cn/2026-04/09/content_38697892.htm,2026-09-04 22:33:36
news,光明日报·理论版,光明日报·理论版,,“理响中国·文化旗帜”党校公开课第14季,,光明日报·理论版,https://topics.gmw.cn/node_166993.htm,2026-09-04 22:33:36
news,光明日报·理论版,光明日报·理论版,,理响中国·铿锵有理|经济向好有底气,,光明日报·理论版,https://topics.gmw.cn/node_166533.htm,2026-09-04 22:33:36
news,光明日报·理论版,光明日报·理论版,,人文经济学,,光明日报·理论版,https://topics.gmw.cn/node_165153.htm,2026-09-04 22:33:36
news,光明日报·理论版,光明日报·理论版,,理响中国·春江水暖鸭先知,,光明日报·理论版,https://topics.gmw.cn/node_164576.htm,2026-09-04 22:33:36
news,光明日报·理论版,光明日报·理论版,,把中国式现代化美好图景变为现实,,光明日报·理论版,https://topics.gmw.cn/node_161019.htm,2026-09-04 22:33:36
news,光明日报·理论版,光明日报·理论版,,在改革开放中开辟广阔前景,,光明日报·理论版,https://topics.gmw.cn/node_161185.htm,2026-09-04 22:33:36
news,光明日报·理论版,光明日报·理论版,,从“一出戏”到“一座城”，演艺新空间培育消费新动能,,光明日报·理论版,https://theory.gmw.cn/2026-08/14/content_38943596.htm,2026-09-04 22:33:36
news,光明日报·理论版,光明日报·理论版,,高标准劳动力市场体系支撑未来产业培育,,光明日报·理论版,https://theory.gmw.cn/2026-06/23/content_38843308.htm,2026-09-04 22:33:36
news,光明日报·理论版,光明日报·理论版,,AI时代的就业政策重在“组合拳”,,光明日报·理论版,https://theory.gmw.cn/2026-06/10/content_38821275.htm,2026-09-04 22:33:36
news,光明日报·理论版,光明日报·理论版,,推动城市低空经济安全可持续发展,,光明日报·理论版,https://theory.gmw.cn/2026-06/01/content_38804681.htm,2026-09-04 22:33:36
news,光明日报·理论版,光明日报·理论版,,旅居热潮背后的消费新蓝海,,光明日报·理论版,https://theory.gmw.cn/2026-05/20/content_38777128.htm,2026-09-04 22:33:36
news,光明日报·理论版,光明日报·理论版,,加快推进科技创新发展,,光明日报·理论版,https://theory.gmw.cn/2026-09/04/content_38985024.htm,2026-09-04 22:33:36
news,光明日报·理论版,光明日报·理论版,,[详情],,光明日报·理论版,https://theory.gmw.cn/2026-09/04/content_38985024.htm,2026-09-04 22:33:36
news,光明日报·理论版,光明日报·理论版,,坚持和加强党的全面领导,,光明日报·理论版,https://theory.gmw.cn/2026-09/03/content_38983141.htm,2026-09-04 22:33:36
news,光明日报·理论版,光明日报·理论版,,精准把握大力提振消费深刻意涵,,光明日报·理论版,https://theory.gmw.cn/2026-09/02/content_38981155.htm,2026-09-04 22:33:36
news,光明日报·理论版,光明日报·理论版,,固根基守正道 破藩篱开新局,,光明日报·理论版,https://theory.gmw.cn/2026-08/12/content_38940220.htm,2026-09-04 22:33:36
news,光明日报·理论版,光明日报·理论版,,[详情],,光明日报·理论版,https://theory.gmw.cn/2026-08/12/content_38940220.htm,2026-09-04 22:33:36
news,光明日报·理论版,光明日报·理论版,,统筹网络理论传播的守正与创新,,光明日报·理论版,https://theory.gmw.cn/2026-09/04/content_38984997.htm,2026-09-04 22:33:36
news,光明日报·理论版,光明日报·理论版,,中国的能源“家底”有多厚,,光明日报·理论版,https://theory.gmw.cn/2026-09/04/content_38984594.htm,2026-09-04 22:33:36
news,光明日报·理论版,光明日报·理论版,,高收入与发达经济体,,光明日报·理论版,https://theory.gmw.cn/2026-09/02/content_38981170.htm,2026-09-04 22:33:36
news,光明日报·理论版,光明日报·理论版,,认清中国发展的真实定位,,光明日报·理论版,https://theory.gmw.cn/2026-09/02/content_38981149.htm,2026-09-04 22:33:36
news,光明日报·理论版,光明日报·理论版,,从“中国游”热潮看中国故事的流量密码,,光明日报·理论版,https://theory.gmw.cn/2026-09/02/content_38969914.htm,2026-09-04 22:33:36
news,光明日报·理论版,光明日报·理论版,,《资本论》时间范畴的三重维度,,光明日报·理论版,https://news.gmw.cn/2026-09/04/content_38984028.htm,2026-09-04 22:33:36
news,光明日报·理论版,光明日报·理论版,,略论人工智能与知识生产,,光明日报·理论版,https://news.gmw.cn/2026-09/04/content_38984027.htm,2026-09-04 22:33:36
news,光明日报·理论版,光明日报·理论版,,统筹推进网络空间安全综合治理,,光明日报·理论版,https://news.gmw.cn/2026-09/04/content_38984026.htm,2026-09-04 22:33:36
news,光明日报·理论版,光明日报·理论版,,中国古代小说的体性及其情感文化承载,,光明日报·理论版,https://news.gmw.cn/2026-09/02/content_38980226.htm,2026-09-04 22:33:36
news,光明日报·理论版,光明日报·理论版,,一代有一代之词——谈明词的经典化问题,,光明日报·理论版,https://news.gmw.cn/2026-09/02/content_38980225.htm,2026-09-04 22:33:36
news,光明日报·理论版,光明日报·理论版,,习近平党建思想对世界政党建设的启示,,光明日报·理论版,https://news.gmw.cn/2026-09/01/content_38977416.htm,2026-09-04 22:33:36
news,光明日报·理论版,光明日报·理论版,,强化教育对科技和人才的支撑作用,,光明日报·理论版,https://news.gmw.cn/2026-09/01/content_38977415.htm,2026-09-04 22:33:36
news,光明日报·理论版,光明日报·理论版,,【理响中国】以共通促进理解，以共情增进认同,,光明日报·理论版,https://theory.gmw.cn/2026-09/03/content_38981467.htm,2026-09-04 22:33:36
news,光明日报·理论版,光明日报·理论版,,什么样的选题能“出圈”,,光明日报·理论版,https://theory.gmw.cn/2026-08/27/content_38967933.htm,2026-09-04 22:33:36
news,光明日报·理论版,光明日报·理论版,,共建美美与共的文明百花园,,光明日报·理论版,http://theory.gmw.cn/2025-11/18/content_38406071.htm,2026-09-04 22:33:36
news,光明日报·理论版,光明日报·理论版,,展现可信、可爱、可敬的中国形象,,光明日报·理论版,http://theory.gmw.cn/2025-11/17/content_38406072.htm,2026-09-04 22:33:36
news,光明日报·理论版,光明日报·理论版,,守护好中华民族的文化瑰宝,,光明日报·理论版,http://theory.gmw.cn/2025-11/14/content_38406067.htm,2026-09-04 22:33:36
news,光明日报·理论版,光明日报·理论版,,把最好的精神食粮奉献给人民,,光明日报·理论版,http://theory.gmw.cn/2025-11/13/content_38406038.htm,2026-09-04 22:33:36
news,光明日报·理论版,光明日报·理论版,,唱响主旋律、弘扬正能量,,光明日报·理论版,http://theory.gmw.cn/2025-11/12/content_38406039.htm,2026-09-04 22:33:36
news,光明日报·理论版,光明日报·理论版,,王延中：弘扬社会主义核心价值观 铸牢中华民族共同体意识,,光明日报·理论版,https://news.gmw.cn/2026-08/16/content_38945716.htm,2026-09-04 22:33:36
news,光明日报·理论版,光明日报·理论版,,刘景凤：大力弘扬工匠精神 勇担技能报国使命,,光明日报·理论版,https://news.gmw.cn/2026-07/01/content_38860037.htm,2026-09-04 22:33:36
news,光明日报·理论版,光明日报·理论版,,彭凤莲：从六尺巷看中国传统礼让文化的当代价值,,光明日报·理论版,https://news.gmw.cn/2026-05/29/content_38796471.htm,2026-09-04 22:33:36
news,光明日报·理论版,光明日报·理论版,,朱杰人：从“第二个结合”看朱子理学的敬业之道,,光明日报·理论版,https://news.gmw.cn/2026-03/28/content_38675961.htm,2026-09-04 22:33:36
news,光明日报·理论版,光明日报·理论版,,蒋乾麟：以雷锋精神引导青少年成长成才,,光明日报·理论版,https://news.gmw.cn/2026-03/21/content_38660607.htm,2026-09-04 22:33:36
news,光明日报·理论版,光明日报·理论版,,向 勇：坚持以核心价值观为引领 推动文化和科技融合发展,,光明日报·理论版,https://news.gmw.cn/2026-01/06/content_38520301.htm,2026-09-04 22:33:36
news,光明日报·理论版,光明日报·理论版,,文史科教,,光明日报·理论版,https://theory.gmw.cn/node_10141.htm,2026-09-04 22:33:36
news,光明日报·理论版,光明日报·理论版,,国际关系,,光明日报·理论版,https://theory.gmw.cn/node_10139.htm,2026-09-04 22:33:36
news,光明日报·理论版,光明日报·理论版,,经济社会,,光明日报·理论版,https://theory.gmw.cn/node_10145.htm,2026-09-04 22:33:36
news,光明日报·理论版,光明日报·理论版,,党建政治,,光明日报·理论版,https://theory.gmw.cn/node_4227.htm,2026-09-04 22:33:36
news,光明日报·理论版,光明日报·理论版,,理论综合,,光明日报·理论版,https://theory.gmw.cn/node_4403.htm,2026-09-04 22:33:36
news,光明日报·理论版,光明日报·理论版,,推动人工智能与终身教育深度融合,,光明日报·理论版,https://theory.gmw.cn/2026-09/04/content_38984698.htm,2026-09-04 22:33:36
news,光明日报·理论版,光明日报·理论版,,锚定文化强国建设目标精准发力,,光明日报·理论版,https://theory.gmw.cn/2026-09/03/content_38982699.htm,2026-09-04 22:33:36
news,光明日报·理论版,光明日报·理论版,,场景赋能文化领域数智化转型,,光明日报·理论版,https://theory.gmw.cn/2026-09/03/content_38982674.htm,2026-09-04 22:33:36
news,光明日报·理论版,光明日报·理论版,,深刻把握新时代文化建设的理论谱系与实践路径,,光明日报·理论版,https://theory.gmw.cn/2026-09/02/content_38980848.htm,2026-09-04 22:33:36
news,光明日报·理论版,光明日报·理论版,,论人文经济学的核心范畴和基本范畴,,光明日报·理论版,https://theory.gmw.cn/2026-08/31/content_38975634.htm,2026-09-04 22:33:36
news,光明日报·理论版,光明日报·理论版,,夯实具身智能发展的人才根基,,光明日报·理论版,https://theory.gmw.cn/2026-08/31/content_38975211.htm,2026-09-04 22:33:36
news,光明日报·理论版,光明日报·理论版,,全球治理倡议何以促进国际认同,,光明日报·理论版,https://theory.gmw.cn/2026-09/04/content_38984648.htm,2026-09-04 22:33:36
news,光明日报·理论版,光明日报·理论版,,中国机遇赋能“一带一路”高质量发展,,光明日报·理论版,https://theory.gmw.cn/2026-09/03/content_38982769.htm,2026-09-04 22:33:36
news,光明日报·理论版,光明日报·理论版,,为全球南方国家共同发展树立新标杆,,光明日报·理论版,https://theory.gmw.cn/2026-09/02/content_38981005.htm,2026-09-04 22:33:36
news,光明日报·理论版,光明日报·理论版,,文明互鉴助力人类共同发展,,光明日报·理论版,https://theory.gmw.cn/2026-08/28/content_38969226.htm,2026-09-04 22:33:36
news,光明日报·理论版,光明日报·理论版,,落实四大全球倡议 推进人工智能全球治理,,光明日报·理论版,https://theory.gmw.cn/2026-08/26/content_38964530.htm,2026-09-04 22:33:36
news,光明日报·理论版,光明日报·理论版,,中国引领人工智能全球治理的三重路径,,光明日报·理论版,https://theory.gmw.cn/2026-08/26/content_38964343.htm,2026-09-04 22:33:36
news,光明日报·理论版,光明日报·理论版,,更好推动人工智能赋能健康产业,,光明日报·理论版,https://theory.gmw.cn/2026-09/04/content_38984588.htm,2026-09-04 22:33:36
news,光明日报·理论版,光明日报·理论版,,创新投融资护航“六张网”建设,,光明日报·理论版,https://theory.gmw.cn/2026-09/04/content_38984534.htm,2026-09-04 22:33:36
news,光明日报·理论版,光明日报·理论版,,构建中国工商管理学自主知识体系的着力点,,光明日报·理论版,https://theory.gmw.cn/2026-09/04/content_38984413.htm,2026-09-04 22:33:36
news,光明日报·理论版,光明日报·理论版,,数转智改破解农村电商发展难题,,光明日报·理论版,https://theory.gmw.cn/2026-09/02/content_38981041.htm,2026-09-04 22:33:36
news,光明日报·理论版,光明日报·理论版,,加力扩大内需的基本逻辑和着力点,,光明日报·理论版,https://theory.gmw.cn/2026-09/02/content_38980869.htm,2026-09-04 22:33:36
news,光明日报·理论版,光明日报·理论版,,精准把握大力提振消费的深刻意涵,,光明日报·理论版,https://theory.gmw.cn/2026-09/02/content_38980784.htm,2026-09-04 22:33:36
news,光明日报·理论版,光明日报·理论版,,坚持推进作风建设常态化长效化,,光明日报·理论版,https://theory.gmw.cn/2026-09/04/content_38984684.htm,2026-09-04 22:33:36
news,光明日报·理论版,光明日报·理论版,,作风建设永远在路上,,光明日报·理论版,https://theory.gmw.cn/2026-09/04/content_38984638.htm,2026-09-04 22:33:36
news,光明日报·理论版,光明日报·理论版,,坚持党中央集中统一领导,,光明日报·理论版,https://theory.gmw.cn/2026-09/04/content_38984432.htm,2026-09-04 22:33:36
news,光明日报·理论版,光明日报·理论版,,把党的组织优势转化为发展优势,,光明日报·理论版,https://theory.gmw.cn/2026-09/03/content_38982622.htm,2026-09-04 22:33:36
news,光明日报·理论版,光明日报·理论版,,坚持党的领导是中国特色社会主义最本质的特征,,光明日报·理论版,https://theory.gmw.cn/2026-09/03/content_38982576.htm,2026-09-04 22:33:36
news,光明日报·理论版,光明日报·理论版,,把谋事和干事有机统一起来,,光明日报·理论版,https://theory.gmw.cn/2026-09/03/content_38982565.htm,2026-09-04 22:33:36
news,光明日报·理论版,光明日报·理论版,,营造开放包容宽容失败的创新环境,,光明日报·理论版,https://theory.gmw.cn/2026-09/04/content_38984626.htm,2026-09-04 22:33:36
news,光明日报·理论版,光明日报·理论版,,铭记伟大胜利 共创美好未来,,光明日报·理论版,https://theory.gmw.cn/2026-09/03/content_38982655.htm,2026-09-04 22:33:36
news,光明日报·理论版,光明日报·理论版,,把握完善知识产权保护制度的关键环节,,光明日报·理论版,https://theory.gmw.cn/2026-09/03/content_38982534.htm,2026-09-04 22:33:36
news,光明日报·理论版,光明日报·理论版,,习近平党建思想的法治意蕴,,光明日报·理论版,https://theory.gmw.cn/2026-09/01/content_38977794.htm,2026-09-04 22:33:36
news,光明日报·理论版,光明日报·理论版,,深刻把握高质量发展的理论内涵,,光明日报·理论版,https://theory.gmw.cn/2026-08/31/content_38975253.htm,2026-09-04 22:33:36
news,光明日报·理论版,光明日报·理论版,,让现代化建设成果更多更公平惠及全体人民,,光明日报·理论版,https://theory.gmw.cn/2026-08/31/content_38975173.htm,2026-09-04 22:33:36
news,光明日报·理论版,光明日报·理论版,,微视频：“村”字号火爆全球魅力何在,,光明日报·理论版,https://theory.gmw.cn/2026-01/02/content_38554039.htm,2026-09-04 22:33:36
news,光明日报·理论版,光明日报·理论版,,微视频：文明交响曲：每个声部都精彩,,光明日报·理论版,https://theory.gmw.cn/2026-01/01/content_38553863.htm,2026-09-04 22:33:36
news,光明日报·理论版,光明日报·理论版,,微视频：China Travel为啥成了流量密码？,,光明日报·理论版,https://theory.gmw.cn/2025-12/23/content_38492948.htm,2026-09-04 22:33:36
news,光明日报·理论版,光明日报·理论版,,微视频：中国故事怎么讲？,,光明日报·理论版,https://theory.gmw.cn/2025-12/22/content_38490383.htm,2026-09-04 22:33:36
news,光明日报·理论版,光明日报·理论版,,微视频：宋锦如何“活”在当下？,,光明日报·理论版,https://theory.gmw.cn/2025-12/19/content_38486600.htm,2026-09-04 22:33:36
news,光明日报·理论版,光明日报·理论版,,微视频：千年文脉何以生生不息？,,光明日报·理论版,http://theory.gmw.cn/2025-12/18/content_38484219.htm,2026-09-04 22:33:36
news,光明日报·理论版,光明日报·理论版,,微视频：图书馆何以成为城市的心灵港湾？,,光明日报·理论版,http://theory.gmw.cn/2025-12/17/content_38482014.htm,2026-09-04 22:33:36
news,光明日报·理论版,光明日报·理论版,,微视频：10元票价的苏超为何成为全民派对,,光明日报·理论版,http://theory.gmw.cn/2025-12/16/content_38479459.htm,2026-09-04 22:33:36
news,光明日报·理论版,光明日报·理论版,,“新新三样”扬帆出海,,光明日报·理论版,http://theory.gmw.cn/2026-08/28/content_38969243.htm,2026-09-04 22:33:36
news,光明日报·理论版,光明日报·理论版,,“妈祖”赋能全球气象预警,,光明日报·理论版,https://theory.gmw.cn/2026-08/20/content_38953145.htm,2026-09-04 22:33:36
news,光明日报·理论版,光明日报·理论版,,世界第一！40亿千瓦家底铸牢中国能源底座,,光明日报·理论版,https://theory.gmw.cn/2026-07/31/content_38919621.htm,2026-09-04 22:33:36
news,光明日报·理论版,光明日报·理论版,,数字福建探新路，乘“数”而上正当时,,光明日报·理论版,https://theory.gmw.cn/2026-07/23/content_38902786.htm,2026-09-04 22:33:36
news,光明日报·理论版,光明日报·理论版,,解码数字福建，乘势而上正青春,,光明日报·理论版,https://theory.gmw.cn/2026-07/09/content_38875718.htm,2026-09-04 22:33:36
news,光明日报·理论版,光明日报·理论版,,房子“升级” 日子“上新”,,光明日报·理论版,https://theory.gmw.cn/2026-06/26/content_38850082.htm,2026-09-04 22:33:36
news,光明日报·理论版,光明日报·理论版,,你的钱花在体验上了吗？,,光明日报·理论版,https://theory.gmw.cn/2026-06/11/content_38823502.htm,2026-09-04 22:33:36
news,光明日报·理论版,光明日报·理论版,,看“苏超”，逛“烟火”，换个花样游江苏,,光明日报·理论版,https://theory.gmw.cn/2026-06/05/content_38813506.htm,2026-09-04 22:33:36
news,光明日报·理论版,光明日报·理论版,,这碗米背后，是中国农业的“硬核实力”,,光明日报·理论版,https://theory.gmw.cn/2026-06/05/content_38813504.htm,2026-09-04 22:33:36
news,光明日报·理论版,光明日报·理论版,,假日经济“热”力全开,,光明日报·理论版,https://theory.gmw.cn/2026-05/15/content_38765000.htm,2026-09-04 22:33:36
news,光明日报·理论版,光明日报·理论版,,《习近平关于民政工作论述摘编》出版发行,,光明日报·理论版,https://theory.gmw.cn/2025-10/29/content_38376774.htm,2026-09-04 22:33:36
news,光明日报·理论版,光明日报·理论版,,习近平同志《论坚持全面深化改革》第一卷、第二卷出版发行,,光明日报·理论版,https://theory.gmw.cn/2025-10/29/content_38376742.htm,2026-09-04 22:33:36
news,光明日报·理论版,光明日报·理论版,,《习近平生态文明文选》第一卷出版发行,,光明日报·理论版,https://theory.gmw.cn/2025-10/29/content_38376771.htm,2026-09-04 22:33:36
news,光明日报·理论版,光明日报·理论版,,《习近平新时代中国特色社会主义思想学习论丛》第十一辑至第十五辑出版发行,,光明日报·理论版,https://theory.gmw.cn/2025-10/29/content_38376733.htm,2026-09-04 22:33:36
news,光明日报·理论版,光明日报·理论版,,经济学如何塑造我们的生活,,光明日报·理论版,https://theory.gmw.cn/2025-10/29/content_38373967.htm,2026-09-04 22:33:36
news,光明日报·理论版,光明日报·理论版,,《中国共产党精神史》总序,,光明日报·理论版,https://theory.gmw.cn/2026-05/29/content_38798145.htm,2026-09-04 22:33:36
news,光明日报·理论版,光明日报·理论版,,《树牢正确政绩观》出版发行,,光明日报·理论版,https://theory.gmw.cn/2026-03/01/content_38620547.htm,2026-09-04 22:33:36
news,光明日报·理论版,光明日报·理论版,,中国国际关系史研究百年,,光明日报·理论版,https://theory.gmw.cn/2025-12/01/content_38451281.htm,2026-09-04 22:33:36
news,光明日报·理论版,光明日报·理论版,,习近平党建思想理论研讨会,,光明日报·理论版,https://theory.gmw.cn/2026-07/10/content_38878904.htm,2026-09-04 22:33:36
news,光明日报·理论版,光明日报·理论版,,发展中国家国家治理高端智库论坛举办,,光明日报·理论版,https://theory.gmw.cn/2026-06/26/content_38851339.htm,2026-09-04 22:33:36
news,光明日报·理论版,光明日报·理论版,,深化党的创新理论的原理性成果研究,,光明日报·理论版,https://theory.gmw.cn/2026-06/12/content_38825126.htm,2026-09-04 22:33:36
news,光明日报·理论版,光明日报·理论版,,马克思主义理论学科自主知识体系建设,,光明日报·理论版,https://theory.gmw.cn/2026-06/10/content_38821382.htm,2026-09-04 22:33:36
news,光明日报·理论版,光明日报·理论版,,“生态文明学术周2026”系列学术活动,,光明日报·理论版,https://theory.gmw.cn/2026-06/05/content_38813860.htm,2026-09-04 22:33:36
news,光明日报·理论版,光明日报·理论版,,不断开创新时代中国史学新局面,,光明日报·理论版,https://theory.gmw.cn/2026-06/04/content_38811912.htm,2026-09-04 22:33:36
news,光明日报·理论版,光明日报·理论版,,“自主知识体系与文化自信”理论研讨会,,光明日报·理论版,https://theory.gmw.cn/2026-05/20/content_38777585.htm,2026-09-04 22:33:36
news,光明日报·理论版,光明日报·理论版,,理响中国·薪火“燃”青春,,光明日报·理论版,https://topics.gmw.cn/node_168473.htm,2026-09-04 22:33:36
news,光明日报·理论版,光明日报·理论版,,“理响中国·铿锵有理|在改革开放中开辟广阔前景暨党校公开课第十二季”,,光明日报·理论版,https://topics.gmw.cn/node_161185.htm,2026-09-04 22:33:36
news,光明日报·理论版,光明日报·理论版,,“理响中国”理论融媒体精品征集展播活动,,光明日报·理论版,https://topics.gmw.cn/node_157830.htm,2026-09-04 22:33:36
news,光明日报·理论版,光明日报·理论版,,把中国式现代化的美好图景变为现实,,光明日报·理论版,https://topics.gmw.cn/node_161019.htm,2026-09-04 22:33:36
news,光明日报·理论版,光明日报·理论版,,理响中国·实践新论,,光明日报·理论版,https://topics.gmw.cn/node_155991.htm,2026-09-04 22:33:36
news,光明日报·理论版,光明日报·理论版,,理响中国之理响新征程,,光明日报·理论版,https://topics.gmw.cn/node_153434.htm,2026-09-04 22:33:36
news,光明日报·理论版,光明日报·理论版,,时代青音·理论学者助力计划,,光明日报·理论版,https://topics.gmw.cn/node_153372.htm,2026-09-04 22:33:36
news,光明日报·理论版,光明日报·理论版,,人民网理论频道,,光明日报·理论版,http://theory.people.com.cn/,2026-09-04 22:33:36
news,光明日报·理论版,光明日报·理论版,,新华网理论频道,,光明日报·理论版,http://www.xinhuanet.com/politics/xhll.htm,2026-09-04 22:33:36
news,光明日报·理论版,光明日报·理论版,,中国社会科学网,,光明日报·理论版,http://www.cssn.cn/,2026-09-04 22:33:36
news,光明日报·理论版,光明日报·理论版,,南方网理论频道,,光明日报·理论版,http://theory.southcn.com/,2026-09-04 22:33:36
news,光明日报·理论版,光明日报·理论版,,齐鲁网理论频道,,光明日报·理论版,http://theory.iqilu.com/,2026-09-04 22:33:36
news,光明日报·理论版,光明日报·理论版,,宣讲家网,,光明日报·理论版,http://www.71.cn/,2026-09-04 22:33:36
news,光明日报·理论版,光明日报·理论版,,大众网理论频道,,光明日报·理论版,http://www.dzllzg.com/,2026-09-04 22:33:36
news,光明日报·理论版,光明日报·理论版,,https://iwaes.gmw.cn,,光明日报·理论版,https://iwaes.gmw.cn,2026-09-04 22:33:36
news,光明日报·理论版,光明日报·理论版,,gmwll@gmw.cn,,光明日报·理论版,mailto:gmwll@gmw.cn,2026-09-04 22:33:36
news,光明日报·理论版,光明日报·理论版,,手机光明网,,光明日报·理论版,https://m.gmw.cn/,2026-09-04 22:33:36
news,光明日报·理论版,光明日报·理论版,,光明日报社概况,,光明日报·理论版,https://about.gmw.cn/node_21441.htm,2026-09-04 22:33:36
news,光明日报·理论版,光明日报·理论版,,光明网邮箱,,光明日报·理论版,https://mail.gmw.cn/,2026-09-04 22:33:36
